an,materie,materie_label,sesiune,sesiune_label,tip,fisier,cale,marime_bytes,sha256
2012,biologie,Biologie,sesiune-iunie-iulie,Sesiunea iunie-iulie,barem,2012-iunie-iulie-anatomie-fiziologie-barem.pdf,bac/2012/biologie/sesiune-iunie-iulie/2012-iunie-iulie-anatomie-fiziologie-barem.pdf,78343,93702cc10ceec74553869922f0bbcaf94abc55d4a630db1044ea68f8e8108260
2012,biologie,Biologie,sesiune-iunie-iulie,Sesiunea iunie-iulie,subiect,2012-iunie-iulie-anatomie-fiziologie-subiect.pdf,bac/2012/biologie/sesiune-iunie-iulie/2012-iunie-iulie-anatomie-fiziologie-subiect.pdf,92845,138e6ef0b0f09fbbfb44fd1949684989ec03494d38416801804e74ecf4e42acc
2012,biologie,Biologie,sesiune-iunie-iulie,Sesiunea iunie-iulie,barem,2012-iunie-iulie-vegetala-animala-barem.pdf,bac/2012/biologie/sesiune-iunie-iulie/2012-iunie-iulie-vegetala-animala-barem.pdf,75330,fd9537cbf65ef9f5a37b5d8d90ee71c2ac70cecc6d80ef44b69dd1a8ad4f32b2
2012,biologie,Biologie,sesiune-iunie-iulie,Sesiunea iunie-iulie,subiect,2012-iunie-iulie-vegetala-animala-subiect.pdf,bac/2012/biologie/sesiune-iunie-iulie/2012-iunie-iulie-vegetala-animala-subiect.pdf,97598,ac75c6c5a02a6749ba57239bea3c8d56c92b1d7f5b9fa0ee16b34cda32b678e3
2012,chimie,Chimie,sesiune-iunie-iulie,Sesiunea iunie-iulie,barem,2012-iunie-iulie-anorganica-barem.pdf,bac/2012/chimie/sesiune-iunie-iulie/2012-iunie-iulie-anorganica-barem.pdf,87373,c118ef9f94b323ccfd83560e17bbb0c1aed36a829c50f78e7794a42af02de30b
2012,chimie,Chimie,sesiune-iunie-iulie,Sesiunea iunie-iulie,subiect,2012-iunie-iulie-anorganica-subiect.pdf,bac/2012/chimie/sesiune-iunie-iulie/2012-iunie-iulie-anorganica-subiect.pdf,148499,7be1a7754657d99166b6d66c521165c352349a96a6a4be162d3e9354c3706261
2012,chimie,Chimie,sesiune-iunie-iulie,Sesiunea iunie-iulie,barem,2012-iunie-iulie-organica-barem.pdf,bac/2012/chimie/sesiune-iunie-iulie/2012-iunie-iulie-organica-barem.pdf,86743,4df11800e71305ca2d5e8d56c7c038dbb88de1a80cc4b108b77c3b9813db439c
2012,chimie,Chimie,sesiune-iunie-iulie,Sesiunea iunie-iulie,subiect,2012-iunie-iulie-organica-subiect.pdf,bac/2012/chimie/sesiune-iunie-iulie/2012-iunie-iulie-organica-subiect.pdf,161476,1c9050aa8aca7550b18efd81a8dd42646a7b88fb037e95ed56df9f3cb774c7b5
2013,biologie,Biologie,sesiune-iunie-iulie,Sesiunea iunie-iulie,barem,2013-iunie-iulie-anatomie-fiziologie-barem.pdf,bac/2013/biologie/sesiune-iunie-iulie/2013-iunie-iulie-anatomie-fiziologie-barem.pdf,32123,4994d732ac45ea4d7fc8008d3f251b91b50a29f8583ff0f573491104f123395c
2013,biologie,Biologie,sesiune-iunie-iulie,Sesiunea iunie-iulie,subiect,2013-iunie-iulie-anatomie-fiziologie-subiect.pdf,bac/2013/biologie/sesiune-iunie-iulie/2013-iunie-iulie-anatomie-fiziologie-subiect.pdf,32540,17ff4bbe816ba2b73f66c5253be94a78e14db4a020a1a168f49c43e17ae39db3
2013,biologie,Biologie,sesiune-iunie-iulie,Sesiunea iunie-iulie,barem,2013-iunie-iulie-vegetala-animala-barem.pdf,bac/2013/biologie/sesiune-iunie-iulie/2013-iunie-iulie-vegetala-animala-barem.pdf,26660,dac5327b19c246a3015de196529dd36306b01b70c306543238a499c603e2f7c1
2013,biologie,Biologie,sesiune-iunie-iulie,Sesiunea iunie-iulie,subiect,2013-iunie-iulie-vegetala-animala-subiect.pdf,bac/2013/biologie/sesiune-iunie-iulie/2013-iunie-iulie-vegetala-animala-subiect.pdf,36698,30993fe078e7cddc95673d8b647385c8b15d74fcbd517e16451fcfaf800dd751
2013,biologie,Biologie,sesiune-speciala,Sesiunea speciala,barem,2013-speciala-anatomie-fiziologie-barem.pdf,bac/2013/biologie/sesiune-speciala/2013-speciala-anatomie-fiziologie-barem.pdf,79455,e80e5240c04527b5471ee464f1846831b497f145465d1deb9e0a2183312cbc2b
2013,biologie,Biologie,sesiune-speciala,Sesiunea speciala,subiect,2013-speciala-anatomie-fiziologie-subiect.pdf,bac/2013/biologie/sesiune-speciala/2013-speciala-anatomie-fiziologie-subiect.pdf,95585,799f061fcaa8ca3c07bab2ed780dcfdb5d32a7407a304684b99168e0bd33e226
2013,biologie,Biologie,sesiune-speciala,Sesiunea speciala,barem,2013-speciala-vegetala-animala-barem.pdf,bac/2013/biologie/sesiune-speciala/2013-speciala-vegetala-animala-barem.pdf,73723,1b60f441cecaa2e296bf4bb7aecb30a681b98230ed05cde51ef67a47a5757232
2013,biologie,Biologie,sesiune-speciala,Sesiunea speciala,subiect,2013-speciala-vegetala-animala-subiect.pdf,bac/2013/biologie/sesiune-speciala/2013-speciala-vegetala-animala-subiect.pdf,91450,cb5bb63a7be6f573dd48f7911b527ae8ac1a614592fbaba74882008b5c94c9a6
2013,chimie,Chimie,sesiune-iunie-iulie,Sesiunea iunie-iulie,barem,2013-iunie-iulie-anorganica-tehnologic-barem.pdf,bac/2013/chimie/sesiune-iunie-iulie/2013-iunie-iulie-anorganica-tehnologic-barem.pdf,43735,d5274a26821e702932faf455a8f91b296e6109c27f6f4ce08a37b77b04307be4
2013,chimie,Chimie,sesiune-iunie-iulie,Sesiunea iunie-iulie,subiect,2013-iunie-iulie-anorganica-tehnologic-subiect.pdf,bac/2013/chimie/sesiune-iunie-iulie/2013-iunie-iulie-anorganica-tehnologic-subiect.pdf,138226,1e4a3a0b155fb5e2d295a324ea743e45db8482837d215aae72affc373262eefb
2013,chimie,Chimie,sesiune-iunie-iulie,Sesiunea iunie-iulie,barem,2013-iunie-iulie-anorganica-teoretic-barem.pdf,bac/2013/chimie/sesiune-iunie-iulie/2013-iunie-iulie-anorganica-teoretic-barem.pdf,44198,bccaecabf596b9d2399d63840b50847384b1df09f77547d316090e1f60a7734e
2013,chimie,Chimie,sesiune-iunie-iulie,Sesiunea iunie-iulie,subiect,2013-iunie-iulie-anorganica-teoretic-subiect.pdf,bac/2013/chimie/sesiune-iunie-iulie/2013-iunie-iulie-anorganica-teoretic-subiect.pdf,82720,1b8093a8942990655a5cf79ba2de9c10ed98309939517a8067ef2fd1d92f156e
2013,chimie,Chimie,sesiune-iunie-iulie,Sesiunea iunie-iulie,barem,2013-iunie-iulie-organica-tehnologic-barem.pdf,bac/2013/chimie/sesiune-iunie-iulie/2013-iunie-iulie-organica-tehnologic-barem.pdf,41861,586723b0c25cdc0dc7a1c52a2e94a435fe538db374f9f168994a24675b7fc679
2013,chimie,Chimie,sesiune-iunie-iulie,Sesiunea iunie-iulie,subiect,2013-iunie-iulie-organica-tehnologic-subiect.pdf,bac/2013/chimie/sesiune-iunie-iulie/2013-iunie-iulie-organica-tehnologic-subiect.pdf,54486,d3a511fa10b0e1506402688f745c631da21d02ae57c21da0c7dd6a6b79c95a23
2013,chimie,Chimie,sesiune-iunie-iulie,Sesiunea iunie-iulie,barem,2013-iunie-iulie-organica-teoretic-barem.pdf,bac/2013/chimie/sesiune-iunie-iulie/2013-iunie-iulie-organica-teoretic-barem.pdf,43794,9d9444126c86cd80337ebd3b6f371f6686128b078595638e333fdce1f41cacbb
2013,chimie,Chimie,sesiune-iunie-iulie,Sesiunea iunie-iulie,subiect,2013-iunie-iulie-organica-teoretic-subiect.pdf,bac/2013/chimie/sesiune-iunie-iulie/2013-iunie-iulie-organica-teoretic-subiect.pdf,64989,25c02b82da7acfc69cc9b6ef5cccd437929f4e0e9ff981f5859bc04edd69e6e2
2013,chimie,Chimie,sesiune-speciala,Sesiunea speciala,barem,2013-speciala-anorganica-tehnologic-barem.pdf,bac/2013/chimie/sesiune-speciala/2013-speciala-anorganica-tehnologic-barem.pdf,94875,bb7b0ab7416fa117d4148beb02aa8e2fc3eec15c0c2b2b2d1d9998c14276e8be
2013,chimie,Chimie,sesiune-speciala,Sesiunea speciala,subiect,2013-speciala-anorganica-tehnologic-subiect.pdf,bac/2013/chimie/sesiune-speciala/2013-speciala-anorganica-tehnologic-subiect.pdf,165735,2156ff849e0f166ebe44299f4c02cfad7199da921ae72f4ed5012e200a7576f9
2013,chimie,Chimie,sesiune-speciala,Sesiunea speciala,barem,2013-speciala-anorganica-teoretic-barem.pdf,bac/2013/chimie/sesiune-speciala/2013-speciala-anorganica-teoretic-barem.pdf,96172,d01bdf636194e459afbb313f39c5d0ceb3f6a6b576eba74633e71f0d247b9ee5
2013,chimie,Chimie,sesiune-speciala,Sesiunea speciala,subiect,2013-speciala-anorganica-teoretic-subiect.pdf,bac/2013/chimie/sesiune-speciala/2013-speciala-anorganica-teoretic-subiect.pdf,172113,a06c29a7c43ff74bc7f94de727c8e9a9f3cffecd4db8d18f12e4374c1610abff
2013,chimie,Chimie,sesiune-speciala,Sesiunea speciala,barem,2013-speciala-organica-tehnologic-barem.pdf,bac/2013/chimie/sesiune-speciala/2013-speciala-organica-tehnologic-barem.pdf,84643,6fae612986ecf18659f049d5e6104f26bd9f38b8146e1cf59be3e0d4631ca42b
2013,chimie,Chimie,sesiune-speciala,Sesiunea speciala,subiect,2013-speciala-organica-tehnologic-subiect.pdf,bac/2013/chimie/sesiune-speciala/2013-speciala-organica-tehnologic-subiect.pdf,143909,72f5b6b442c9d8c00a72b0c44e0b2219240868eb7561c7aebab0b87486db013b
2013,chimie,Chimie,sesiune-speciala,Sesiunea speciala,barem,2013-speciala-organica-teoretic-barem.pdf,bac/2013/chimie/sesiune-speciala/2013-speciala-organica-teoretic-barem.pdf,90205,95daee00ed56ee3289ab13f5cd6d71a8a20de86df2a9bddb2cf6b1c9c04ed04c
2013,chimie,Chimie,sesiune-speciala,Sesiunea speciala,subiect,2013-speciala-organica-teoretic-subiect.pdf,bac/2013/chimie/sesiune-speciala/2013-speciala-organica-teoretic-subiect.pdf,168966,bfe838f2f5e56dc088fec56650e762e03384061f85a05f864b41ca615e6df56d
2014,biologie,Biologie,sesiune-iunie-iulie,Sesiunea iunie-iulie,barem,2014-iunie-iulie-anatomie-fiziologie-barem.pdf,bac/2014/biologie/sesiune-iunie-iulie/2014-iunie-iulie-anatomie-fiziologie-barem.pdf,42249,4c59713549b114bd86f09092e960047efa59a2691c2f17128609d93ec4070749
2014,biologie,Biologie,sesiune-iunie-iulie,Sesiunea iunie-iulie,subiect,2014-iunie-iulie-anatomie-fiziologie-subiect.pdf,bac/2014/biologie/sesiune-iunie-iulie/2014-iunie-iulie-anatomie-fiziologie-subiect.pdf,41883,e7d54f9c74d246891ca93df02cfc82727e47e60261f5ef653f6ba9c356bbab34
2014,biologie,Biologie,sesiune-iunie-iulie,Sesiunea iunie-iulie,barem,2014-iunie-iulie-vegetala-animala-barem.pdf,bac/2014/biologie/sesiune-iunie-iulie/2014-iunie-iulie-vegetala-animala-barem.pdf,41390,a4d07a79d626e37c919cb2cbaeb7f10f9ff8425053bb9776d39e869e28eb6c81
2014,biologie,Biologie,sesiune-iunie-iulie,Sesiunea iunie-iulie,subiect,2014-iunie-iulie-vegetala-animala-subiect.pdf,bac/2014/biologie/sesiune-iunie-iulie/2014-iunie-iulie-vegetala-animala-subiect.pdf,45786,44aa3814b51343012b2ad18b660c2daaaafd2756deec72d560a21fe997b08722
2014,biologie,Biologie,simulare,Simulare,barem,2014-simulare-anatomie-fiziologie-barem.pdf,bac/2014/biologie/simulare/2014-simulare-anatomie-fiziologie-barem.pdf,32555,50ad11d837236e61bd88f9e30173471eaab57abf4e4221d04fedf0ee0c8138e0
2014,biologie,Biologie,simulare,Simulare,subiect,2014-simulare-anatomie-fiziologie-subiect.pdf,bac/2014/biologie/simulare/2014-simulare-anatomie-fiziologie-subiect.pdf,43383,75117def13f2ae01005b4bf31d50bca4686a98acbcfc12900730f1ba148f2523
2014,biologie,Biologie,simulare,Simulare,barem,2014-simulare-vegetala-animala-barem.pdf,bac/2014/biologie/simulare/2014-simulare-vegetala-animala-barem.pdf,32428,d169b5b008612d00382388c3f954a13d164713b55e663ba3c5c2e13d1b1fefd5
2014,biologie,Biologie,simulare,Simulare,subiect,2014-simulare-vegetala-animala-subiect.pdf,bac/2014/biologie/simulare/2014-simulare-vegetala-animala-subiect.pdf,32449,2cd51025f9c8e7ec4313286d561ac5f89205c3fc5583834ff923ebfa0cff5867
2014,chimie,Chimie,sesiune-iunie-iulie,Sesiunea iunie-iulie,barem,2014-iunie-iulie-anorganica-tehnologic-barem.pdf,bac/2014/chimie/sesiune-iunie-iulie/2014-iunie-iulie-anorganica-tehnologic-barem.pdf,38706,bf13d78894ea1a7804d4684dfba01bbd11929dd26db16d2b43e107343f3919a3
2014,chimie,Chimie,sesiune-iunie-iulie,Sesiunea iunie-iulie,subiect,2014-iunie-iulie-anorganica-tehnologic-subiect.pdf,bac/2014/chimie/sesiune-iunie-iulie/2014-iunie-iulie-anorganica-tehnologic-subiect.pdf,61203,c79aa66688b1e9dfa1e8482c4d2549c8c4a94a28c12cd04f56eda08f68eec102
2014,chimie,Chimie,sesiune-iunie-iulie,Sesiunea iunie-iulie,barem,2014-iunie-iulie-anorganica-teoretic-barem.pdf,bac/2014/chimie/sesiune-iunie-iulie/2014-iunie-iulie-anorganica-teoretic-barem.pdf,38980,00c8faf15d33bd9c6b4f42b8bbc85f6d7d1d3cb27680d20d235504258b396b28
2014,chimie,Chimie,sesiune-iunie-iulie,Sesiunea iunie-iulie,subiect,2014-iunie-iulie-anorganica-teoretic-subiect.pdf,bac/2014/chimie/sesiune-iunie-iulie/2014-iunie-iulie-anorganica-teoretic-subiect.pdf,55394,ddf55446dd89d8bc9adea98d77975aff69f226ee0c254afabcca1adf70b21804
2014,chimie,Chimie,sesiune-iunie-iulie,Sesiunea iunie-iulie,barem,2014-iunie-iulie-organica-tehnologic-barem.pdf,bac/2014/chimie/sesiune-iunie-iulie/2014-iunie-iulie-organica-tehnologic-barem.pdf,38475,0cde7a7e6a4671c837bbd50324a734cdb97831b66ba9b9601384040b9ba90687
2014,chimie,Chimie,sesiune-iunie-iulie,Sesiunea iunie-iulie,subiect,2014-iunie-iulie-organica-tehnologic-subiect.pdf,bac/2014/chimie/sesiune-iunie-iulie/2014-iunie-iulie-organica-tehnologic-subiect.pdf,62663,14c63bc57d3c0ec376e5c170c61ee01f7ca59ca5e3cce50fa4f48a18a347b2e1
2014,chimie,Chimie,sesiune-iunie-iulie,Sesiunea iunie-iulie,barem,2014-iunie-iulie-organica-teoretic-barem.pdf,bac/2014/chimie/sesiune-iunie-iulie/2014-iunie-iulie-organica-teoretic-barem.pdf,38990,6fe9586e064afeec3c007301f548312755c4015dc87e3d2670029a6562108c79
2014,chimie,Chimie,sesiune-iunie-iulie,Sesiunea iunie-iulie,subiect,2014-iunie-iulie-organica-teoretic-subiect.pdf,bac/2014/chimie/sesiune-iunie-iulie/2014-iunie-iulie-organica-teoretic-subiect.pdf,51246,9e2979a5612c77af49933e40a595e36dc68211790974489515a43fdc126d4bf0
2014,chimie,Chimie,simulare,Simulare,barem,2014-simulare-anorganica-tehnologic-barem.pdf,bac/2014/chimie/simulare/2014-simulare-anorganica-tehnologic-barem.pdf,31119,090d971d9ae2b3bab347bd322be4ddcca06192c39905e377978d88f135f50fff
2014,chimie,Chimie,simulare,Simulare,subiect,2014-simulare-anorganica-tehnologic-subiect.pdf,bac/2014/chimie/simulare/2014-simulare-anorganica-tehnologic-subiect.pdf,52494,55352f7e4d738edb820c0e3ca7aa9a19aecfc221ab982283e32e68c2086ff7f4
2014,chimie,Chimie,simulare,Simulare,barem,2014-simulare-anorganica-teoretic-barem.pdf,bac/2014/chimie/simulare/2014-simulare-anorganica-teoretic-barem.pdf,30697,584d579bdd0ee0bb4560e5872693db1bd6642a727875ef7d3b0ee4e2ce17a4e8
2014,chimie,Chimie,simulare,Simulare,subiect,2014-simulare-anorganica-teoretic-subiect.pdf,bac/2014/chimie/simulare/2014-simulare-anorganica-teoretic-subiect.pdf,47519,167bf5983faf32779c3936909a4cc642af70faefc87d20248a344e2c333e200e
2014,chimie,Chimie,simulare,Simulare,barem,2014-simulare-organica-tehnologic-barem.pdf,bac/2014/chimie/simulare/2014-simulare-organica-tehnologic-barem.pdf,29360,54c5321a1f528a9dfb677d23485407d09c82566546f7018e0b9ca89ed7db5406
2014,chimie,Chimie,simulare,Simulare,subiect,2014-simulare-organica-tehnologic-subiect.pdf,bac/2014/chimie/simulare/2014-simulare-organica-tehnologic-subiect.pdf,40849,fa84a59391566de492fbf3965d165c9a62d988d6cd3cebb50e3784cc210c85bc
2014,chimie,Chimie,simulare,Simulare,barem,2014-simulare-organica-teoretic-barem.pdf,bac/2014/chimie/simulare/2014-simulare-organica-teoretic-barem.pdf,31214,be53265d5b3f8b29f84e810d5bded01ce7b73fda8023a94039a43bc2a48db056
2014,chimie,Chimie,simulare,Simulare,subiect,2014-simulare-organica-teoretic-subiect.pdf,bac/2014/chimie/simulare/2014-simulare-organica-teoretic-subiect.pdf,47846,6f89f0191819da9713a2b89c1ac18b9f68b0f1aa606e8e8935218bd09fec4d9f
2015,biologie,Biologie,sesiune-iunie-iulie,Sesiunea iunie-iulie,barem,2015-iunie-iulie-anatomie-fiziologie-barem.pdf,bac/2015/biologie/sesiune-iunie-iulie/2015-iunie-iulie-anatomie-fiziologie-barem.pdf,43432,bd91fbc841bb8177a708b949c16c719901274e130f3a1cea95379f22295b0386
2015,biologie,Biologie,sesiune-iunie-iulie,Sesiunea iunie-iulie,subiect,2015-iunie-iulie-anatomie-fiziologie-subiect.pdf,bac/2015/biologie/sesiune-iunie-iulie/2015-iunie-iulie-anatomie-fiziologie-subiect.pdf,43362,2cc5465c1ac1c991e78df801defe40382dec7acb4ecd363497780b1d9790e97d
2015,biologie,Biologie,sesiune-iunie-iulie,Sesiunea iunie-iulie,barem,2015-iunie-iulie-vegetala-animala-barem.pdf,bac/2015/biologie/sesiune-iunie-iulie/2015-iunie-iulie-vegetala-animala-barem.pdf,42371,c83653af029c8956f04f8aff514ec5f6e9f07ee52e18e0c4115a4da5c8ae285b
2015,biologie,Biologie,sesiune-iunie-iulie,Sesiunea iunie-iulie,subiect,2015-iunie-iulie-vegetala-animala-subiect.pdf,bac/2015/biologie/sesiune-iunie-iulie/2015-iunie-iulie-vegetala-animala-subiect.pdf,47665,510f92fff96c29faeb29f04276aba1d85a2a2452e7a9bda74bcf4dbf5708a3e2
2015,biologie,Biologie,simulare,Simulare,barem,2015-simulare-anatomie-fiziologie-barem.pdf,bac/2015/biologie/simulare/2015-simulare-anatomie-fiziologie-barem.pdf,41916,b5ba1fe25250823e703228748174acc45917f460a8d8f1c2d4ebcdf456e078da
2015,biologie,Biologie,simulare,Simulare,subiect,2015-simulare-anatomie-fiziologie-subiect.pdf,bac/2015/biologie/simulare/2015-simulare-anatomie-fiziologie-subiect.pdf,42663,05d27a89fa91a19366eadbf7b4019dc67887abe7f8898b16611ac3344ba72ba4
2015,biologie,Biologie,simulare,Simulare,barem,2015-simulare-vegetala-animala-barem.pdf,bac/2015/biologie/simulare/2015-simulare-vegetala-animala-barem.pdf,42736,5c49238293c7ed0e37fbca70de5dd871faef569749efb5c9e873c55f709ee0d5
2015,biologie,Biologie,simulare,Simulare,subiect,2015-simulare-vegetala-animala-subiect.pdf,bac/2015/biologie/simulare/2015-simulare-vegetala-animala-subiect.pdf,46994,9ef3729270fb269c57980d441654281539e6e876daed368585be25a66f528b92
2015,chimie,Chimie,sesiune-iunie-iulie,Sesiunea iunie-iulie,barem,2015-iunie-iulie-anorganica-tehnologic-barem.pdf,bac/2015/chimie/sesiune-iunie-iulie/2015-iunie-iulie-anorganica-tehnologic-barem.pdf,42655,270846a69c6b22feb311222e559aac548552d6e35a9eb07ade400feedf3adf61
2015,chimie,Chimie,sesiune-iunie-iulie,Sesiunea iunie-iulie,subiect,2015-iunie-iulie-anorganica-tehnologic-subiect.pdf,bac/2015/chimie/sesiune-iunie-iulie/2015-iunie-iulie-anorganica-tehnologic-subiect.pdf,55094,d81d221044cdb9978375fbb943db8a0cc344f5c8f3f60873b1925d5eaaaa9dc3
2015,chimie,Chimie,sesiune-iunie-iulie,Sesiunea iunie-iulie,barem,2015-iunie-iulie-anorganica-teoretic-barem.pdf,bac/2015/chimie/sesiune-iunie-iulie/2015-iunie-iulie-anorganica-teoretic-barem.pdf,42635,1514b0bc6bff237bd9cbc65a7b14fe6cd82b92b1e4b6d47e8c52600ef5d2ad8f
2015,chimie,Chimie,sesiune-iunie-iulie,Sesiunea iunie-iulie,subiect,2015-iunie-iulie-anorganica-teoretic-subiect.pdf,bac/2015/chimie/sesiune-iunie-iulie/2015-iunie-iulie-anorganica-teoretic-subiect.pdf,69135,a2ab613b047450c846e985751e33e19c948618a1db311771c639609f8276048f
2015,chimie,Chimie,sesiune-iunie-iulie,Sesiunea iunie-iulie,barem,2015-iunie-iulie-organica-tehnologic-barem.pdf,bac/2015/chimie/sesiune-iunie-iulie/2015-iunie-iulie-organica-tehnologic-barem.pdf,54753,1695a4d68282a7763401e2a54a44e975afcfc81840d6c784767a9f6563523867
2015,chimie,Chimie,sesiune-iunie-iulie,Sesiunea iunie-iulie,subiect,2015-iunie-iulie-organica-tehnologic-subiect.pdf,bac/2015/chimie/sesiune-iunie-iulie/2015-iunie-iulie-organica-tehnologic-subiect.pdf,55285,a24d36baec6db07f95d73f629c06774de17a6c1e205de7f2666a5bc3f4dd2e26
2015,chimie,Chimie,sesiune-iunie-iulie,Sesiunea iunie-iulie,barem,2015-iunie-iulie-organica-teoretic-barem.pdf,bac/2015/chimie/sesiune-iunie-iulie/2015-iunie-iulie-organica-teoretic-barem.pdf,42023,379d323ff6fea42237ba1c49f0663653713a8f5489714c781618a517189b2150
2015,chimie,Chimie,sesiune-iunie-iulie,Sesiunea iunie-iulie,subiect,2015-iunie-iulie-organica-teoretic-subiect.pdf,bac/2015/chimie/sesiune-iunie-iulie/2015-iunie-iulie-organica-teoretic-subiect.pdf,50449,2a200b59c1463174bf2c4ad719a76fa5301b63d7220ae43fb1222093a42852f7
2015,chimie,Chimie,simulare,Simulare,barem,2015-simulare-anorganica-tehnologic-barem.pdf,bac/2015/chimie/simulare/2015-simulare-anorganica-tehnologic-barem.pdf,36641,997829ae1df60eba0a41de3b68a22da9d42af8547b14e292a703afa60c9386ce
2015,chimie,Chimie,simulare,Simulare,subiect,2015-simulare-anorganica-tehnologic-subiect.pdf,bac/2015/chimie/simulare/2015-simulare-anorganica-tehnologic-subiect.pdf,52299,961291752ce0c2651e5d40abaeadd6c0f2d8d4c47950c03b1e5ea3175a6a4968
2015,chimie,Chimie,simulare,Simulare,barem,2015-simulare-anorganica-teoretic-barem.pdf,bac/2015/chimie/simulare/2015-simulare-anorganica-teoretic-barem.pdf,35472,436fb1a0484b554e7acb3968f90c6182fd0cea636fea95ac0f638e1321eb3528
2015,chimie,Chimie,simulare,Simulare,subiect,2015-simulare-anorganica-teoretic-subiect.pdf,bac/2015/chimie/simulare/2015-simulare-anorganica-teoretic-subiect.pdf,56162,0c32f137fdd0fedba3c50fc2539c4f97baf176cd9d5d613aff899c9841082347
2015,chimie,Chimie,simulare,Simulare,barem,2015-simulare-organica-tehnologic-barem.pdf,bac/2015/chimie/simulare/2015-simulare-organica-tehnologic-barem.pdf,35060,fb749e2cb0aac55fecfec326b9121d2c2c41fcd76f7ca1ece20f472f333977b1
2015,chimie,Chimie,simulare,Simulare,subiect,2015-simulare-organica-tehnologic-subiect.pdf,bac/2015/chimie/simulare/2015-simulare-organica-tehnologic-subiect.pdf,45208,11d4ae8763fb968d73ab6802443693aaf6a737da414ef6bc53358673ef9672df
2015,chimie,Chimie,simulare,Simulare,barem,2015-simulare-organica-teoretic-barem.pdf,bac/2015/chimie/simulare/2015-simulare-organica-teoretic-barem.pdf,36510,8fa635520c05625cbaf2e64c785ae669e041c497c812dd8daa958bea7a2dd421
2015,chimie,Chimie,simulare,Simulare,subiect,2015-simulare-organica-teoretic-subiect.pdf,bac/2015/chimie/simulare/2015-simulare-organica-teoretic-subiect.pdf,62127,35d8a4ac578221223a498b50a0149db07fae9371dd03314227839fafc0f17e43
2016,biologie,Biologie,sesiune-speciala,Sesiunea speciala,barem,2016-speciala-anatomie-fiziologie-barem.pdf,bac/2016/biologie/sesiune-speciala/2016-speciala-anatomie-fiziologie-barem.pdf,38347,368c89dd6dc4173164ca7c579e1ff516351cf1369df91f17137b59765f2fead5
2016,biologie,Biologie,sesiune-speciala,Sesiunea speciala,subiect,2016-speciala-anatomie-fiziologie-subiect.pdf,bac/2016/biologie/sesiune-speciala/2016-speciala-anatomie-fiziologie-subiect.pdf,42648,f397d002f224bf4db03f54d956254e4520fa8a2229f4e2a74bb454ba7bf6cac4
2016,biologie,Biologie,sesiune-speciala,Sesiunea speciala,barem,2016-speciala-vegetala-animala-barem.pdf,bac/2016/biologie/sesiune-speciala/2016-speciala-vegetala-animala-barem.pdf,42653,8a8f7e26ea2eeb8aa34bb816673786dc8f18e27b41faaaeafa698c8597d21822
2016,biologie,Biologie,sesiune-speciala,Sesiunea speciala,subiect,2016-speciala-vegetala-animala-subiect.pdf,bac/2016/biologie/sesiune-speciala/2016-speciala-vegetala-animala-subiect.pdf,42868,c74ba52c63433bbab67b229b301886e3b53cf82cc114c68ef519c5639b6e7574
2016,biologie,Biologie,simulare,Simulare,barem,2016-simulare-anatomie-fiziologie-barem.pdf,bac/2016/biologie/simulare/2016-simulare-anatomie-fiziologie-barem.pdf,42836,7524a97ea658d6bc2b524a517f687ae1e7ae00d3c0c23552f332c6601c6be125
2016,biologie,Biologie,simulare,Simulare,subiect,2016-simulare-anatomie-fiziologie-subiect.pdf,bac/2016/biologie/simulare/2016-simulare-anatomie-fiziologie-subiect.pdf,43176,4356312d15e97c65de1807abc3019594aeb069c622080b1a8ed2e52263268294
2016,biologie,Biologie,simulare,Simulare,barem,2016-simulare-vegetala-animala-barem.pdf,bac/2016/biologie/simulare/2016-simulare-vegetala-animala-barem.pdf,42130,fec78e0d7f1ba011908a7652bb033eef3e864a792a49d9c7bc88711b765238e4
2016,biologie,Biologie,simulare,Simulare,subiect,2016-simulare-vegetala-animala-subiect.pdf,bac/2016/biologie/simulare/2016-simulare-vegetala-animala-subiect.pdf,47980,9f0d15ce8441a69d6a3087b6cc30636aaf411ea6241c90c97e965c434e3dbd03
2016,chimie,Chimie,sesiune-speciala,Sesiunea speciala,barem,2016-speciala-anorganica-teoretic-barem.pdf,bac/2016/chimie/sesiune-speciala/2016-speciala-anorganica-teoretic-barem.pdf,47259,d09abd294ac8fceb64492de608da352b86d3acd6d088447640fcbfc6072368fd
2016,chimie,Chimie,sesiune-speciala,Sesiunea speciala,subiect,2016-speciala-anorganica-teoretic-subiect.pdf,bac/2016/chimie/sesiune-speciala/2016-speciala-anorganica-teoretic-subiect.pdf,66930,cc2912ee35b83d02db799bd3462f2295601050cd3fd878848717eb618c229f89
2016,chimie,Chimie,sesiune-speciala,Sesiunea speciala,barem,2016-speciala-organica-teoretic-barem.pdf,bac/2016/chimie/sesiune-speciala/2016-speciala-organica-teoretic-barem.pdf,41634,1bab93133dd392deee9ead95041138fa471276610f19127b0a33084ebb35485a
2016,chimie,Chimie,sesiune-speciala,Sesiunea speciala,subiect,2016-speciala-organica-teoretic-subiect.pdf,bac/2016/chimie/sesiune-speciala/2016-speciala-organica-teoretic-subiect.pdf,61587,5470c98b7f450852f05775a6916cbc9e1507e2da1f9afbaf3f64b54503b13765
2016,chimie,Chimie,simulare,Simulare,barem,2016-simulare-anorganica-tehnologic-barem.pdf,bac/2016/chimie/simulare/2016-simulare-anorganica-tehnologic-barem.pdf,41796,8d3a986bda80745a1bd1b72a9dde3f4227ff3ead6ca0340d0cb8d594ea7f9fef
2016,chimie,Chimie,simulare,Simulare,subiect,2016-simulare-anorganica-tehnologic-subiect.pdf,bac/2016/chimie/simulare/2016-simulare-anorganica-tehnologic-subiect.pdf,62374,225114bcb3c8b382600f5e495170e91f8cedd6c509ee34be6d3c9f0c6dc6e473
2016,chimie,Chimie,simulare,Simulare,barem,2016-simulare-anorganica-teoretic-barem.pdf,bac/2016/chimie/simulare/2016-simulare-anorganica-teoretic-barem.pdf,41358,4e0181d907a79ff95deea386d0cf9d7c7d639566cd4a6099c030f452b8e880fc
2016,chimie,Chimie,simulare,Simulare,subiect,2016-simulare-anorganica-teoretic-subiect.pdf,bac/2016/chimie/simulare/2016-simulare-anorganica-teoretic-subiect.pdf,66176,83e513c23b62507d3db3185bccbbf41ff5b7320aebfd6eff9226520d9b5f885c
2016,chimie,Chimie,simulare,Simulare,barem,2016-simulare-organica-tehnologic-barem.pdf,bac/2016/chimie/simulare/2016-simulare-organica-tehnologic-barem.pdf,41763,576ed08b5b450ebaac65da1f238d555718a192340f1d32bd9058e7db29a0570b
2016,chimie,Chimie,simulare,Simulare,subiect,2016-simulare-organica-tehnologic-subiect.pdf,bac/2016/chimie/simulare/2016-simulare-organica-tehnologic-subiect.pdf,57936,6cd306472b83ff9c09e86c59f06fb70fba976d05b6b406f6e17603bda966a387
2016,chimie,Chimie,simulare,Simulare,barem,2016-simulare-organica-teoretic-barem.pdf,bac/2016/chimie/simulare/2016-simulare-organica-teoretic-barem.pdf,40645,5501e662328d42e4e596e63dda3cad20fa8a57e703d59f6c55ce9a016d994e2e
2016,chimie,Chimie,simulare,Simulare,subiect,2016-simulare-organica-teoretic-subiect.pdf,bac/2016/chimie/simulare/2016-simulare-organica-teoretic-subiect.pdf,55715,5d6853335fac3e21339e3bc5687d5b9a610abbdd89819b4731f3818e6cffde1b
2017,biologie,Biologie,simulare,Simulare,barem,2017-simulare-anatomie-fiziologie-barem.pdf,bac/2017/biologie/simulare/2017-simulare-anatomie-fiziologie-barem.pdf,37006,a48405101e07c623f0715b8f605be8f18378f133435bd4f761dbec5f30b05903
2017,biologie,Biologie,simulare,Simulare,subiect,2017-simulare-anatomie-fiziologie-subiect.pdf,bac/2017/biologie/simulare/2017-simulare-anatomie-fiziologie-subiect.pdf,41012,3b7856e0d7963d7d7c0259c7e31d41e2d28923a0af24c67f10e8aeb4293c1228
2017,biologie,Biologie,simulare,Simulare,barem,2017-simulare-vegetala-animala-barem.pdf,bac/2017/biologie/simulare/2017-simulare-vegetala-animala-barem.pdf,41934,85e2d87f67a97cf88a71e8a49fdded85f390692f0dc9cd552560df476c30809f
2017,biologie,Biologie,simulare,Simulare,subiect,2017-simulare-vegetala-animala-subiect.pdf,bac/2017/biologie/simulare/2017-simulare-vegetala-animala-subiect.pdf,41920,a8d7b6c171615f57035c4f8dd48a0c0f3c9abab7a3b166fb329cbc22b2763255
2017,chimie,Chimie,simulare,Simulare,barem,2017-simulare-anorganica-barem.pdf,bac/2017/chimie/simulare/2017-simulare-anorganica-barem.pdf,32279,728b2917918a623d860637ac5b76a0a8b5a5f6749d9ff9c9fc79c975fae678d7
2017,chimie,Chimie,simulare,Simulare,subiect,2017-simulare-anorganica-subiect.pdf,bac/2017/chimie/simulare/2017-simulare-anorganica-subiect.pdf,50892,c92a454e154c75153f58560027f4d73be0d90c90939c0df23a36a53823795f5a
2017,chimie,Chimie,simulare,Simulare,barem,2017-simulare-organica-barem.pdf,bac/2017/chimie/simulare/2017-simulare-organica-barem.pdf,32079,0a38f6b25252e6c26763fb452d31a2f185f7ed79cdbc298d5c32b5b3506c522e
2017,chimie,Chimie,simulare,Simulare,subiect,2017-simulare-organica-subiect.pdf,bac/2017/chimie/simulare/2017-simulare-organica-subiect.pdf,57507,0a59ff2f45cd4e3e920cb7a1d13210e4064b1634a9986d3b6e24f7bd4dad7879
2018,biologie,Biologie,simulare,Simulare,barem,2018-simulare-anatomie-fiziologie-barem.pdf,bac/2018/biologie/simulare/2018-simulare-anatomie-fiziologie-barem.pdf,81317,7f3ea84d6b00da74aa7a25d512661294194e1c3568b4117a0c70a1a9fc4d4c7a
2018,biologie,Biologie,simulare,Simulare,subiect,2018-simulare-anatomie-fiziologie-subiect.pdf,bac/2018/biologie/simulare/2018-simulare-anatomie-fiziologie-subiect.pdf,101822,e97c42926baf0b3f6664bcbbbefca22f7e2e74d5c5f92436898caa0e27df131f
2018,biologie,Biologie,simulare,Simulare,barem,2018-simulare-vegetala-animala-barem.pdf,bac/2018/biologie/simulare/2018-simulare-vegetala-animala-barem.pdf,81965,080de140923a3e5ba3f0176fb9ab11a9ce4b22080d3af6ec300edb2493e694d2
2018,biologie,Biologie,simulare,Simulare,subiect,2018-simulare-vegetala-animala-subiect.pdf,bac/2018/biologie/simulare/2018-simulare-vegetala-animala-subiect.pdf,104307,5c972e4f757afeec935e5b380ed3949064eef813b1172c72961bd861f1fa3224
2018,chimie,Chimie,simulare,Simulare,barem,2018-simulare-anorganica-barem.pdf,bac/2018/chimie/simulare/2018-simulare-anorganica-barem.pdf,75952,7d670d634a4e4ed98443e4b13f02b9fbb5a963134cf5462bc049f44e24d02d42
2018,chimie,Chimie,simulare,Simulare,subiect,2018-simulare-anorganica-subiect.pdf,bac/2018/chimie/simulare/2018-simulare-anorganica-subiect.pdf,136128,f4f474542d8457d3b01f34573037947dc3354d801e126df1cb8e1243320228f2
2018,chimie,Chimie,simulare,Simulare,barem,2018-simulare-organica-barem.pdf,bac/2018/chimie/simulare/2018-simulare-organica-barem.pdf,79228,c48ea57f5b91d0939e4fe99b0c167349d914c9b2d6d5f8c49861e56212284440
2018,chimie,Chimie,simulare,Simulare,subiect,2018-simulare-organica-subiect.pdf,bac/2018/chimie/simulare/2018-simulare-organica-subiect.pdf,123050,1abc0d46723b67b204ec8869c97cd3703612a9faaf8ce144557155c81222cac8
2019,biologie,Biologie,rezerva-august,Rezerva august,barem,2019-august-rezerva-anatomie-fiziologie-barem.pdf,bac/2019/biologie/rezerva-august/2019-august-rezerva-anatomie-fiziologie-barem.pdf,84300,3d95ad682f7a7cc5bd842dee766f585285c572e066a4bc7c441f4649295d9fd9
2019,biologie,Biologie,rezerva-august,Rezerva august,subiect,2019-august-rezerva-anatomie-fiziologie-subiect.pdf,bac/2019/biologie/rezerva-august/2019-august-rezerva-anatomie-fiziologie-subiect.pdf,101993,c8dc387d9f8416490f2b0fd2ec981eb9f29c8150a73474d4081034cee137fa8c
2019,biologie,Biologie,sesiune-august,Sesiunea august,barem,2019-august-anatomie-fiziologie-barem.pdf,bac/2019/biologie/sesiune-august/2019-august-anatomie-fiziologie-barem.pdf,84973,882edc331df25c85547435366e7f5db517626b25eed39a507f8c1c7f4d83c1c6
2019,biologie,Biologie,sesiune-august,Sesiunea august,subiect,2019-august-anatomie-fiziologie-subiect.pdf,bac/2019/biologie/sesiune-august/2019-august-anatomie-fiziologie-subiect.pdf,103873,2656f157c562d5bad5199c44b2c88c59b671d4acb3a98423f803eb1131a54132
2019,biologie,Biologie,sesiune-august,Sesiunea august,barem,2019-august-vegetala-animala-barem.pdf,bac/2019/biologie/sesiune-august/2019-august-vegetala-animala-barem.pdf,83082,e7b3d4ee76c1701cfb2b74c1c1e97ac7d36cada70caf826a9eb3149460b525f5
2019,biologie,Biologie,sesiune-august,Sesiunea august,subiect,2019-august-vegetala-animala-subiect.pdf,bac/2019/biologie/sesiune-august/2019-august-vegetala-animala-subiect.pdf,102809,add66a37c97ed392baee4b4c52ee177f9d1c1f568bd8c6c68b6cfcfbb66c7fc1
2019,biologie,Biologie,sesiune-iunie-iulie,Sesiunea iunie-iulie,barem,2019-iunie-iulie-anatomie-fiziologie-barem.pdf,bac/2019/biologie/sesiune-iunie-iulie/2019-iunie-iulie-anatomie-fiziologie-barem.pdf,84122,f7ecd7e06e52e4f7af22f8ae0f519aead2e857b90275e0808a7562f0bb73793c
2019,biologie,Biologie,sesiune-iunie-iulie,Sesiunea iunie-iulie,subiect,2019-iunie-iulie-anatomie-fiziologie-subiect.pdf,bac/2019/biologie/sesiune-iunie-iulie/2019-iunie-iulie-anatomie-fiziologie-subiect.pdf,105322,856f167215677b516bfb5f52ab503f9332dc9ef3aa0b8463d0d502dea23fd1d9
2019,biologie,Biologie,sesiune-iunie-iulie,Sesiunea iunie-iulie,barem,2019-iunie-iulie-vegetala-animala-barem.pdf,bac/2019/biologie/sesiune-iunie-iulie/2019-iunie-iulie-vegetala-animala-barem.pdf,80614,414300ce527da13fd31910909e4f8660b776621c07803c529fd38ba913090704
2019,biologie,Biologie,sesiune-iunie-iulie,Sesiunea iunie-iulie,subiect,2019-iunie-iulie-vegetala-animala-subiect.pdf,bac/2019/biologie/sesiune-iunie-iulie/2019-iunie-iulie-vegetala-animala-subiect.pdf,112683,db2fdb5fde5f8d8b5e06e101cbf250637a45720a477a04ca504e062877a3434f
2019,biologie,Biologie,sesiune-speciala,Sesiunea speciala,barem,2019-speciala-anatomie-fiziologie-barem.pdf,bac/2019/biologie/sesiune-speciala/2019-speciala-anatomie-fiziologie-barem.pdf,80191,676b6c0e18090dd5545a5f4102e8ddbfcbbb05e065c868a6f662a73b19926bd2
2019,biologie,Biologie,sesiune-speciala,Sesiunea speciala,subiect,2019-speciala-anatomie-fiziologie-subiect.pdf,bac/2019/biologie/sesiune-speciala/2019-speciala-anatomie-fiziologie-subiect.pdf,106928,c262b8b7dc2fb9bd8e109a671cb81c1a74a9f4d84ce1b042a105f32d6685a92b
2019,biologie,Biologie,sesiune-speciala,Sesiunea speciala,barem,2019-speciala-vegetala-animala-barem.pdf,bac/2019/biologie/sesiune-speciala/2019-speciala-vegetala-animala-barem.pdf,83737,509346f0f889c0c06228732cc0f01b2335d979e6d3e4f7d8e87440f7f0b3619d
2019,biologie,Biologie,sesiune-speciala,Sesiunea speciala,subiect,2019-speciala-vegetala-animala-subiect.pdf,bac/2019/biologie/sesiune-speciala/2019-speciala-vegetala-animala-subiect.pdf,104967,8a296cbe92bce23a01af944b7b619971830a633e8298c0d467b02d43166dba23
2019,biologie,Biologie,simulare,Simulare,barem,2019-simulare-anatomie-fiziologie-barem.pdf,bac/2019/biologie/simulare/2019-simulare-anatomie-fiziologie-barem.pdf,81138,e114ddedf23d1df9adce8e52d6be46c4188f94844c34b57b07f6048d2fd88a13
2019,biologie,Biologie,simulare,Simulare,subiect,2019-simulare-anatomie-fiziologie-subiect.pdf,bac/2019/biologie/simulare/2019-simulare-anatomie-fiziologie-subiect.pdf,101209,2d1a32a0e16dd7ada0981a96ad96f330ce06acc85e2ed9b049db0d07021db3e5
2019,biologie,Biologie,simulare,Simulare,barem,2019-simulare-vegetala-animala-barem.pdf,bac/2019/biologie/simulare/2019-simulare-vegetala-animala-barem.pdf,80314,dc47d303fe12df277c4b0d69b5e6de6d2296d43a2892522dfb5ea1518434b041
2019,biologie,Biologie,simulare,Simulare,subiect,2019-simulare-vegetala-animala-subiect.pdf,bac/2019/biologie/simulare/2019-simulare-vegetala-animala-subiect.pdf,106406,5013d37a19cef3585a73fc1dee160d4ea38aba439b63faec5cc3eb15b89b257b
2019,chimie,Chimie,sesiune-august,Sesiunea august,barem,2019-august-anorganica-barem.pdf,bac/2019/chimie/sesiune-august/2019-august-anorganica-barem.pdf,89680,72bf9308b6e393d3adbaca4f26ea0342d141bd680ea93eec4abbf835914eebbd
2019,chimie,Chimie,sesiune-august,Sesiunea august,subiect,2019-august-anorganica-subiect.pdf,bac/2019/chimie/sesiune-august/2019-august-anorganica-subiect.pdf,156444,1cc1da80b55f824ddddd3c7cdb02ad297666b0554f4e59b3c81867f308a2174d
2019,chimie,Chimie,sesiune-august,Sesiunea august,barem,2019-august-organica-barem.pdf,bac/2019/chimie/sesiune-august/2019-august-organica-barem.pdf,80938,b7f9dfd93b5b8c6857ba931ebc2d3cc0ccebf331b587d3333fee6a190b32a043
2019,chimie,Chimie,sesiune-august,Sesiunea august,subiect,2019-august-organica-subiect.pdf,bac/2019/chimie/sesiune-august/2019-august-organica-subiect.pdf,146116,c69980626170fd63291757704053a4efcdc1bc4294b7cf4fe644f7c9588bc6ef
2019,chimie,Chimie,sesiune-iunie-iulie,Sesiunea iunie-iulie,barem,2019-iunie-iulie-anorganica-barem.pdf,bac/2019/chimie/sesiune-iunie-iulie/2019-iunie-iulie-anorganica-barem.pdf,82091,63ff0f332e96ca07bb77f457dccb6542253cc1f1a6cae28671031c965ea8c310
2019,chimie,Chimie,sesiune-iunie-iulie,Sesiunea iunie-iulie,subiect,2019-iunie-iulie-anorganica-subiect.pdf,bac/2019/chimie/sesiune-iunie-iulie/2019-iunie-iulie-anorganica-subiect.pdf,154720,2dccec2dc6e933b25353e0fc2db534ecedf7143f6de6e88d8d8ea70258676340
2019,chimie,Chimie,sesiune-iunie-iulie,Sesiunea iunie-iulie,barem,2019-iunie-iulie-organica-barem.pdf,bac/2019/chimie/sesiune-iunie-iulie/2019-iunie-iulie-organica-barem.pdf,84198,dfcd94d3fd020cbeaa8e85edf351b86c67796bdc820454373243ea68a1dc686a
2019,chimie,Chimie,sesiune-iunie-iulie,Sesiunea iunie-iulie,subiect,2019-iunie-iulie-organica-subiect.pdf,bac/2019/chimie/sesiune-iunie-iulie/2019-iunie-iulie-organica-subiect.pdf,131377,81f127e09d6b947d01146e55c7033293736da86e7fdf41943c82b2ee6f42e876
2019,chimie,Chimie,sesiune-speciala,Sesiunea speciala,barem,2019-speciala-anorganica-barem.pdf,bac/2019/chimie/sesiune-speciala/2019-speciala-anorganica-barem.pdf,86529,e2ae0ee48a9514d1109b1d302eba67c117e623798d145107931555066fd9fbc0
2019,chimie,Chimie,sesiune-speciala,Sesiunea speciala,subiect,2019-speciala-anorganica-subiect.pdf,bac/2019/chimie/sesiune-speciala/2019-speciala-anorganica-subiect.pdf,146349,fbf6b274b85e049cd7f62d4c8e832ff2d0736087e1a8c94e90c719101f859a50
2019,chimie,Chimie,sesiune-speciala,Sesiunea speciala,barem,2019-speciala-organica-barem.pdf,bac/2019/chimie/sesiune-speciala/2019-speciala-organica-barem.pdf,66114,90cf97f8f9b6e36946e5c99253909415fc3663d3e1988742ebb804e5277ddab2
2019,chimie,Chimie,sesiune-speciala,Sesiunea speciala,subiect,2019-speciala-organica-subiect.pdf,bac/2019/chimie/sesiune-speciala/2019-speciala-organica-subiect.pdf,142970,dcdf26793e042b2e44f32795458b1243165ea08b702a59cfa896bf5673b6af70
2019,chimie,Chimie,simulare,Simulare,barem,2019-simulare-anorganica-barem.pdf,bac/2019/chimie/simulare/2019-simulare-anorganica-barem.pdf,80486,8ee5bfbbd8df56238206ab83e07bca9050ec0e0350da420f38a820a803b88394
2019,chimie,Chimie,simulare,Simulare,subiect,2019-simulare-anorganica-subiect.pdf,bac/2019/chimie/simulare/2019-simulare-anorganica-subiect.pdf,166103,222e911086dbbaeb119b9d13380fa88d04cea1ac07fe0816cc3cfb79708ce4f8
2019,chimie,Chimie,simulare,Simulare,barem,2019-simulare-organica-barem.pdf,bac/2019/chimie/simulare/2019-simulare-organica-barem.pdf,85456,335a5c042146d20b82ec68ec986254c5787d600d14e230d93e98cad5d29f57a7
2019,chimie,Chimie,simulare,Simulare,subiect,2019-simulare-organica-subiect.pdf,bac/2019/chimie/simulare/2019-simulare-organica-subiect.pdf,146674,71d533ad9bbf03c8450d902516b20182889ae273f8968251838c8a5e46dd3481
2020,biologie,Biologie,sesiune-august,Sesiunea august,barem,2020-august-anatomie-fiziologie-barem.pdf,bac/2020/biologie/sesiune-august/2020-august-anatomie-fiziologie-barem.pdf,81455,0c8957085c5ddc729692d5cf4abcbb563c47c64497a30be40513920d163b1919
2020,biologie,Biologie,sesiune-august,Sesiunea august,subiect,2020-august-anatomie-fiziologie-subiect.pdf,bac/2020/biologie/sesiune-august/2020-august-anatomie-fiziologie-subiect.pdf,101828,1dd67187ce707f11162a16b1d3920a97ca4116bf2043b14bc0459a490015580d
2020,biologie,Biologie,sesiune-august,Sesiunea august,barem,2020-august-vegetala-animala-barem.pdf,bac/2020/biologie/sesiune-august/2020-august-vegetala-animala-barem.pdf,81421,5e0c4cb8f7ab031bc979e53157e1ba27eb06d884612d4de903f4bffa1577143c
2020,biologie,Biologie,sesiune-august,Sesiunea august,subiect,2020-august-vegetala-animala-subiect.pdf,bac/2020/biologie/sesiune-august/2020-august-vegetala-animala-subiect.pdf,112918,b459a0ebcbf5445c3149bd9067e08773329e95c773a622102350ce5a288181d0
2020,biologie,Biologie,sesiune-iunie-iulie,Sesiunea iunie-iulie,barem,2020-iunie-iulie-anatomie-fiziologie-barem.pdf,bac/2020/biologie/sesiune-iunie-iulie/2020-iunie-iulie-anatomie-fiziologie-barem.pdf,86730,1a13f7a1572671fc164f1c29cb560fa4fbaa9a5d67305630e85415f0ba9e3bcd
2020,biologie,Biologie,sesiune-iunie-iulie,Sesiunea iunie-iulie,subiect,2020-iunie-iulie-anatomie-fiziologie-subiect.pdf,bac/2020/biologie/sesiune-iunie-iulie/2020-iunie-iulie-anatomie-fiziologie-subiect.pdf,108227,f4e49029c56459b2ecf8d032cb20ad5bb09a28814bf77fa710554afc53d2e9b6
2020,biologie,Biologie,sesiune-iunie-iulie,Sesiunea iunie-iulie,barem,2020-iunie-iulie-vegetala-animala-barem.pdf,bac/2020/biologie/sesiune-iunie-iulie/2020-iunie-iulie-vegetala-animala-barem.pdf,80693,98af9aa9207ee58b2a1fcb5ad441c2bffeba678ecf6f5011a176d5062693769f
2020,biologie,Biologie,sesiune-iunie-iulie,Sesiunea iunie-iulie,subiect,2020-iunie-iulie-vegetala-animala-subiect.pdf,bac/2020/biologie/sesiune-iunie-iulie/2020-iunie-iulie-vegetala-animala-subiect.pdf,107542,3ae3dfb2c0f978532a4557605a23099d47cfd41e0ad68dbb4d7d5ab2d6d49016
2020,biologie,Biologie,sesiune-speciala,Sesiunea speciala,barem,2020-speciala-anatomie-fiziologie-barem.pdf,bac/2020/biologie/sesiune-speciala/2020-speciala-anatomie-fiziologie-barem.pdf,89629,5c823a062f10565233c6b281aecdb6171a7d42de00be996313c0c52010db733f
2020,biologie,Biologie,sesiune-speciala,Sesiunea speciala,subiect,2020-speciala-anatomie-fiziologie-subiect.pdf,bac/2020/biologie/sesiune-speciala/2020-speciala-anatomie-fiziologie-subiect.pdf,105505,b324dfec57965451bb55b9d8be211728fd5894ca5d899e8fa0c2acde529ed7a0
2020,biologie,Biologie,sesiune-speciala,Sesiunea speciala,barem,2020-speciala-vegetala-animala-barem.pdf,bac/2020/biologie/sesiune-speciala/2020-speciala-vegetala-animala-barem.pdf,84749,a2dd823c66f73d3d2d1d1850b877b7d53892557b0aeb8f6b3816e061a7fc2901
2020,biologie,Biologie,sesiune-speciala,Sesiunea speciala,subiect,2020-speciala-vegetala-animala-subiect.pdf,bac/2020/biologie/sesiune-speciala/2020-speciala-vegetala-animala-subiect.pdf,107668,93ef21679af6693ea1fe23491e979f8792fc3ad39596bacb67e748d62a7e3bc5
2020,biologie,Biologie,teste-antrenament,Test de antrenament 1,barem,2020-antrenament-01-anatomie-fiziologie-barem.pdf,bac/2020/biologie/teste-antrenament/2020-antrenament-01-anatomie-fiziologie-barem.pdf,145437,c6c11693d40f7b28a3ecc024f0fb65d4bdf43fca791aa5a42906939fb454e2a3
2020,biologie,Biologie,teste-antrenament,Test de antrenament 1,subiect,2020-antrenament-01-anatomie-fiziologie-subiect.pdf,bac/2020/biologie/teste-antrenament/2020-antrenament-01-anatomie-fiziologie-subiect.pdf,150013,13b4f35f9f28f62f8c4bd3f7941f938c3be3a4c8eb3986a97d56d01917372dd6
2020,biologie,Biologie,teste-antrenament,Test de antrenament 1,barem,2020-antrenament-01-vegetala-animala-barem.pdf,bac/2020/biologie/teste-antrenament/2020-antrenament-01-vegetala-animala-barem.pdf,158090,8f389b3aec9e7d32d38dbf8b81a08d8b7d28fea7d700daf9a7006fd44244b8d8
2020,biologie,Biologie,teste-antrenament,Test de antrenament 1,subiect,2020-antrenament-01-vegetala-animala-subiect.pdf,bac/2020/biologie/teste-antrenament/2020-antrenament-01-vegetala-animala-subiect.pdf,162534,e39e0ef4fdcd717fbfe3bf592e85e7635e049062e96b292988d546a33b86924c
2020,biologie,Biologie,teste-antrenament,Test de antrenament 2,barem,2020-antrenament-02-anatomie-fiziologie-barem.pdf,bac/2020/biologie/teste-antrenament/2020-antrenament-02-anatomie-fiziologie-barem.pdf,145123,7f602bcdede6c4bf9ccd2fdb6202285578148ff703f07d47d54600d91cb12da0
2020,biologie,Biologie,teste-antrenament,Test de antrenament 2,subiect,2020-antrenament-02-anatomie-fiziologie-subiect.pdf,bac/2020/biologie/teste-antrenament/2020-antrenament-02-anatomie-fiziologie-subiect.pdf,149510,f22b66213050db3698c2bc0c59ec2d295db8db74ed5c33a1f3e90d82aed10c49
2020,biologie,Biologie,teste-antrenament,Test de antrenament 2,barem,2020-antrenament-02-vegetala-animala-barem.pdf,bac/2020/biologie/teste-antrenament/2020-antrenament-02-vegetala-animala-barem.pdf,159156,7f469c813b0dae1e2059e5f9bc64344ac1b48ee72f2e2e8d50052e784d57cdef
2020,biologie,Biologie,teste-antrenament,Test de antrenament 2,subiect,2020-antrenament-02-vegetala-animala-subiect.pdf,bac/2020/biologie/teste-antrenament/2020-antrenament-02-vegetala-animala-subiect.pdf,162948,292c9d327342f45eda20c75ddcd14ce840899f618dfa267bd4226c7b75b38215
2020,biologie,Biologie,teste-antrenament,Test de antrenament 3,barem,2020-antrenament-03-anatomie-fiziologie-barem.pdf,bac/2020/biologie/teste-antrenament/2020-antrenament-03-anatomie-fiziologie-barem.pdf,144909,f44924000f7aae04de447073140168659c1ce3d15084e6b497d2305d735d92be
2020,biologie,Biologie,teste-antrenament,Test de antrenament 3,subiect,2020-antrenament-03-anatomie-fiziologie-subiect.pdf,bac/2020/biologie/teste-antrenament/2020-antrenament-03-anatomie-fiziologie-subiect.pdf,149582,beed33db0d169612dcda5b525a41c243800b4eb2251b39c696d242215a0d58b4
2020,biologie,Biologie,teste-antrenament,Test de antrenament 3,barem,2020-antrenament-03-vegetala-animala-barem.pdf,bac/2020/biologie/teste-antrenament/2020-antrenament-03-vegetala-animala-barem.pdf,158855,c20ed2c957cf75423100522a803826a01cfdc0f088e10067af519f7553984f9c
2020,biologie,Biologie,teste-antrenament,Test de antrenament 3,subiect,2020-antrenament-03-vegetala-animala-subiect.pdf,bac/2020/biologie/teste-antrenament/2020-antrenament-03-vegetala-animala-subiect.pdf,163232,0381f63c80d5c7dc55977acd5f42507652a5e29ee91e2ad542048a6b82e9e3bc
2020,biologie,Biologie,teste-antrenament,Test de antrenament 4,barem,2020-antrenament-04-anatomie-fiziologie-barem.pdf,bac/2020/biologie/teste-antrenament/2020-antrenament-04-anatomie-fiziologie-barem.pdf,145527,12da0162adb16726021ef445ce30a4d32a4fa3675f7f6a93d40b6eb86c56403f
2020,biologie,Biologie,teste-antrenament,Test de antrenament 4,subiect,2020-antrenament-04-anatomie-fiziologie-subiect.pdf,bac/2020/biologie/teste-antrenament/2020-antrenament-04-anatomie-fiziologie-subiect.pdf,149570,34d4156bd8229f213d0c426a481a98aa30399baff86b09f4e541aafbf0af7636
2020,biologie,Biologie,teste-antrenament,Test de antrenament 4,barem,2020-antrenament-04-vegetala-animala-barem.pdf,bac/2020/biologie/teste-antrenament/2020-antrenament-04-vegetala-animala-barem.pdf,159032,d6c4babc24aff384be77c1e84bf359522cd7fc2131dcbc43d0060c37daf6f933
2020,biologie,Biologie,teste-antrenament,Test de antrenament 4,subiect,2020-antrenament-04-vegetala-animala-subiect.pdf,bac/2020/biologie/teste-antrenament/2020-antrenament-04-vegetala-animala-subiect.pdf,162553,34775bf4a45655d1059a92fcafeff5ba56bbe61bedf0715664faf6b190d595c7
2020,biologie,Biologie,teste-antrenament,Test de antrenament 5,barem,2020-antrenament-05-anatomie-fiziologie-barem.pdf,bac/2020/biologie/teste-antrenament/2020-antrenament-05-anatomie-fiziologie-barem.pdf,145611,0ba0839f457c30631610e0252828977a81814a5e91b1335be5e223754cee121d
2020,biologie,Biologie,teste-antrenament,Test de antrenament 5,subiect,2020-antrenament-05-anatomie-fiziologie-subiect.pdf,bac/2020/biologie/teste-antrenament/2020-antrenament-05-anatomie-fiziologie-subiect.pdf,150635,dbf4217aecac5a38a7cf166e781b39963e4dacaf9b9ad2ad50f9c53c2eeb4a67
2020,biologie,Biologie,teste-antrenament,Test de antrenament 5,barem,2020-antrenament-05-vegetala-animala-barem.pdf,bac/2020/biologie/teste-antrenament/2020-antrenament-05-vegetala-animala-barem.pdf,159533,4f8d4db91fc9faa5a04b2c7314dde50180132eb7d424b9ee1d06a2262ce9ceeb
2020,biologie,Biologie,teste-antrenament,Test de antrenament 5,subiect,2020-antrenament-05-vegetala-animala-subiect.pdf,bac/2020/biologie/teste-antrenament/2020-antrenament-05-vegetala-animala-subiect.pdf,152917,9448dce2384e02104038a0b4600bfd7f3a1581d943a7f8993ae7bf124431f724
2020,biologie,Biologie,teste-antrenament,Test de antrenament 6,barem,2020-antrenament-06-anatomie-fiziologie-barem.pdf,bac/2020/biologie/teste-antrenament/2020-antrenament-06-anatomie-fiziologie-barem.pdf,144759,2aa8352f4726cfa728ff7be81048ed77d43a159e856ac5dc2aeaa659b58112ec
2020,biologie,Biologie,teste-antrenament,Test de antrenament 6,subiect,2020-antrenament-06-anatomie-fiziologie-subiect.pdf,bac/2020/biologie/teste-antrenament/2020-antrenament-06-anatomie-fiziologie-subiect.pdf,149537,ed2848022f4ba0aa01f697a459199ca708bd875d95d60a20611f15390f54f1f1
2020,biologie,Biologie,teste-antrenament,Test de antrenament 6,barem,2020-antrenament-06-vegetala-animala-barem.pdf,bac/2020/biologie/teste-antrenament/2020-antrenament-06-vegetala-animala-barem.pdf,159532,9f383401683c2c6010b2fce40dba6c7bd2cc3a72ac824bca2ae911d3bb9d4edd
2020,biologie,Biologie,teste-antrenament,Test de antrenament 6,subiect,2020-antrenament-06-vegetala-animala-subiect.pdf,bac/2020/biologie/teste-antrenament/2020-antrenament-06-vegetala-animala-subiect.pdf,164376,5db592402017f85f692e5e7b70ae721011a2fcb06c509e8d30fdff6132120369
2020,biologie,Biologie,teste-antrenament,Test de antrenament 7,barem,2020-antrenament-07-anatomie-fiziologie-barem.pdf,bac/2020/biologie/teste-antrenament/2020-antrenament-07-anatomie-fiziologie-barem.pdf,146515,660446bab1ebe4469be93d0f226453100bb4e735b403ff1abe84aa88fa9871cd
2020,biologie,Biologie,teste-antrenament,Test de antrenament 7,subiect,2020-antrenament-07-anatomie-fiziologie-subiect.pdf,bac/2020/biologie/teste-antrenament/2020-antrenament-07-anatomie-fiziologie-subiect.pdf,150484,6ed9d4d2f297599ea9f8e0db3030f25d5d4296adfe465a58bbb2310d6eb650ae
2020,biologie,Biologie,teste-antrenament,Test de antrenament 7,barem,2020-antrenament-07-vegetala-animala-barem.pdf,bac/2020/biologie/teste-antrenament/2020-antrenament-07-vegetala-animala-barem.pdf,159217,0a122d5c6dac2687fde6cbab615f20ebf6a262c3e1e3725324a81cae21e488f4
2020,biologie,Biologie,teste-antrenament,Test de antrenament 7,subiect,2020-antrenament-07-vegetala-animala-subiect.pdf,bac/2020/biologie/teste-antrenament/2020-antrenament-07-vegetala-animala-subiect.pdf,163378,49dfa87643592a3e0986b1770c01cd76f446c36e72048c878eecc3bf9a05eebd
2020,biologie,Biologie,teste-antrenament,Test de antrenament 8,barem,2020-antrenament-08-anatomie-fiziologie-barem.pdf,bac/2020/biologie/teste-antrenament/2020-antrenament-08-anatomie-fiziologie-barem.pdf,145600,a63338386087483c60382f1e39a0812786b4d5011c5618432d1d26364893353d
2020,biologie,Biologie,teste-antrenament,Test de antrenament 8,subiect,2020-antrenament-08-anatomie-fiziologie-subiect.pdf,bac/2020/biologie/teste-antrenament/2020-antrenament-08-anatomie-fiziologie-subiect.pdf,150445,54bf0e3f0863e4a8ba29b49f90898185b1a8e51b970273373ac8535b9d4bd296
2020,biologie,Biologie,teste-antrenament,Test de antrenament 8,barem,2020-antrenament-08-vegetala-animala-barem.pdf,bac/2020/biologie/teste-antrenament/2020-antrenament-08-vegetala-animala-barem.pdf,159561,feabc733b1911319e220b28461bdef5e73e1d7b48c96c2c7ddc36890cc9d3af4
2020,biologie,Biologie,teste-antrenament,Test de antrenament 8,subiect,2020-antrenament-08-vegetala-animala-subiect.pdf,bac/2020/biologie/teste-antrenament/2020-antrenament-08-vegetala-animala-subiect.pdf,162960,45c8139706cb85edf9fe465378950ae80ec94c7416e0716a532902bfd26420f3
2020,biologie,Biologie,teste-antrenament,Test de antrenament 9,barem,2020-antrenament-09-anatomie-fiziologie-barem.pdf,bac/2020/biologie/teste-antrenament/2020-antrenament-09-anatomie-fiziologie-barem.pdf,149143,5dbc7cdb24a54b354e49bbcb00f625bdf2df3bb8c64595df0d266b3b63a9f8b6
2020,biologie,Biologie,teste-antrenament,Test de antrenament 9,subiect,2020-antrenament-09-anatomie-fiziologie-subiect.pdf,bac/2020/biologie/teste-antrenament/2020-antrenament-09-anatomie-fiziologie-subiect.pdf,154156,c4d697bb8411fa38e7abf3f06fc4075c647d7bc015772a0173ea9208738ace25
2020,biologie,Biologie,teste-antrenament,Test de antrenament 9,barem,2020-antrenament-09-vegetala-animala-barem.pdf,bac/2020/biologie/teste-antrenament/2020-antrenament-09-vegetala-animala-barem.pdf,159800,e99528cf787c9d9fac47c90470a6c29140e9025be3d1d7221f7a83963984b9e8
2020,biologie,Biologie,teste-antrenament,Test de antrenament 9,subiect,2020-antrenament-09-vegetala-animala-subiect.pdf,bac/2020/biologie/teste-antrenament/2020-antrenament-09-vegetala-animala-subiect.pdf,162911,dbe3d24a175eb75febd0574d7d1e07c96d0a3c58df31d43cc98fe2425c67fdb5
2020,biologie,Biologie,teste-antrenament,Test de antrenament 10,barem,2020-antrenament-10-anatomie-fiziologie-barem.pdf,bac/2020/biologie/teste-antrenament/2020-antrenament-10-anatomie-fiziologie-barem.pdf,146148,bbd619987e08d575c8a5b9aea28caea51bc53d3507680833753f0d611c5feb9b
2020,biologie,Biologie,teste-antrenament,Test de antrenament 10,subiect,2020-antrenament-10-anatomie-fiziologie-subiect.pdf,bac/2020/biologie/teste-antrenament/2020-antrenament-10-anatomie-fiziologie-subiect.pdf,149938,29b6b8322424e101f73076d06a67fb17055d75bdb39d6f55c6319b0502b33373
2020,biologie,Biologie,teste-antrenament,Test de antrenament 10,barem,2020-antrenament-10-vegetala-animala-barem.pdf,bac/2020/biologie/teste-antrenament/2020-antrenament-10-vegetala-animala-barem.pdf,158779,d0e852821e7252cf974bfc99dcfa6f1b9affccd74604f381cfe6d0dd9d815ac0
2020,biologie,Biologie,teste-antrenament,Test de antrenament 10,subiect,2020-antrenament-10-vegetala-animala-subiect.pdf,bac/2020/biologie/teste-antrenament/2020-antrenament-10-vegetala-animala-subiect.pdf,164093,fc581240b6ea1d0eaa506ffc1b8530eec588ec86b42e5e0eab586e524b9f5ed2
2020,biologie,Biologie,teste-antrenament,Test de antrenament 11,barem,2020-antrenament-11-anatomie-fiziologie-barem.pdf,bac/2020/biologie/teste-antrenament/2020-antrenament-11-anatomie-fiziologie-barem.pdf,144881,86bc0dd45a923e11f8eaaf9d0047b9a69df773e414ad77081c2b1ca8403502b7
2020,biologie,Biologie,teste-antrenament,Test de antrenament 11,subiect,2020-antrenament-11-anatomie-fiziologie-subiect.pdf,bac/2020/biologie/teste-antrenament/2020-antrenament-11-anatomie-fiziologie-subiect.pdf,150614,f6d95130f8250f319755d0eeb50796239f7824178297e9a17409c2b1fe6f4554
2020,biologie,Biologie,teste-antrenament,Test de antrenament 11,barem,2020-antrenament-11-vegetala-animala-barem.pdf,bac/2020/biologie/teste-antrenament/2020-antrenament-11-vegetala-animala-barem.pdf,159100,90f5e5a8c9a311a9a01b2613f032d12fb06da6a73e843b1ae9b2e968fd205eb5
2020,biologie,Biologie,teste-antrenament,Test de antrenament 11,subiect,2020-antrenament-11-vegetala-animala-subiect.pdf,bac/2020/biologie/teste-antrenament/2020-antrenament-11-vegetala-animala-subiect.pdf,162957,e76a0fdeac32b32139cae5e4b675526fe68d17a85abef6b41684806c5983536f
2020,biologie,Biologie,teste-antrenament,Test de antrenament 12,barem,2020-antrenament-12-anatomie-fiziologie-barem.pdf,bac/2020/biologie/teste-antrenament/2020-antrenament-12-anatomie-fiziologie-barem.pdf,145635,5b32901ef68a2c7cadbc4f162c0eddd5dbefab2fef92352bbec24727cc0ef0fc
2020,biologie,Biologie,teste-antrenament,Test de antrenament 12,subiect,2020-antrenament-12-anatomie-fiziologie-subiect.pdf,bac/2020/biologie/teste-antrenament/2020-antrenament-12-anatomie-fiziologie-subiect.pdf,171846,cf2a7066cb83739b13d525899a1b62a86d6f7471ba8a8ac56891565e52911b93
2020,biologie,Biologie,teste-antrenament,Test de antrenament 12,barem,2020-antrenament-12-vegetala-animala-barem.pdf,bac/2020/biologie/teste-antrenament/2020-antrenament-12-vegetala-animala-barem.pdf,159314,805674e237ec355e2d3e016bdf0203b62733e4b736e2c675642fd5b603a3f92e
2020,biologie,Biologie,teste-antrenament,Test de antrenament 12,subiect,2020-antrenament-12-vegetala-animala-subiect.pdf,bac/2020/biologie/teste-antrenament/2020-antrenament-12-vegetala-animala-subiect.pdf,162184,255fb8d0324f6e7cb40751553fdcfd7fd9a9779dafd0bcea26d494ada36a29f5
2020,biologie,Biologie,teste-antrenament,Test de antrenament 13,barem,2020-antrenament-13-anatomie-fiziologie-barem.pdf,bac/2020/biologie/teste-antrenament/2020-antrenament-13-anatomie-fiziologie-barem.pdf,144300,04f036e03fd9e7d70dc31ec4d57be929d5787d907ecdfd63cc3813fb4dfc1ada
2020,biologie,Biologie,teste-antrenament,Test de antrenament 13,subiect,2020-antrenament-13-anatomie-fiziologie-subiect.pdf,bac/2020/biologie/teste-antrenament/2020-antrenament-13-anatomie-fiziologie-subiect.pdf,149944,bdc1a9d86762d41a0138c9d9b65e94d0f1ed813919cb3a771dcfd38dd0764b01
2020,biologie,Biologie,teste-antrenament,Test de antrenament 13,barem,2020-antrenament-13-vegetala-animala-barem.pdf,bac/2020/biologie/teste-antrenament/2020-antrenament-13-vegetala-animala-barem.pdf,160106,76ba1422835df0f292869f6685cba00bfb0e572a34175932943072292aa13114
2020,biologie,Biologie,teste-antrenament,Test de antrenament 13,subiect,2020-antrenament-13-vegetala-animala-subiect.pdf,bac/2020/biologie/teste-antrenament/2020-antrenament-13-vegetala-animala-subiect.pdf,164396,03e658c73baeb3445634807731c254004035939c6976bc8708b587ecf914fc76
2020,biologie,Biologie,teste-antrenament,Test de antrenament 14,barem,2020-antrenament-14-anatomie-fiziologie-barem.pdf,bac/2020/biologie/teste-antrenament/2020-antrenament-14-anatomie-fiziologie-barem.pdf,144677,0c0c1fbaf23d900e2874fe4247c40c819bddb07766aba55c34c649d7c6065781
2020,biologie,Biologie,teste-antrenament,Test de antrenament 14,subiect,2020-antrenament-14-anatomie-fiziologie-subiect.pdf,bac/2020/biologie/teste-antrenament/2020-antrenament-14-anatomie-fiziologie-subiect.pdf,150856,ba410c57adaeacece398f27629e78785298d945565512fc291ef880d85bf0463
2020,biologie,Biologie,teste-antrenament,Test de antrenament 14,barem,2020-antrenament-14-vegetala-animala-barem.pdf,bac/2020/biologie/teste-antrenament/2020-antrenament-14-vegetala-animala-barem.pdf,159300,5e26deedbbdae3cc72e62045f180bed478204b024000f133fb0931144937b1f2
2020,biologie,Biologie,teste-antrenament,Test de antrenament 14,subiect,2020-antrenament-14-vegetala-animala-subiect.pdf,bac/2020/biologie/teste-antrenament/2020-antrenament-14-vegetala-animala-subiect.pdf,163410,050d3fe16acbc6eb936b56f9b4bc64f4057366a79a642da56dc67827afc8ecd4
2020,biologie,Biologie,teste-antrenament,Test de antrenament 15,barem,2020-antrenament-15-anatomie-fiziologie-barem.pdf,bac/2020/biologie/teste-antrenament/2020-antrenament-15-anatomie-fiziologie-barem.pdf,145933,87e4e963edf759e3f96223ee84436f6672415f7282b476c6e8ecf5d5bbe7aae7
2020,biologie,Biologie,teste-antrenament,Test de antrenament 15,subiect,2020-antrenament-15-anatomie-fiziologie-subiect.pdf,bac/2020/biologie/teste-antrenament/2020-antrenament-15-anatomie-fiziologie-subiect.pdf,150910,0b4936d4a8eb2735a8652216891e842cfa16c9b55f3a676d77a3432a5e25aa97
2020,biologie,Biologie,teste-antrenament,Test de antrenament 15,barem,2020-antrenament-15-vegetala-animala-barem.pdf,bac/2020/biologie/teste-antrenament/2020-antrenament-15-vegetala-animala-barem.pdf,159388,4bc850b800702df4138795562724c2719dfc15e075dcc2e93b001cb987812980
2020,biologie,Biologie,teste-antrenament,Test de antrenament 15,subiect,2020-antrenament-15-vegetala-animala-subiect.pdf,bac/2020/biologie/teste-antrenament/2020-antrenament-15-vegetala-animala-subiect.pdf,163990,3d0f32b8fc2237c9b44c2e7672adae5b85b55adb7d132b03efd8a608624d990d
2020,biologie,Biologie,teste-antrenament,Test de antrenament 16,barem,2020-antrenament-16-anatomie-fiziologie-barem.pdf,bac/2020/biologie/teste-antrenament/2020-antrenament-16-anatomie-fiziologie-barem.pdf,147854,ffd704879d1db0c374b9fa130a12b51d471048cde1bbfd4a1be5b3d9af42df80
2020,biologie,Biologie,teste-antrenament,Test de antrenament 16,subiect,2020-antrenament-16-anatomie-fiziologie-subiect.pdf,bac/2020/biologie/teste-antrenament/2020-antrenament-16-anatomie-fiziologie-subiect.pdf,152429,4600df40f9b11f81a232eccb47cce58feb7daa280123c6d159703580d3ec0a6d
2020,biologie,Biologie,teste-antrenament,Test de antrenament 16,barem,2020-antrenament-16-vegetala-animala-barem.pdf,bac/2020/biologie/teste-antrenament/2020-antrenament-16-vegetala-animala-barem.pdf,159024,474f443342811820d4dd0d0852d10ccf74c929d9e55fbbed00b5e81559d19596
2020,biologie,Biologie,teste-antrenament,Test de antrenament 16,subiect,2020-antrenament-16-vegetala-animala-subiect.pdf,bac/2020/biologie/teste-antrenament/2020-antrenament-16-vegetala-animala-subiect.pdf,164458,d52cfe94f215e34ec1c2311507f19378515dd8fcf201b126f0c89c2bfbdca437
2020,biologie,Biologie,teste-antrenament,Test de antrenament 17,barem,2020-antrenament-17-anatomie-fiziologie-barem.pdf,bac/2020/biologie/teste-antrenament/2020-antrenament-17-anatomie-fiziologie-barem.pdf,145884,d3360d665c934c722ab848f18ddd5119a12aa12826013f4160f42caef9bb2abc
2020,biologie,Biologie,teste-antrenament,Test de antrenament 17,subiect,2020-antrenament-17-anatomie-fiziologie-subiect.pdf,bac/2020/biologie/teste-antrenament/2020-antrenament-17-anatomie-fiziologie-subiect.pdf,149791,7bc31a5f7dbb95ac9222fb29186e9fa0dcc37158c6c977caf7de202c60b6f896
2020,biologie,Biologie,teste-antrenament,Test de antrenament 17,barem,2020-antrenament-17-vegetala-animala-barem.pdf,bac/2020/biologie/teste-antrenament/2020-antrenament-17-vegetala-animala-barem.pdf,159536,af08ab1d1076379d667e31f6684f5b92778ca75ed5f2dc4e94130ff45cadd9dd
2020,biologie,Biologie,teste-antrenament,Test de antrenament 17,subiect,2020-antrenament-17-vegetala-animala-subiect.pdf,bac/2020/biologie/teste-antrenament/2020-antrenament-17-vegetala-animala-subiect.pdf,162529,62ebe06849d6fc34de44a25ba651da8e27a13f9efd95fa14debf951cd667763c
2020,biologie,Biologie,teste-antrenament,Test de antrenament 18,barem,2020-antrenament-18-anatomie-fiziologie-barem.pdf,bac/2020/biologie/teste-antrenament/2020-antrenament-18-anatomie-fiziologie-barem.pdf,147294,f350f150939cc160a0cf710c4f38ef03e0784fc7132935797a0cff4d268e18ef
2020,biologie,Biologie,teste-antrenament,Test de antrenament 18,subiect,2020-antrenament-18-anatomie-fiziologie-subiect.pdf,bac/2020/biologie/teste-antrenament/2020-antrenament-18-anatomie-fiziologie-subiect.pdf,150729,48a1eaa676842636055e2ee154b91e386d9aa1f11cc867084585f2c2c75a02c5
2020,biologie,Biologie,teste-antrenament,Test de antrenament 18,barem,2020-antrenament-18-vegetala-animala-barem.pdf,bac/2020/biologie/teste-antrenament/2020-antrenament-18-vegetala-animala-barem.pdf,158694,980dea2bc35708e917bb1d3500a9ffa1bb5479f82d54b34d50d033c56e7d5dda
2020,biologie,Biologie,teste-antrenament,Test de antrenament 18,subiect,2020-antrenament-18-vegetala-animala-subiect.pdf,bac/2020/biologie/teste-antrenament/2020-antrenament-18-vegetala-animala-subiect.pdf,164575,e6503a68e286591ee6729bc1cccc86793d813c8ea64d3df69a426705d38aeb55
2020,biologie,Biologie,teste-antrenament,Test de antrenament 19,barem,2020-antrenament-19-anatomie-fiziologie-barem.pdf,bac/2020/biologie/teste-antrenament/2020-antrenament-19-anatomie-fiziologie-barem.pdf,147508,67aa8ac3963671f996ec2c77fc4f3bf2e564cd17a58dafd990d8d238b7893090
2020,biologie,Biologie,teste-antrenament,Test de antrenament 19,subiect,2020-antrenament-19-anatomie-fiziologie-subiect.pdf,bac/2020/biologie/teste-antrenament/2020-antrenament-19-anatomie-fiziologie-subiect.pdf,150887,cc4dd76fe0d275bfa7213e19dc53862fad1f467bbbb7c8b4378ea36d600044b0
2020,biologie,Biologie,teste-antrenament,Test de antrenament 19,barem,2020-antrenament-19-vegetala-animala-barem.pdf,bac/2020/biologie/teste-antrenament/2020-antrenament-19-vegetala-animala-barem.pdf,160470,e8042477b8ece8c8ed74595a642720b9f21d6b3eef9288c2782bba96d4443ed2
2020,biologie,Biologie,teste-antrenament,Test de antrenament 19,subiect,2020-antrenament-19-vegetala-animala-subiect.pdf,bac/2020/biologie/teste-antrenament/2020-antrenament-19-vegetala-animala-subiect.pdf,166907,ac5ac232a359f1e9fc69451455793436a9ad9ac9d08b0926aabbb3268ddcbb86
2020,biologie,Biologie,teste-antrenament,Test de antrenament 20,barem,2020-antrenament-20-anatomie-fiziologie-barem.pdf,bac/2020/biologie/teste-antrenament/2020-antrenament-20-anatomie-fiziologie-barem.pdf,145639,2b4229f2394e4c7492bf0e1845d8c195868c7e160343f3bf2ee8276dd084c3cd
2020,biologie,Biologie,teste-antrenament,Test de antrenament 20,subiect,2020-antrenament-20-anatomie-fiziologie-subiect.pdf,bac/2020/biologie/teste-antrenament/2020-antrenament-20-anatomie-fiziologie-subiect.pdf,151337,e1d8a781126430d392a6804fba1ea51c7fdeec7f63ffd8560c3dfe0e2d7e152e
2020,biologie,Biologie,teste-antrenament,Test de antrenament 20,barem,2020-antrenament-20-vegetala-animala-barem.pdf,bac/2020/biologie/teste-antrenament/2020-antrenament-20-vegetala-animala-barem.pdf,159677,56a48d9d27fbd6b1baa0117d90fe0b17bfe5bbffd9d921300d8ec366c0a81b9a
2020,biologie,Biologie,teste-antrenament,Test de antrenament 20,subiect,2020-antrenament-20-vegetala-animala-subiect.pdf,bac/2020/biologie/teste-antrenament/2020-antrenament-20-vegetala-animala-subiect.pdf,164365,918397210f73d4bf6f346a8f64fd66038b556500b2e5abac5ef967f0e2b44cfe
2020,chimie,Chimie,sesiune-august,Sesiunea august,barem,2020-august-anorganica-barem.pdf,bac/2020/chimie/sesiune-august/2020-august-anorganica-barem.pdf,74035,5229291744c9f7be5e7e1879d5f558ed9d86bb8e7f818926db5e76681178f805
2020,chimie,Chimie,sesiune-august,Sesiunea august,subiect,2020-august-anorganica-subiect.pdf,bac/2020/chimie/sesiune-august/2020-august-anorganica-subiect.pdf,157161,509df312ff35c7f8a83a004d77ca93cf7c3d566628a1292d2619adb3c38cea6b
2020,chimie,Chimie,sesiune-august,Sesiunea august,barem,2020-august-organica-barem.pdf,bac/2020/chimie/sesiune-august/2020-august-organica-barem.pdf,95525,984ea0d8a043e7c078261065cf8daaf5e5dfa0f81a1a5e793596b94671bf2a94
2020,chimie,Chimie,sesiune-august,Sesiunea august,subiect,2020-august-organica-subiect.pdf,bac/2020/chimie/sesiune-august/2020-august-organica-subiect.pdf,130973,dd3dbdf55bf8dcf92fc6329a2b21d02fda5ae2a97ff5b4d0f33d7918668d5639
2020,chimie,Chimie,sesiune-iunie-iulie,Sesiunea iunie-iulie,barem,2020-iunie-iulie-anorganica-barem.pdf,bac/2020/chimie/sesiune-iunie-iulie/2020-iunie-iulie-anorganica-barem.pdf,76205,e2f1b18cbdfbe2a48b1713e09e1bcb86fbdb9e86f1f5f43eb7769313f37bf80a
2020,chimie,Chimie,sesiune-iunie-iulie,Sesiunea iunie-iulie,subiect,2020-iunie-iulie-anorganica-subiect.pdf,bac/2020/chimie/sesiune-iunie-iulie/2020-iunie-iulie-anorganica-subiect.pdf,155879,8c7fee90a45e285c706e463c7cf71ef4f48a09969823ccbade3c72f467ce17b1
2020,chimie,Chimie,sesiune-iunie-iulie,Sesiunea iunie-iulie,barem,2020-iunie-iulie-organica-barem.pdf,bac/2020/chimie/sesiune-iunie-iulie/2020-iunie-iulie-organica-barem.pdf,76665,cdbaccce38ceb4e546f8bd36f94bf0aab505dcef17ab388aa2510ae7ef7c1ae5
2020,chimie,Chimie,sesiune-iunie-iulie,Sesiunea iunie-iulie,subiect,2020-iunie-iulie-organica-subiect.pdf,bac/2020/chimie/sesiune-iunie-iulie/2020-iunie-iulie-organica-subiect.pdf,126365,1b1b6f44e60a25be130fb92ec3f23f5940257b02eedfb911947e8576fc13e546
2020,chimie,Chimie,sesiune-speciala,Sesiunea speciala,barem,2020-speciala-anorganica-barem.pdf,bac/2020/chimie/sesiune-speciala/2020-speciala-anorganica-barem.pdf,85524,4241207f78f231b0034f2f4b2a263cca9f3cd4d6229b21a213d5999abcfb0fc7
2020,chimie,Chimie,sesiune-speciala,Sesiunea speciala,subiect,2020-speciala-anorganica-subiect.pdf,bac/2020/chimie/sesiune-speciala/2020-speciala-anorganica-subiect.pdf,162630,246a23ecff00ea9dc1e4e556d652830c8d6841c0814e74c96be2afad6758bcef
2020,chimie,Chimie,sesiune-speciala,Sesiunea speciala,barem,2020-speciala-organica-barem.pdf,bac/2020/chimie/sesiune-speciala/2020-speciala-organica-barem.pdf,86697,a6f148c025699a669b275924e7633b8796c9c40262d27bd9b4ab8477dcec1c75
2020,chimie,Chimie,sesiune-speciala,Sesiunea speciala,subiect,2020-speciala-organica-subiect.pdf,bac/2020/chimie/sesiune-speciala/2020-speciala-organica-subiect.pdf,130053,37adaa53c9cde1ca2397ec9844dcd856c7f147344e3ff4721755b3cb0fd4452e
2020,chimie,Chimie,teste-antrenament,Test de antrenament 1,barem,2020-antrenament-01-anorganica-barem.pdf,bac/2020/chimie/teste-antrenament/2020-antrenament-01-anorganica-barem.pdf,138652,2c9fb076d9337391087ea668aaf162bbaf87032b61687ca14f1bf983d53320ed
2020,chimie,Chimie,teste-antrenament,Test de antrenament 1,subiect,2020-antrenament-01-anorganica-subiect.pdf,bac/2020/chimie/teste-antrenament/2020-antrenament-01-anorganica-subiect.pdf,158814,5d4adcbf8a222d743d8a5b14c42f0561e5921d721184e3d908ca6b142cd2750a
2020,chimie,Chimie,teste-antrenament,Test de antrenament 1,barem,2020-antrenament-01-organica-barem.pdf,bac/2020/chimie/teste-antrenament/2020-antrenament-01-organica-barem.pdf,119683,f6e35e78b7bedeeda1c0f096eedaa9aa510febfa70595fc3793c84cda00b6a87
2020,chimie,Chimie,teste-antrenament,Test de antrenament 1,subiect,2020-antrenament-01-organica-subiect.pdf,bac/2020/chimie/teste-antrenament/2020-antrenament-01-organica-subiect.pdf,131786,e347cb67e94ef9ea5a24a4de5f8436ac03c3be20f05150d2dc94d516caa7f68a
2020,chimie,Chimie,teste-antrenament,Test de antrenament 2,barem,2020-antrenament-02-anorganica-barem.pdf,bac/2020/chimie/teste-antrenament/2020-antrenament-02-anorganica-barem.pdf,143755,aa494328692d6142b901812be991048380d0be1a872e1d7bd0214cf853bd5b36
2020,chimie,Chimie,teste-antrenament,Test de antrenament 2,subiect,2020-antrenament-02-anorganica-subiect.pdf,bac/2020/chimie/teste-antrenament/2020-antrenament-02-anorganica-subiect.pdf,161377,a7ff4ff15b1ce1e7537e832d8571b9a3f5df74baa550f953e40a8007800b0f66
2020,chimie,Chimie,teste-antrenament,Test de antrenament 2,barem,2020-antrenament-02-organica-barem.pdf,bac/2020/chimie/teste-antrenament/2020-antrenament-02-organica-barem.pdf,118373,5010e72fe67b9867651b55f2b969e5c415290c10e44f3ca345c5d9fe45698b81
2020,chimie,Chimie,teste-antrenament,Test de antrenament 2,subiect,2020-antrenament-02-organica-subiect.pdf,bac/2020/chimie/teste-antrenament/2020-antrenament-02-organica-subiect.pdf,131851,42114361a7b12d7f6b5f1bb76f1c5607516b7bac9ba028412ca90b49e9077c49
2020,chimie,Chimie,teste-antrenament,Test de antrenament 3,barem,2020-antrenament-03-anorganica-barem.pdf,bac/2020/chimie/teste-antrenament/2020-antrenament-03-anorganica-barem.pdf,122918,9061ca171ed036f810a8a00daeb87b14e7223593f6c0f0dc007d0e7a766a8696
2020,chimie,Chimie,teste-antrenament,Test de antrenament 3,subiect,2020-antrenament-03-anorganica-subiect.pdf,bac/2020/chimie/teste-antrenament/2020-antrenament-03-anorganica-subiect.pdf,133839,d57c858b03c2c5519b587cd61988696ebaa0676c893f78c32aa21175b657fa4c
2020,chimie,Chimie,teste-antrenament,Test de antrenament 3,barem,2020-antrenament-03-organica-barem.pdf,bac/2020/chimie/teste-antrenament/2020-antrenament-03-organica-barem.pdf,114593,2e92d1b32bc9200074008c44209a07e80ccdebfe1702a74ab77815d57192cc29
2020,chimie,Chimie,teste-antrenament,Test de antrenament 3,subiect,2020-antrenament-03-organica-subiect.pdf,bac/2020/chimie/teste-antrenament/2020-antrenament-03-organica-subiect.pdf,125475,54ff40e8ba5ed83cd2c40812bad9f22e7a85a4125aeccc6539f9a80179c38b6e
2020,chimie,Chimie,teste-antrenament,Test de antrenament 4,barem,2020-antrenament-04-anorganica-barem.pdf,bac/2020/chimie/teste-antrenament/2020-antrenament-04-anorganica-barem.pdf,149469,79aae4254bf449612220f1b272242b8483e5fa71976a1a83728e5742ebd64480
2020,chimie,Chimie,teste-antrenament,Test de antrenament 4,subiect,2020-antrenament-04-anorganica-subiect.pdf,bac/2020/chimie/teste-antrenament/2020-antrenament-04-anorganica-subiect.pdf,176876,6814862989e2d1f65a20c531a53f03f6afc48222d042157972c03353ba297034
2020,chimie,Chimie,teste-antrenament,Test de antrenament 4,barem,2020-antrenament-04-organica-barem.pdf,bac/2020/chimie/teste-antrenament/2020-antrenament-04-organica-barem.pdf,117620,b9631288936f674b19c438045f4bb4f393d7390da1a5f881549a8172af0bda17
2020,chimie,Chimie,teste-antrenament,Test de antrenament 4,subiect,2020-antrenament-04-organica-subiect.pdf,bac/2020/chimie/teste-antrenament/2020-antrenament-04-organica-subiect.pdf,133012,e280fc1bdab1bd9bb6ad95671b23400b15645b9f48b1af1c4aea522dc2ff12dc
2020,chimie,Chimie,teste-antrenament,Test de antrenament 5,barem,2020-antrenament-05-anorganica-barem.pdf,bac/2020/chimie/teste-antrenament/2020-antrenament-05-anorganica-barem.pdf,141169,da2acda5c9da68820b4c0b97478359830b3c2ffd75c413ba30ef75a547e33a5e
2020,chimie,Chimie,teste-antrenament,Test de antrenament 5,subiect,2020-antrenament-05-anorganica-subiect.pdf,bac/2020/chimie/teste-antrenament/2020-antrenament-05-anorganica-subiect.pdf,132595,ad096764e433d1d058ac0051cc6b10df2a35ad5d9fabb11081a026058880ea45
2020,chimie,Chimie,teste-antrenament,Test de antrenament 5,barem,2020-antrenament-05-organica-barem.pdf,bac/2020/chimie/teste-antrenament/2020-antrenament-05-organica-barem.pdf,111643,1f6a73408834bf3c40465e56c9dfab1e20a569e4ee5cba7541c048cc11b24bfd
2020,chimie,Chimie,teste-antrenament,Test de antrenament 5,subiect,2020-antrenament-05-organica-subiect.pdf,bac/2020/chimie/teste-antrenament/2020-antrenament-05-organica-subiect.pdf,128992,5a6ef2fdac2afc2b49b12e11421fbe9f0b802167fcbec4081cf3f35063ab6dc1
2020,chimie,Chimie,teste-antrenament,Test de antrenament 6,barem,2020-antrenament-06-anorganica-barem.pdf,bac/2020/chimie/teste-antrenament/2020-antrenament-06-anorganica-barem.pdf,138305,66c99630eb306175365ac630a9d2add67e4dc0d35f9fccd4ca4337c93437c304
2020,chimie,Chimie,teste-antrenament,Test de antrenament 6,subiect,2020-antrenament-06-anorganica-subiect.pdf,bac/2020/chimie/teste-antrenament/2020-antrenament-06-anorganica-subiect.pdf,177832,579b2dba0a23ae150c8e50de08717ad4ce12c1905c1a456d5393f35537d59483
2020,chimie,Chimie,teste-antrenament,Test de antrenament 6,barem,2020-antrenament-06-organica-barem.pdf,bac/2020/chimie/teste-antrenament/2020-antrenament-06-organica-barem.pdf,116628,7b8db5697f407a6121519b71992a6a7712de292f7e6c1fa9156ece3082e9b2bc
2020,chimie,Chimie,teste-antrenament,Test de antrenament 6,subiect,2020-antrenament-06-organica-subiect.pdf,bac/2020/chimie/teste-antrenament/2020-antrenament-06-organica-subiect.pdf,129313,58cdcee9a05f83802224a7f022d97d86195ab336db1b833425cea33cc0e2c337
2020,chimie,Chimie,teste-antrenament,Test de antrenament 7,barem,2020-antrenament-07-anorganica-barem.pdf,bac/2020/chimie/teste-antrenament/2020-antrenament-07-anorganica-barem.pdf,142480,45ca2b4e27c5c3f646ac42dd67cd02a7e7c71f28f90bfc41f91f9405a03ba86e
2020,chimie,Chimie,teste-antrenament,Test de antrenament 7,subiect,2020-antrenament-07-anorganica-subiect.pdf,bac/2020/chimie/teste-antrenament/2020-antrenament-07-anorganica-subiect.pdf,191177,f9cebb2dc70092a2bc23222ebaed9230040a7ce5772c820fb1f1551fba2960be
2020,chimie,Chimie,teste-antrenament,Test de antrenament 7,barem,2020-antrenament-07-organica-barem.pdf,bac/2020/chimie/teste-antrenament/2020-antrenament-07-organica-barem.pdf,133326,04da16f919643141a0b2ee5551f5f5c445386fb421016166765dd1784ae99a0f
2020,chimie,Chimie,teste-antrenament,Test de antrenament 7,subiect,2020-antrenament-07-organica-subiect.pdf,bac/2020/chimie/teste-antrenament/2020-antrenament-07-organica-subiect.pdf,153056,8cfd576fd557274f454274ad84207ee3b8874045563e6fd924e30b85394e952b
2020,chimie,Chimie,teste-antrenament,Test de antrenament 8,barem,2020-antrenament-08-anorganica-barem.pdf,bac/2020/chimie/teste-antrenament/2020-antrenament-08-anorganica-barem.pdf,116392,fb1cefaed98606ec64a647edde5b9082b36b35abb50de0061ed3db5ded559c4f
2020,chimie,Chimie,teste-antrenament,Test de antrenament 8,subiect,2020-antrenament-08-anorganica-subiect.pdf,bac/2020/chimie/teste-antrenament/2020-antrenament-08-anorganica-subiect.pdf,138258,afe8badb9376dd2a4bc7966dff1fcf21ae40b454c64bdb8537e4b3e7344f5cee
2020,chimie,Chimie,teste-antrenament,Test de antrenament 8,barem,2020-antrenament-08-organica-barem.pdf,bac/2020/chimie/teste-antrenament/2020-antrenament-08-organica-barem.pdf,134959,37c8a17240be8cdf3393abd3061588b4f27770c936f67e3ed0bef545273351a8
2020,chimie,Chimie,teste-antrenament,Test de antrenament 8,subiect,2020-antrenament-08-organica-subiect.pdf,bac/2020/chimie/teste-antrenament/2020-antrenament-08-organica-subiect.pdf,178891,3c6d43217caa55b9abff3e868cefbff03d6520ce81bdde02410a48af3927a743
2020,chimie,Chimie,teste-antrenament,Test de antrenament 9,barem,2020-antrenament-09-anorganica-barem.pdf,bac/2020/chimie/teste-antrenament/2020-antrenament-09-anorganica-barem.pdf,140801,b6a7e67402778b2384395bb9b6e4f0ffd78ee4ee7dd463a1b376b0981e7790c1
2020,chimie,Chimie,teste-antrenament,Test de antrenament 9,subiect,2020-antrenament-09-anorganica-subiect.pdf,bac/2020/chimie/teste-antrenament/2020-antrenament-09-anorganica-subiect.pdf,182151,323abbadb499a190e01695c232fdf040cd7225ea3ef2bc141bee59ccb0f08970
2020,chimie,Chimie,teste-antrenament,Test de antrenament 9,barem,2020-antrenament-09-organica-barem.pdf,bac/2020/chimie/teste-antrenament/2020-antrenament-09-organica-barem.pdf,115861,e75f4a646990039a74542c49c084509975e5fcadc69614214084e7d751f69bde
2020,chimie,Chimie,teste-antrenament,Test de antrenament 9,subiect,2020-antrenament-09-organica-subiect.pdf,bac/2020/chimie/teste-antrenament/2020-antrenament-09-organica-subiect.pdf,181465,c534a6fee54e59eefdb874e1c4caa1582103c05f04ed43381d4352fdabf31d83
2020,chimie,Chimie,teste-antrenament,Test de antrenament 10,barem,2020-antrenament-10-anorganica-barem.pdf,bac/2020/chimie/teste-antrenament/2020-antrenament-10-anorganica-barem.pdf,139338,baa47e396fd808a244d8e43d92bc432db083a510032c93ae37e07bb891ad0267
2020,chimie,Chimie,teste-antrenament,Test de antrenament 10,subiect,2020-antrenament-10-anorganica-subiect.pdf,bac/2020/chimie/teste-antrenament/2020-antrenament-10-anorganica-subiect.pdf,159977,4b3c7d731780f009c5ed65469ebc53d5b49c34f67794f9b0bb28ef04cee829f4
2020,chimie,Chimie,teste-antrenament,Test de antrenament 10,barem,2020-antrenament-10-organica-barem.pdf,bac/2020/chimie/teste-antrenament/2020-antrenament-10-organica-barem.pdf,114248,eb711369c05759eadf40bb900f9fabc75366a1eeb7d0dad67cb236b2d945283a
2020,chimie,Chimie,teste-antrenament,Test de antrenament 10,subiect,2020-antrenament-10-organica-subiect.pdf,bac/2020/chimie/teste-antrenament/2020-antrenament-10-organica-subiect.pdf,133254,72e9a3644532d12950ebf5d3c2705e7b34a63871b35478442d77f78020af5c0d
2020,chimie,Chimie,teste-antrenament,Test de antrenament 11,barem,2020-antrenament-11-anorganica-barem.pdf,bac/2020/chimie/teste-antrenament/2020-antrenament-11-anorganica-barem.pdf,141871,ad6db71cb4d499fa2d2348a9fffb817a895990e03685be182c462232ae0be1b1
2020,chimie,Chimie,teste-antrenament,Test de antrenament 11,subiect,2020-antrenament-11-anorganica-subiect.pdf,bac/2020/chimie/teste-antrenament/2020-antrenament-11-anorganica-subiect.pdf,179185,d7cccbb7353170c6e4799283c96c6594aedbe7516419c17353554816abba7d77
2020,chimie,Chimie,teste-antrenament,Test de antrenament 11,barem,2020-antrenament-11-organica-barem.pdf,bac/2020/chimie/teste-antrenament/2020-antrenament-11-organica-barem.pdf,134899,31dd7bff06d6da06079d0ff3c506d19f606e1f2c7763d903c0f6a453847ce710
2020,chimie,Chimie,teste-antrenament,Test de antrenament 11,subiect,2020-antrenament-11-organica-subiect.pdf,bac/2020/chimie/teste-antrenament/2020-antrenament-11-organica-subiect.pdf,160278,635f2a0984b164659c4b90de683c580bda0c8af7ab0ef426728e995c437d15bf
2020,chimie,Chimie,teste-antrenament,Test de antrenament 12,barem,2020-antrenament-12-anorganica-barem.pdf,bac/2020/chimie/teste-antrenament/2020-antrenament-12-anorganica-barem.pdf,141742,f17c1cbd51a62bd00584fc61f6d2a0efbd6aedabe7736005eb806338b736e7cb
2020,chimie,Chimie,teste-antrenament,Test de antrenament 12,subiect,2020-antrenament-12-anorganica-subiect.pdf,bac/2020/chimie/teste-antrenament/2020-antrenament-12-anorganica-subiect.pdf,180966,e023a63f86620b997093de482b515383229e705440b27108f96e629af7fa99e7
2020,chimie,Chimie,teste-antrenament,Test de antrenament 12,barem,2020-antrenament-12-organica-barem.pdf,bac/2020/chimie/teste-antrenament/2020-antrenament-12-organica-barem.pdf,135355,26ae546a04bfda06aec07b9ebda62656c2bbef222500dcabe4313bdfea92db98
2020,chimie,Chimie,teste-antrenament,Test de antrenament 12,subiect,2020-antrenament-12-organica-subiect.pdf,bac/2020/chimie/teste-antrenament/2020-antrenament-12-organica-subiect.pdf,155290,7f3369df0a1e757b46e2a3eaee45979bf3dee361ed2ea9af0461c688efd6bf84
2020,chimie,Chimie,teste-antrenament,Test de antrenament 13,barem,2020-antrenament-13-anorganica-barem.pdf,bac/2020/chimie/teste-antrenament/2020-antrenament-13-anorganica-barem.pdf,139208,b3e88f70be799cd423128ee9c4df9a718ebed5f72e8a029f59ad1ef0ca376f9b
2020,chimie,Chimie,teste-antrenament,Test de antrenament 13,subiect,2020-antrenament-13-anorganica-subiect.pdf,bac/2020/chimie/teste-antrenament/2020-antrenament-13-anorganica-subiect.pdf,180985,de239b79250538900961a4842609ff0b432364b12b4f9ce18938afd34549f32d
2020,chimie,Chimie,teste-antrenament,Test de antrenament 13,barem,2020-antrenament-13-organica-barem.pdf,bac/2020/chimie/teste-antrenament/2020-antrenament-13-organica-barem.pdf,115847,a24bd626522c9dda4a10afe710373871ae99d7c4c68d43a0cb5f131ce3aa8f0c
2020,chimie,Chimie,teste-antrenament,Test de antrenament 13,subiect,2020-antrenament-13-organica-subiect.pdf,bac/2020/chimie/teste-antrenament/2020-antrenament-13-organica-subiect.pdf,171155,258660a333174402952205a3ab8fd22c94fbf727dd7b6fd1dabfdd017637e54b
2020,chimie,Chimie,teste-antrenament,Test de antrenament 14,barem,2020-antrenament-14-anorganica-barem.pdf,bac/2020/chimie/teste-antrenament/2020-antrenament-14-anorganica-barem.pdf,138738,47d844a2c0ae5b6c30e002b199e34299cd90ca8ccaa0617855c82989000b4bb0
2020,chimie,Chimie,teste-antrenament,Test de antrenament 14,subiect,2020-antrenament-14-anorganica-subiect.pdf,bac/2020/chimie/teste-antrenament/2020-antrenament-14-anorganica-subiect.pdf,185285,ca435a76c3b806f529aee377d30c773e08a24aa2ea8fb2481db6cad0c7b9292e
2020,chimie,Chimie,teste-antrenament,Test de antrenament 14,barem,2020-antrenament-14-organica-barem.pdf,bac/2020/chimie/teste-antrenament/2020-antrenament-14-organica-barem.pdf,136253,e4627346c3a595f93bb96c87981a70dd7d421260c571fb55c080b2a7e15ffb93
2020,chimie,Chimie,teste-antrenament,Test de antrenament 14,subiect,2020-antrenament-14-organica-subiect.pdf,bac/2020/chimie/teste-antrenament/2020-antrenament-14-organica-subiect.pdf,176740,86a1cf92cbf79e9c361993d4bc9982fd09eb2b90f2f316ed8f96a5f98aa41129
2020,chimie,Chimie,teste-antrenament,Test de antrenament 15,barem,2020-antrenament-15-anorganica-barem.pdf,bac/2020/chimie/teste-antrenament/2020-antrenament-15-anorganica-barem.pdf,141318,70e8b6b6d9c6ba7e2c6ad14714df0c8834e2436aabdc7da01e617f855609b80d
2020,chimie,Chimie,teste-antrenament,Test de antrenament 15,subiect,2020-antrenament-15-anorganica-subiect.pdf,bac/2020/chimie/teste-antrenament/2020-antrenament-15-anorganica-subiect.pdf,181667,462a66b0ba2175b38e98978fe8ef9a059e85864fe9cc0199ed98929e6cab0415
2020,chimie,Chimie,teste-antrenament,Test de antrenament 15,barem,2020-antrenament-15-organica-barem.pdf,bac/2020/chimie/teste-antrenament/2020-antrenament-15-organica-barem.pdf,115808,a23bed9b8052e606da0b5fe5b4284c16e4c652d8b0894c77848c6ce39f745415
2020,chimie,Chimie,teste-antrenament,Test de antrenament 15,subiect,2020-antrenament-15-organica-subiect.pdf,bac/2020/chimie/teste-antrenament/2020-antrenament-15-organica-subiect.pdf,180286,c4f51c7b9f5ef39944ed8154089420876d2cad91d6a8f4056ba2716932deb0dc
2020,chimie,Chimie,teste-antrenament,Test de antrenament 16,barem,2020-antrenament-16-anorganica-barem.pdf,bac/2020/chimie/teste-antrenament/2020-antrenament-16-anorganica-barem.pdf,122160,c8e17a1acee0b4c172d1122b4012e145dea52125b9cc16861a33fa2965cdf243
2020,chimie,Chimie,teste-antrenament,Test de antrenament 16,subiect,2020-antrenament-16-anorganica-subiect.pdf,bac/2020/chimie/teste-antrenament/2020-antrenament-16-anorganica-subiect.pdf,139197,c71463e1e46f8fa088dfa96e51202afb99466a04b7f80c80e88d87d7e50b6d1c
2020,chimie,Chimie,teste-antrenament,Test de antrenament 16,barem,2020-antrenament-16-organica-barem.pdf,bac/2020/chimie/teste-antrenament/2020-antrenament-16-organica-barem.pdf,116912,a94d281431fd94fee9c89b80b7618fc42fce3718db0c34b859000e6c2c854b6e
2020,chimie,Chimie,teste-antrenament,Test de antrenament 16,subiect,2020-antrenament-16-organica-subiect.pdf,bac/2020/chimie/teste-antrenament/2020-antrenament-16-organica-subiect.pdf,188205,f9002985e1fee0097c3a549d24dccf5e407100b03e33d298b38a44d1d91d8d2b
2020,chimie,Chimie,teste-antrenament,Test de antrenament 17,barem,2020-antrenament-17-anorganica-barem.pdf,bac/2020/chimie/teste-antrenament/2020-antrenament-17-anorganica-barem.pdf,119211,6ed868c27a4466dd5a73a88ea3f2facb2844a7be5eff4b6c94a43114136d82ac
2020,chimie,Chimie,teste-antrenament,Test de antrenament 17,subiect,2020-antrenament-17-anorganica-subiect.pdf,bac/2020/chimie/teste-antrenament/2020-antrenament-17-anorganica-subiect.pdf,141739,e37c5f168b11119a679ec9380cb9d3d46ad77708040fcf7a2f5be3e74eb7e015
2020,chimie,Chimie,teste-antrenament,Test de antrenament 17,barem,2020-antrenament-17-organica-barem.pdf,bac/2020/chimie/teste-antrenament/2020-antrenament-17-organica-barem.pdf,112125,f54323cf8cad76e8f5893b14f09042c701ec473aad253030172155737f168223
2020,chimie,Chimie,teste-antrenament,Test de antrenament 17,subiect,2020-antrenament-17-organica-subiect.pdf,bac/2020/chimie/teste-antrenament/2020-antrenament-17-organica-subiect.pdf,162522,3d0ebde0e0ff9a6b1b05563e7d1291c168ab6d1f35efa044ce5b7afdc7bc32f7
2020,chimie,Chimie,teste-antrenament,Test de antrenament 18,barem,2020-antrenament-18-anorganica-barem.pdf,bac/2020/chimie/teste-antrenament/2020-antrenament-18-anorganica-barem.pdf,118360,3fd45e649fe79e79112a5e9beeb4a438fb18422533b3d10fa17ab582f319998d
2020,chimie,Chimie,teste-antrenament,Test de antrenament 18,subiect,2020-antrenament-18-anorganica-subiect.pdf,bac/2020/chimie/teste-antrenament/2020-antrenament-18-anorganica-subiect.pdf,139613,4cdafc806d793c58d23800d8acb9331544a8e36f5979e3fb30c0be1147935e7c
2020,chimie,Chimie,teste-antrenament,Test de antrenament 18,barem,2020-antrenament-18-organica-barem.pdf,bac/2020/chimie/teste-antrenament/2020-antrenament-18-organica-barem.pdf,118165,c07441713a7cb7314db3b65a3d36806d1a7bfc85b3571094d157deaa15c01fe8
2020,chimie,Chimie,teste-antrenament,Test de antrenament 18,subiect,2020-antrenament-18-organica-subiect.pdf,bac/2020/chimie/teste-antrenament/2020-antrenament-18-organica-subiect.pdf,162730,83cb63cbd62528fd8167440f0835999be2d3e203eaa24a0916838218611be9b4
2020,chimie,Chimie,teste-antrenament,Test de antrenament 19,barem,2020-antrenament-19-anorganica-barem.pdf,bac/2020/chimie/teste-antrenament/2020-antrenament-19-anorganica-barem.pdf,119409,59b56a26f91e4def06f7a2b8341495a2df780422ec4f94d3d17d62a95c1f223e
2020,chimie,Chimie,teste-antrenament,Test de antrenament 19,subiect,2020-antrenament-19-anorganica-subiect.pdf,bac/2020/chimie/teste-antrenament/2020-antrenament-19-anorganica-subiect.pdf,139975,4c701da293724d8da0f45f7cebf1bbda93d29ee262663eb369e77a4871d949c9
2020,chimie,Chimie,teste-antrenament,Test de antrenament 19,barem,2020-antrenament-19-organica-barem.pdf,bac/2020/chimie/teste-antrenament/2020-antrenament-19-organica-barem.pdf,116893,6548fa9613cfe1e3a6ab764935581003658858b0d0b6eb99b784ae60cdab8ad4
2020,chimie,Chimie,teste-antrenament,Test de antrenament 19,subiect,2020-antrenament-19-organica-subiect.pdf,bac/2020/chimie/teste-antrenament/2020-antrenament-19-organica-subiect.pdf,136795,7de0f59af02d25b7ae979b404dd4b3496bd1e576a0ddcf8a693d65ec66c6a17b
2020,chimie,Chimie,teste-antrenament,Test de antrenament 20,barem,2020-antrenament-20-anorganica-barem.pdf,bac/2020/chimie/teste-antrenament/2020-antrenament-20-anorganica-barem.pdf,116803,6a15ea7e7d1c8a1467ca0ef71159f8189cb57013ed05219ff6ddd315792d3975
2020,chimie,Chimie,teste-antrenament,Test de antrenament 20,subiect,2020-antrenament-20-anorganica-subiect.pdf,bac/2020/chimie/teste-antrenament/2020-antrenament-20-anorganica-subiect.pdf,137707,8e09bafd1f1bda6c71a124fea95329928303279e8454fd851183b7b7d833d8ab
2020,chimie,Chimie,teste-antrenament,Test de antrenament 20,barem,2020-antrenament-20-organica-barem.pdf,bac/2020/chimie/teste-antrenament/2020-antrenament-20-organica-barem.pdf,137158,5b2e6f56af6b9a95cade5629cafe87f495ea0551f78599b83e29f80d613b6deb
2020,chimie,Chimie,teste-antrenament,Test de antrenament 20,subiect,2020-antrenament-20-organica-subiect.pdf,bac/2020/chimie/teste-antrenament/2020-antrenament-20-organica-subiect.pdf,156062,d17a6d6c1483b676221f8fe3a1d636aa3d47e2fa44995c7bfed6ca4fa3a8b601
2021,biologie,Biologie,model,Model,barem,2021-model-anatomie-fiziologie-barem.pdf,bac/2021/biologie/model/2021-model-anatomie-fiziologie-barem.pdf,70401,b890fa73a6cb78163db12bb7d8d256bc67afaa726faa2e3034844564e50339c5
2021,biologie,Biologie,model,Model,subiect,2021-model-anatomie-fiziologie-subiect.pdf,bac/2021/biologie/model/2021-model-anatomie-fiziologie-subiect.pdf,73548,1c31b6a514dacaf419aa4b80ebbca1e431ecb26eda76893ece90eaad901ee3c8
2021,biologie,Biologie,model,Model,barem,2021-model-vegetala-animala-barem.pdf,bac/2021/biologie/model/2021-model-vegetala-animala-barem.pdf,74110,4576f37cce9a160d252f582e635e9aa21d6890b41c42d8c4409987f6da70ac30
2021,biologie,Biologie,model,Model,subiect,2021-model-vegetala-animala-subiect.pdf,bac/2021/biologie/model/2021-model-vegetala-animala-subiect.pdf,85690,303591f995c661d1578b5845ed89876fad01232cb13904b62c8087f6cc1f387d
2021,biologie,Biologie,simulare,Simulare,barem,2021-simulare-anatomie-fiziologie-barem.pdf,bac/2021/biologie/simulare/2021-simulare-anatomie-fiziologie-barem.pdf,158886,b1a8dfcd67483dcefd7432d14ef17c370013796cf4ee7d84ef148bea42206588
2021,biologie,Biologie,simulare,Simulare,subiect,2021-simulare-anatomie-fiziologie-subiect.pdf,bac/2021/biologie/simulare/2021-simulare-anatomie-fiziologie-subiect.pdf,163498,36b44d9d63adc068a57be862477bab9ccc3b031d89ef936ae98f4a1fd17e291a
2021,biologie,Biologie,simulare,Simulare,barem,2021-simulare-vegetala-animala-barem.pdf,bac/2021/biologie/simulare/2021-simulare-vegetala-animala-barem.pdf,157934,c19fdef49989e7e68f26a59771e4833ec30ffdf79946dc22f95e46aec5c78c02
2021,biologie,Biologie,simulare,Simulare,subiect,2021-simulare-vegetala-animala-subiect.pdf,bac/2021/biologie/simulare/2021-simulare-vegetala-animala-subiect.pdf,163541,931bbc79f145833158355e525c6cdc71b36c288bc38baaed283d27f15f64c542
2021,biologie,Biologie,teste-antrenament,Test de antrenament 1,barem,2021-antrenament-01-anatomie-fiziologie-barem.pdf,bac/2021/biologie/teste-antrenament/2021-antrenament-01-anatomie-fiziologie-barem.pdf,147337,89a12a543b7b8356ab46afcf86d7c14ce6821473e333b594350db40026cd6924
2021,biologie,Biologie,teste-antrenament,Test de antrenament 1,subiect,2021-antrenament-01-anatomie-fiziologie-subiect.pdf,bac/2021/biologie/teste-antrenament/2021-antrenament-01-anatomie-fiziologie-subiect.pdf,151091,c534e05ac41438df281844ae0480bc9568f0b8225306a049e6d4e9751f361793
2021,biologie,Biologie,teste-antrenament,Test de antrenament 1,barem,2021-antrenament-01-vegetala-animala-barem.pdf,bac/2021/biologie/teste-antrenament/2021-antrenament-01-vegetala-animala-barem.pdf,158690,7977d05a6f989151d5832c37c03f1018483690996f746e4cd1cce8f50db0b9f4
2021,biologie,Biologie,teste-antrenament,Test de antrenament 1,subiect,2021-antrenament-01-vegetala-animala-subiect.pdf,bac/2021/biologie/teste-antrenament/2021-antrenament-01-vegetala-animala-subiect.pdf,166048,0b19bde0106d37b46f6fd63f8576ed3e1cffb93f5fcf0f5105b991f832fbe5d8
2021,biologie,Biologie,teste-antrenament,Test de antrenament 2,barem,2021-antrenament-02-anatomie-fiziologie-barem.pdf,bac/2021/biologie/teste-antrenament/2021-antrenament-02-anatomie-fiziologie-barem.pdf,157392,488e18fedfbb3bb2b86be4a09bbb184420379bce1febfc74579bf810d785fcc6
2021,biologie,Biologie,teste-antrenament,Test de antrenament 2,subiect,2021-antrenament-02-anatomie-fiziologie-subiect.pdf,bac/2021/biologie/teste-antrenament/2021-antrenament-02-anatomie-fiziologie-subiect.pdf,162610,255753ce9e60eaaa15eaa450a6ead7180d80e866bababf4cd03c690d277c299b
2021,biologie,Biologie,teste-antrenament,Test de antrenament 2,barem,2021-antrenament-02-vegetala-animala-barem.pdf,bac/2021/biologie/teste-antrenament/2021-antrenament-02-vegetala-animala-barem.pdf,159716,f01fd4aed39ed7c50f3f04e946c58c098c78a09630ab24ed156dab9af544dc92
2021,biologie,Biologie,teste-antrenament,Test de antrenament 2,subiect,2021-antrenament-02-vegetala-animala-subiect.pdf,bac/2021/biologie/teste-antrenament/2021-antrenament-02-vegetala-animala-subiect.pdf,163445,94b79276654ebb0fc27319ab7636f1cadf6d8c59ff22ca65c99ac92d87afb95c
2021,biologie,Biologie,teste-antrenament,Test de antrenament 3,barem,2021-antrenament-03-anatomie-fiziologie-barem.pdf,bac/2021/biologie/teste-antrenament/2021-antrenament-03-anatomie-fiziologie-barem.pdf,157771,c12fcd6a2dc097c0e2a7b4ecc772867e6650295e12d6c7b79b54acf173ffa0a3
2021,biologie,Biologie,teste-antrenament,Test de antrenament 3,subiect,2021-antrenament-03-anatomie-fiziologie-subiect.pdf,bac/2021/biologie/teste-antrenament/2021-antrenament-03-anatomie-fiziologie-subiect.pdf,160141,81230e9ef9e7f6dd7c447e24714b9134569790461a1685495db67ab98eaf2c92
2021,biologie,Biologie,teste-antrenament,Test de antrenament 3,barem,2021-antrenament-03-vegetala-animala-barem.pdf,bac/2021/biologie/teste-antrenament/2021-antrenament-03-vegetala-animala-barem.pdf,148384,df01e808550f01c68f522826e1b7bf28ee10881a81d557f7b0a422840a47dddd
2021,biologie,Biologie,teste-antrenament,Test de antrenament 3,subiect,2021-antrenament-03-vegetala-animala-subiect.pdf,bac/2021/biologie/teste-antrenament/2021-antrenament-03-vegetala-animala-subiect.pdf,163892,3f80b917bdf294ca42a04b745035de0682ae2551ba56d0a7a8e918d8805ba8c5
2021,biologie,Biologie,teste-antrenament,Test de antrenament 4,barem,2021-antrenament-04-anatomie-fiziologie-barem.pdf,bac/2021/biologie/teste-antrenament/2021-antrenament-04-anatomie-fiziologie-barem.pdf,158281,44015d620995fc015aa9402b46d73bc942129a854b1b92cce3de3f2715a02de6
2021,biologie,Biologie,teste-antrenament,Test de antrenament 4,subiect,2021-antrenament-04-anatomie-fiziologie-subiect.pdf,bac/2021/biologie/teste-antrenament/2021-antrenament-04-anatomie-fiziologie-subiect.pdf,161874,fb613d2d916edc6830cd49bf6f391b4b02b9398ad48e83a9cb380288308246e6
2021,biologie,Biologie,teste-antrenament,Test de antrenament 4,barem,2021-antrenament-04-vegetala-animala-barem.pdf,bac/2021/biologie/teste-antrenament/2021-antrenament-04-vegetala-animala-barem.pdf,147881,7f23b4749b4ae52fe55883dd8b27a747d14b32afe412fcd576d83a2fe92d123f
2021,biologie,Biologie,teste-antrenament,Test de antrenament 4,subiect,2021-antrenament-04-vegetala-animala-subiect.pdf,bac/2021/biologie/teste-antrenament/2021-antrenament-04-vegetala-animala-subiect.pdf,165891,afad5762bb63537dbb75f4155cbf4cbf313265fb30f352a519af3d39cef6050e
2021,biologie,Biologie,teste-antrenament,Test de antrenament 5,barem,2021-antrenament-05-anatomie-fiziologie-barem.pdf,bac/2021/biologie/teste-antrenament/2021-antrenament-05-anatomie-fiziologie-barem.pdf,157996,7c32a18d3cb95f704bed8a2a6504655d696fb4885283555f5dc103aeabf348bb
2021,biologie,Biologie,teste-antrenament,Test de antrenament 5,subiect,2021-antrenament-05-anatomie-fiziologie-subiect.pdf,bac/2021/biologie/teste-antrenament/2021-antrenament-05-anatomie-fiziologie-subiect.pdf,150333,c338dca238e1be904cccc87a4f6183b071b850a2bd27f7375b302170009fb0a8
2021,biologie,Biologie,teste-antrenament,Test de antrenament 5,barem,2021-antrenament-05-vegetala-animala-barem.pdf,bac/2021/biologie/teste-antrenament/2021-antrenament-05-vegetala-animala-barem.pdf,148564,c904189a1e74a2650e4339643098d1e4cd394cbe29c8a2c5227a29ee171ed619
2021,biologie,Biologie,teste-antrenament,Test de antrenament 5,subiect,2021-antrenament-05-vegetala-animala-subiect.pdf,bac/2021/biologie/teste-antrenament/2021-antrenament-05-vegetala-animala-subiect.pdf,164112,2bec76b04ac7fdc21ff6581a507a5132e2a001eb2d6c732a79010cb1b31fb6da
2021,biologie,Biologie,teste-antrenament,Test de antrenament 6,barem,2021-antrenament-06-anatomie-fiziologie-barem.pdf,bac/2021/biologie/teste-antrenament/2021-antrenament-06-anatomie-fiziologie-barem.pdf,156754,fe9a91d142268d151e27aac1545fdf434dfc0a00fbf67080080e4d8b605e1c5e
2021,biologie,Biologie,teste-antrenament,Test de antrenament 6,subiect,2021-antrenament-06-anatomie-fiziologie-subiect.pdf,bac/2021/biologie/teste-antrenament/2021-antrenament-06-anatomie-fiziologie-subiect.pdf,150210,12e19af08524166c2feb1d3803697a3084b2a825c1a70adf65a66f75301a3f91
2021,biologie,Biologie,teste-antrenament,Test de antrenament 6,barem,2021-antrenament-06-vegetala-animala-barem.pdf,bac/2021/biologie/teste-antrenament/2021-antrenament-06-vegetala-animala-barem.pdf,147754,7e9d873ba6ad8b9bc5d92383326a00f3ca2bdc199bdbcaa7d4540e7d7b2b320a
2021,biologie,Biologie,teste-antrenament,Test de antrenament 6,subiect,2021-antrenament-06-vegetala-animala-subiect.pdf,bac/2021/biologie/teste-antrenament/2021-antrenament-06-vegetala-animala-subiect.pdf,164463,ceaba7f0763012c1097ce9f2602f5495be8ff0f51f55386590228965d7aff079
2021,biologie,Biologie,teste-antrenament,Test de antrenament 7,barem,2021-antrenament-07-anatomie-fiziologie-barem.pdf,bac/2021/biologie/teste-antrenament/2021-antrenament-07-anatomie-fiziologie-barem.pdf,159019,0ed64f7b7d83fe654842ab503caaa6b5ccf72e41ea2d7131d86a2178b60d39ea
2021,biologie,Biologie,teste-antrenament,Test de antrenament 7,subiect,2021-antrenament-07-anatomie-fiziologie-subiect.pdf,bac/2021/biologie/teste-antrenament/2021-antrenament-07-anatomie-fiziologie-subiect.pdf,151186,c09f6b8232c926b7609dc7b299b4112a9d4c44529a4b1be9dadb83fb649ca98d
2021,biologie,Biologie,teste-antrenament,Test de antrenament 7,barem,2021-antrenament-07-vegetala-animala-barem.pdf,bac/2021/biologie/teste-antrenament/2021-antrenament-07-vegetala-animala-barem.pdf,147819,a53f7e48eccd9ce37829f20273a1da1601ced13d00cfb1eade83e7bb570bf978
2021,biologie,Biologie,teste-antrenament,Test de antrenament 7,subiect,2021-antrenament-07-vegetala-animala-subiect.pdf,bac/2021/biologie/teste-antrenament/2021-antrenament-07-vegetala-animala-subiect.pdf,167352,5fba6c713538b1d09ff72787ddf4f83142d9d48c1ca2784cf4f22e175ef0e42a
2021,biologie,Biologie,teste-antrenament,Test de antrenament 8,barem,2021-antrenament-08-anatomie-fiziologie-barem.pdf,bac/2021/biologie/teste-antrenament/2021-antrenament-08-anatomie-fiziologie-barem.pdf,157559,5946fc22410d874e798f261f971d349059c0a239e7baf13b8374e7508f2caac6
2021,biologie,Biologie,teste-antrenament,Test de antrenament 8,subiect,2021-antrenament-08-anatomie-fiziologie-subiect.pdf,bac/2021/biologie/teste-antrenament/2021-antrenament-08-anatomie-fiziologie-subiect.pdf,150875,6ecd4a7da54426f1df05961c05823c79c2acaaebb712e4d38aff2ab150af1419
2021,biologie,Biologie,teste-antrenament,Test de antrenament 8,barem,2021-antrenament-08-vegetala-animala-barem.pdf,bac/2021/biologie/teste-antrenament/2021-antrenament-08-vegetala-animala-barem.pdf,147248,1595968f3957e22a4e828fc5235b9fd45712e62d720c0ef6ba42881fb60fd011
2021,biologie,Biologie,teste-antrenament,Test de antrenament 8,subiect,2021-antrenament-08-vegetala-animala-subiect.pdf,bac/2021/biologie/teste-antrenament/2021-antrenament-08-vegetala-animala-subiect.pdf,166860,48d35193a0ee8cd882c926d0178617a81be6deac4957c89e7080c9015bf3e0b0
2021,biologie,Biologie,teste-antrenament,Test de antrenament 9,barem,2021-antrenament-09-anatomie-fiziologie-barem.pdf,bac/2021/biologie/teste-antrenament/2021-antrenament-09-anatomie-fiziologie-barem.pdf,158461,051d119c5d66eb839893e58ea4ee2e348e1329d30247fe18632a1ec801b8a4d0
2021,biologie,Biologie,teste-antrenament,Test de antrenament 9,subiect,2021-antrenament-09-anatomie-fiziologie-subiect.pdf,bac/2021/biologie/teste-antrenament/2021-antrenament-09-anatomie-fiziologie-subiect.pdf,150957,b45d4af993e12bbb005173195654a18b14f4a9f4d9356c8f28d0036285e8c3dc
2021,biologie,Biologie,teste-antrenament,Test de antrenament 9,barem,2021-antrenament-09-vegetala-animala-barem.pdf,bac/2021/biologie/teste-antrenament/2021-antrenament-09-vegetala-animala-barem.pdf,147635,b6a083037cc13bdef086b3ff0d784802590843b9ed2857e077ee6fe6824d1790
2021,biologie,Biologie,teste-antrenament,Test de antrenament 9,subiect,2021-antrenament-09-vegetala-animala-subiect.pdf,bac/2021/biologie/teste-antrenament/2021-antrenament-09-vegetala-animala-subiect.pdf,164632,d9f21f400443382211b8ab7583c3c532be96f85360245e5ef7fd41d094264f9c
2021,biologie,Biologie,teste-antrenament,Test de antrenament 10,barem,2021-antrenament-10-anatomie-fiziologie-barem.pdf,bac/2021/biologie/teste-antrenament/2021-antrenament-10-anatomie-fiziologie-barem.pdf,156982,00da0172942d1fb0ab00ff28de7290e254981144fef3b8ad078970eb5d0c79ae
2021,biologie,Biologie,teste-antrenament,Test de antrenament 10,subiect,2021-antrenament-10-anatomie-fiziologie-subiect.pdf,bac/2021/biologie/teste-antrenament/2021-antrenament-10-anatomie-fiziologie-subiect.pdf,151614,4ab1243a37131f477a699c7373f19ef4300f58982e9f15a315970d48523c504e
2021,biologie,Biologie,teste-antrenament,Test de antrenament 10,barem,2021-antrenament-10-vegetala-animala-barem.pdf,bac/2021/biologie/teste-antrenament/2021-antrenament-10-vegetala-animala-barem.pdf,147322,8548745aef7cc0b02048ea2a37c1b4f06febc3ca6cd6f6f65a6df975321aa681
2021,biologie,Biologie,teste-antrenament,Test de antrenament 10,subiect,2021-antrenament-10-vegetala-animala-subiect.pdf,bac/2021/biologie/teste-antrenament/2021-antrenament-10-vegetala-animala-subiect.pdf,164491,ac44f539460672d1be52fc2b654485f937b994bd9666aefa6d86f1f72292cbe8
2021,biologie,Biologie,teste-antrenament,Test de antrenament 11,barem,2021-antrenament-11-anatomie-fiziologie-barem.pdf,bac/2021/biologie/teste-antrenament/2021-antrenament-11-anatomie-fiziologie-barem.pdf,157306,520b1c2696042d0beff5d605dbbca1f61a9eec686c6a8f60dac4ca18ff9f33a7
2021,biologie,Biologie,teste-antrenament,Test de antrenament 11,subiect,2021-antrenament-11-anatomie-fiziologie-subiect.pdf,bac/2021/biologie/teste-antrenament/2021-antrenament-11-anatomie-fiziologie-subiect.pdf,149992,5c9c62acdccbcb494dee78892ec53c9e9c3f98723bc1c81e3835bcefde915281
2021,biologie,Biologie,teste-antrenament,Test de antrenament 11,barem,2021-antrenament-11-vegetala-animala-barem.pdf,bac/2021/biologie/teste-antrenament/2021-antrenament-11-vegetala-animala-barem.pdf,147572,33dbec985ca5f624ea403ee6bf0aa3d349d8f28a34892799adc533382c041635
2021,biologie,Biologie,teste-antrenament,Test de antrenament 11,subiect,2021-antrenament-11-vegetala-animala-subiect.pdf,bac/2021/biologie/teste-antrenament/2021-antrenament-11-vegetala-animala-subiect.pdf,165799,e8cc189822082cc29dd4104f1f2461107546f6f92c8eb8d0cd9ee8ef0b8bd9c8
2021,biologie,Biologie,teste-antrenament,Test de antrenament 12,barem,2021-antrenament-12-anatomie-fiziologie-barem.pdf,bac/2021/biologie/teste-antrenament/2021-antrenament-12-anatomie-fiziologie-barem.pdf,156123,ed1e2e845ce037e6813cbc64a05349210973f8763a6dbf19f78f23e14d0d2e92
2021,biologie,Biologie,teste-antrenament,Test de antrenament 12,subiect,2021-antrenament-12-anatomie-fiziologie-subiect.pdf,bac/2021/biologie/teste-antrenament/2021-antrenament-12-anatomie-fiziologie-subiect.pdf,151337,4d7befc240048b3fe79b9775d2f92975ba9cc6a8c11bb5a978097707b5785129
2021,biologie,Biologie,teste-antrenament,Test de antrenament 12,barem,2021-antrenament-12-vegetala-animala-barem.pdf,bac/2021/biologie/teste-antrenament/2021-antrenament-12-vegetala-animala-barem.pdf,146831,7633027652fef31a5de750e84c8735f25b18e15edd7fe4009ad2bd3d1f06a8e3
2021,biologie,Biologie,teste-antrenament,Test de antrenament 12,subiect,2021-antrenament-12-vegetala-animala-subiect.pdf,bac/2021/biologie/teste-antrenament/2021-antrenament-12-vegetala-animala-subiect.pdf,165432,4dbf0db19c956497dad806c03e1a17bb2c0b76af8ec5b5daead17c231ebfee10
2021,biologie,Biologie,variante-oficiale,Varianta oficiala 1,barem,2021-varianta-01-anatomie-fiziologie-barem.pdf,bac/2021/biologie/variante-oficiale/2021-varianta-01-anatomie-fiziologie-barem.pdf,157683,e737ff7811862600ab33baf47376eb88bc5f5a0d3a86d34422a6cf6495dbc24d
2021,biologie,Biologie,variante-oficiale,Varianta oficiala 1,subiect,2021-varianta-01-anatomie-fiziologie-subiect.pdf,bac/2021/biologie/variante-oficiale/2021-varianta-01-anatomie-fiziologie-subiect.pdf,161677,dc7e8772604f49ba736d490de2fbfe8ded46ed1ed3cefdc3fbe4dbc47f27428e
2021,biologie,Biologie,variante-oficiale,Varianta oficiala 1,barem,2021-varianta-01-vegetala-animala-barem.pdf,bac/2021/biologie/variante-oficiale/2021-varianta-01-vegetala-animala-barem.pdf,157509,8d6757bd8af28db859c580b6f0d0739808f46a3fb83e031b885982175d61332d
2021,biologie,Biologie,variante-oficiale,Varianta oficiala 1,subiect,2021-varianta-01-vegetala-animala-subiect.pdf,bac/2021/biologie/variante-oficiale/2021-varianta-01-vegetala-animala-subiect.pdf,152950,6afe8c7bc59673974ddecf610428eaf1d055a79e68b7b148ef84cddf4b37d15f
2021,biologie,Biologie,variante-oficiale,Varianta oficiala 4,barem,2021-varianta-04-anatomie-fiziologie-barem.pdf,bac/2021/biologie/variante-oficiale/2021-varianta-04-anatomie-fiziologie-barem.pdf,79374,994e434389d646705e4cf2cbdcf464ca0efe146dfd8907e72a29568a14336e43
2021,biologie,Biologie,variante-oficiale,Varianta oficiala 4,subiect,2021-varianta-04-anatomie-fiziologie-subiect.pdf,bac/2021/biologie/variante-oficiale/2021-varianta-04-anatomie-fiziologie-subiect.pdf,96682,cac80146ada8545f7aa21d5830b9e455941b399565ae39bc7bd701c294d1bfd2
2021,biologie,Biologie,variante-oficiale,Varianta oficiala 4,barem,2021-varianta-04-vegetala-animala-barem.pdf,bac/2021/biologie/variante-oficiale/2021-varianta-04-vegetala-animala-barem.pdf,79057,aae79461f39ca68a00ebb2cbd6899b2046729e5444987fac8e70208d8e3d97c4
2021,biologie,Biologie,variante-oficiale,Varianta oficiala 4,subiect,2021-varianta-04-vegetala-animala-subiect.pdf,bac/2021/biologie/variante-oficiale/2021-varianta-04-vegetala-animala-subiect.pdf,85251,edb1f7bbca87786e80d094829cfe316e7b79c46bf867893a3bc9402dbaf5af99
2021,chimie,Chimie,model,Model,barem,2021-model-anorganica-barem.pdf,bac/2021/chimie/model/2021-model-anorganica-barem.pdf,74329,c6ca9d1774ef4d50f3995e62a1b98fce063a18475907de1398693be585916078
2021,chimie,Chimie,model,Model,subiect,2021-model-anorganica-subiect.pdf,bac/2021/chimie/model/2021-model-anorganica-subiect.pdf,101518,9266b2c923b6d47b38208155dfc8d7b50a75c154d640fad0075810d629cf5c70
2021,chimie,Chimie,model,Model,barem,2021-model-organica-barem.pdf,bac/2021/chimie/model/2021-model-organica-barem.pdf,84928,7f63e598afe30756e40b266f4657ff1d10a666831d74ad7afb8158d2d5ff98af
2021,chimie,Chimie,model,Model,subiect,2021-model-organica-subiect.pdf,bac/2021/chimie/model/2021-model-organica-subiect.pdf,107039,5e920fb9c66de19b02d6656d6238e33083a68a7024e8aaacac1179fee92e2651
2021,chimie,Chimie,simulare,Simulare,barem,2021-simulare-anorganica-barem.pdf,bac/2021/chimie/simulare/2021-simulare-anorganica-barem.pdf,148941,442fc4e7ef47f7e9b82c1c9ca3999d4213a1e23a122ff9427c1cbb11f02016b1
2021,chimie,Chimie,simulare,Simulare,subiect,2021-simulare-anorganica-subiect.pdf,bac/2021/chimie/simulare/2021-simulare-anorganica-subiect.pdf,154267,2be3de2dfe51c63b73b2b24a5351e8332ac519c75735df0e550365a5f22166c3
2021,chimie,Chimie,simulare,Simulare,barem,2021-simulare-organica-barem.pdf,bac/2021/chimie/simulare/2021-simulare-organica-barem.pdf,168437,8edf0c59dcadf6a8e1f9a8d3d409f19036d6d5919cfc3f6ba2882e59017f6dfc
2021,chimie,Chimie,simulare,Simulare,subiect,2021-simulare-organica-subiect.pdf,bac/2021/chimie/simulare/2021-simulare-organica-subiect.pdf,154650,1dd0ad83e61ef7381c5e0ffba08f91ee9a4147add14f8a6a5db20dc0c5e7f019
2021,chimie,Chimie,teste-antrenament,Test de antrenament 1,barem,2021-antrenament-01-anorganica-barem.pdf,bac/2021/chimie/teste-antrenament/2021-antrenament-01-anorganica-barem.pdf,149845,6ab389e59d1c603fef8f5e4e1db52a9169345de760f0c1d3b153458dc0a8739a
2021,chimie,Chimie,teste-antrenament,Test de antrenament 1,subiect,2021-antrenament-01-anorganica-subiect.pdf,bac/2021/chimie/teste-antrenament/2021-antrenament-01-anorganica-subiect.pdf,136192,4b034e09298beff73ba6a5652f41fb72358c5ae3223f1413b149afc8af2cc295
2021,chimie,Chimie,teste-antrenament,Test de antrenament 1,barem,2021-antrenament-01-organica-barem.pdf,bac/2021/chimie/teste-antrenament/2021-antrenament-01-organica-barem.pdf,143157,75bfe9a4369706c681fe334f4faee5343110bca07fbd94395f225bfb824d7ba4
2021,chimie,Chimie,teste-antrenament,Test de antrenament 1,subiect,2021-antrenament-01-organica-subiect.pdf,bac/2021/chimie/teste-antrenament/2021-antrenament-01-organica-subiect.pdf,180142,43a3ccd8ca610a19e1fd011725b895186aa9bf73a24e356a64c6e0ab2337974c
2021,chimie,Chimie,teste-antrenament,Test de antrenament 2,barem,2021-antrenament-02-anorganica-barem.pdf,bac/2021/chimie/teste-antrenament/2021-antrenament-02-anorganica-barem.pdf,174922,4b50aac362eb7a0fc2ada197962ae3ba12bd4fe4bb7d4b3f7afa1ab7bd369617
2021,chimie,Chimie,teste-antrenament,Test de antrenament 2,subiect,2021-antrenament-02-anorganica-subiect.pdf,bac/2021/chimie/teste-antrenament/2021-antrenament-02-anorganica-subiect.pdf,135834,e05e78f20527e32d3d89ff9d1fe69fb438b0784cc5b058dfd7222264a468f75e
2021,chimie,Chimie,teste-antrenament,Test de antrenament 2,barem,2021-antrenament-02-organica-barem.pdf,bac/2021/chimie/teste-antrenament/2021-antrenament-02-organica-barem.pdf,143930,eac56bdd6bdd63e76eefd89215c4255bf6fe1a0514d2237d1525ed104fbfbb5b
2021,chimie,Chimie,teste-antrenament,Test de antrenament 2,subiect,2021-antrenament-02-organica-subiect.pdf,bac/2021/chimie/teste-antrenament/2021-antrenament-02-organica-subiect.pdf,153261,bde027f06cac1a135fdd913de5bdbae164ae014133fd3522814fd9399b83a37a
2021,chimie,Chimie,teste-antrenament,Test de antrenament 3,barem,2021-antrenament-03-anorganica-barem.pdf,bac/2021/chimie/teste-antrenament/2021-antrenament-03-anorganica-barem.pdf,149767,4ddd2c043a17fed633e2d503ca02188329865bc43c4c99bda4a1abba5417fed7
2021,chimie,Chimie,teste-antrenament,Test de antrenament 3,subiect,2021-antrenament-03-anorganica-subiect.pdf,bac/2021/chimie/teste-antrenament/2021-antrenament-03-anorganica-subiect.pdf,157228,a5aa81ed18c1b8320d9afdcda05ae599d8179acef530065c73196c5517375dab
2021,chimie,Chimie,teste-antrenament,Test de antrenament 3,barem,2021-antrenament-03-organica-barem.pdf,bac/2021/chimie/teste-antrenament/2021-antrenament-03-organica-barem.pdf,148211,ce6662b494a46d7ccf667a6bcbc96759ad260c826c3bdbf2e217b4f0d85f0105
2021,chimie,Chimie,teste-antrenament,Test de antrenament 3,subiect,2021-antrenament-03-organica-subiect.pdf,bac/2021/chimie/teste-antrenament/2021-antrenament-03-organica-subiect.pdf,238986,2dd1c7a99613182590d4bf961cd535b44173684066b409bab41e64182849c829
2021,chimie,Chimie,teste-antrenament,Test de antrenament 4,barem,2021-antrenament-04-anorganica-barem.pdf,bac/2021/chimie/teste-antrenament/2021-antrenament-04-anorganica-barem.pdf,169909,abd74735e7e2673c828fff88bac1247b9cb025c6902d7bfaca8d917482856449
2021,chimie,Chimie,teste-antrenament,Test de antrenament 4,subiect,2021-antrenament-04-anorganica-subiect.pdf,bac/2021/chimie/teste-antrenament/2021-antrenament-04-anorganica-subiect.pdf,178363,1e1e8b69b410ce34df19ffab55ea9356ad6ac52dea8e0af49995913909ff1bfd
2021,chimie,Chimie,teste-antrenament,Test de antrenament 4,barem,2021-antrenament-04-organica-barem.pdf,bac/2021/chimie/teste-antrenament/2021-antrenament-04-organica-barem.pdf,144590,e55dc92ff862e535a6a4bdcf3986d619e90d50b00ec75b1cd90967f1d93ae2b2
2021,chimie,Chimie,teste-antrenament,Test de antrenament 4,subiect,2021-antrenament-04-organica-subiect.pdf,bac/2021/chimie/teste-antrenament/2021-antrenament-04-organica-subiect.pdf,163703,9f53f95a6ae164dfac7dd0c5c3d753b4afb24d6dce9070094ec9ab1365b7f292
2021,chimie,Chimie,teste-antrenament,Test de antrenament 5,barem,2021-antrenament-05-anorganica-barem.pdf,bac/2021/chimie/teste-antrenament/2021-antrenament-05-anorganica-barem.pdf,169708,42949a9cae407f8f86e6bbd5d7e183f69f40d8bdaf45da0a5028eb72000b69ef
2021,chimie,Chimie,teste-antrenament,Test de antrenament 5,subiect,2021-antrenament-05-anorganica-subiect.pdf,bac/2021/chimie/teste-antrenament/2021-antrenament-05-anorganica-subiect.pdf,174951,574248e968a1449f60fe4e04b03ba0412982bc8613431f6dba1a5438ce9ebd9b
2021,chimie,Chimie,teste-antrenament,Test de antrenament 5,barem,2021-antrenament-05-organica-barem.pdf,bac/2021/chimie/teste-antrenament/2021-antrenament-05-organica-barem.pdf,143376,9653adb1886a54509087ebfc1a51c79fdd404cec293b503b83216ea72ae94426
2021,chimie,Chimie,teste-antrenament,Test de antrenament 5,subiect,2021-antrenament-05-organica-subiect.pdf,bac/2021/chimie/teste-antrenament/2021-antrenament-05-organica-subiect.pdf,162040,e95222f676b9262073f4cd48ecfc949c39b541be16fe59a72f91a2c7b1e1b2dd
2021,chimie,Chimie,teste-antrenament,Test de antrenament 6,barem,2021-antrenament-06-anorganica-barem.pdf,bac/2021/chimie/teste-antrenament/2021-antrenament-06-anorganica-barem.pdf,148803,d366b59d2477d7e34709fff5deef71364826c1d24c0bf13fc422a667b67c36e8
2021,chimie,Chimie,teste-antrenament,Test de antrenament 6,subiect,2021-antrenament-06-anorganica-subiect.pdf,bac/2021/chimie/teste-antrenament/2021-antrenament-06-anorganica-subiect.pdf,177320,6da071b4b1235dbe4ff6d2acfe81044ad56bf57f82cd54817435336b5034169f
2021,chimie,Chimie,teste-antrenament,Test de antrenament 6,barem,2021-antrenament-06-organica-barem.pdf,bac/2021/chimie/teste-antrenament/2021-antrenament-06-organica-barem.pdf,147622,23a7d0e8e2deb1baf8b42e333a6dbbf6f4876aa6fc321dad25e0b226fd63a740
2021,chimie,Chimie,teste-antrenament,Test de antrenament 6,subiect,2021-antrenament-06-organica-subiect.pdf,bac/2021/chimie/teste-antrenament/2021-antrenament-06-organica-subiect.pdf,159827,f07e85040dce99a5a038a450b2d62d84daea61a349b66025eebc903d3870d911
2021,chimie,Chimie,teste-antrenament,Test de antrenament 7,barem,2021-antrenament-07-anorganica-barem.pdf,bac/2021/chimie/teste-antrenament/2021-antrenament-07-anorganica-barem.pdf,170459,2b32ff26ac3377056da1898e04dcfc2ab4f52524ed399d6abb75ad38fbc0409f
2021,chimie,Chimie,teste-antrenament,Test de antrenament 7,subiect,2021-antrenament-07-anorganica-subiect.pdf,bac/2021/chimie/teste-antrenament/2021-antrenament-07-anorganica-subiect.pdf,173374,1be80603f4969f1456950754a27f5e9619608c062693982c298aa616e2ac043e
2021,chimie,Chimie,teste-antrenament,Test de antrenament 7,barem,2021-antrenament-07-organica-barem.pdf,bac/2021/chimie/teste-antrenament/2021-antrenament-07-organica-barem.pdf,147558,eececb4810f1e694a9b621f060c94d2a5133795405714e6705b846b4ba17d04c
2021,chimie,Chimie,teste-antrenament,Test de antrenament 7,subiect,2021-antrenament-07-organica-subiect.pdf,bac/2021/chimie/teste-antrenament/2021-antrenament-07-organica-subiect.pdf,158036,a1883b181b067295bc223c0645dacc23519433542f4c84cf25225bca249ebd22
2021,chimie,Chimie,teste-antrenament,Test de antrenament 8,barem,2021-antrenament-08-anorganica-barem.pdf,bac/2021/chimie/teste-antrenament/2021-antrenament-08-anorganica-barem.pdf,168384,241afad7263d567cbefdfd3a032fe9faa1daa2905b8421c73abbe5a54546e5cd
2021,chimie,Chimie,teste-antrenament,Test de antrenament 8,subiect,2021-antrenament-08-anorganica-subiect.pdf,bac/2021/chimie/teste-antrenament/2021-antrenament-08-anorganica-subiect.pdf,180639,85a2accdf4e179f1d721b615a7c7e7b8e66444f350c90214ac26ead364b4b11c
2021,chimie,Chimie,teste-antrenament,Test de antrenament 8,barem,2021-antrenament-08-organica-barem.pdf,bac/2021/chimie/teste-antrenament/2021-antrenament-08-organica-barem.pdf,146390,38455dbaccfc051a68dd05e0c8ac5104b3aaf29afa523dcba537cfec94af795d
2021,chimie,Chimie,teste-antrenament,Test de antrenament 8,subiect,2021-antrenament-08-organica-subiect.pdf,bac/2021/chimie/teste-antrenament/2021-antrenament-08-organica-subiect.pdf,191657,ef28d600f04eaa341b1deafdf947a8dd589854a94383b8f01b59ad4c84702569
2021,chimie,Chimie,teste-antrenament,Test de antrenament 9,barem,2021-antrenament-09-anorganica-barem.pdf,bac/2021/chimie/teste-antrenament/2021-antrenament-09-anorganica-barem.pdf,169720,488772e6b1a99f7ba6747b2c83cd7f6622bebfa9bdc06d483007f36fbb096503
2021,chimie,Chimie,teste-antrenament,Test de antrenament 9,subiect,2021-antrenament-09-anorganica-subiect.pdf,bac/2021/chimie/teste-antrenament/2021-antrenament-09-anorganica-subiect.pdf,178483,eca3276ddd3cd059370a7c5e1c24cd8a6f1796d4838ffc65ed2984f5d56df174
2021,chimie,Chimie,teste-antrenament,Test de antrenament 9,barem,2021-antrenament-09-organica-barem.pdf,bac/2021/chimie/teste-antrenament/2021-antrenament-09-organica-barem.pdf,148196,711f3c7d8d80d623525335bc58d65b697a38819fe5eba3fee70da544f4ea9c72
2021,chimie,Chimie,teste-antrenament,Test de antrenament 9,subiect,2021-antrenament-09-organica-subiect.pdf,bac/2021/chimie/teste-antrenament/2021-antrenament-09-organica-subiect.pdf,165295,11aa5fb3c7341e4f7942dd66439e40c7ec3c057c26094601c77cd9aa69a449d4
2021,chimie,Chimie,teste-antrenament,Test de antrenament 10,barem,2021-antrenament-10-anorganica-barem.pdf,bac/2021/chimie/teste-antrenament/2021-antrenament-10-anorganica-barem.pdf,167763,1f357db6412d939c1d9b8c892c68d8afd337681b7b696628f7faa0fa0733dc4a
2021,chimie,Chimie,teste-antrenament,Test de antrenament 10,subiect,2021-antrenament-10-anorganica-subiect.pdf,bac/2021/chimie/teste-antrenament/2021-antrenament-10-anorganica-subiect.pdf,174143,ce77553054ff8dbf1210a2e089803ffb877f2974e6d8f69b1d838dcbff43abe1
2021,chimie,Chimie,teste-antrenament,Test de antrenament 10,barem,2021-antrenament-10-organica-barem.pdf,bac/2021/chimie/teste-antrenament/2021-antrenament-10-organica-barem.pdf,161061,3a16b6e8d4b3b45bfc67e8ed8163596e4d7d6259ccd503a1041d79d876d701b4
2021,chimie,Chimie,teste-antrenament,Test de antrenament 10,subiect,2021-antrenament-10-organica-subiect.pdf,bac/2021/chimie/teste-antrenament/2021-antrenament-10-organica-subiect.pdf,168370,57ffd730f98aaace71abdc9e9e6bbfb9074a440ebcecb5595c68f315150d54ac
2021,chimie,Chimie,teste-antrenament,Test de antrenament 11,barem,2021-antrenament-11-anorganica-barem.pdf,bac/2021/chimie/teste-antrenament/2021-antrenament-11-anorganica-barem.pdf,169878,53705cb61cb8065f73d4bb86651496e5c32856c25c8bc35fe11820816bbc5ece
2021,chimie,Chimie,teste-antrenament,Test de antrenament 11,subiect,2021-antrenament-11-anorganica-subiect.pdf,bac/2021/chimie/teste-antrenament/2021-antrenament-11-anorganica-subiect.pdf,174654,099f52461a76c732e5069defb373466f9c9db413dc8d1298eebdb2ca4ebf0e71
2021,chimie,Chimie,teste-antrenament,Test de antrenament 11,barem,2021-antrenament-11-organica-barem.pdf,bac/2021/chimie/teste-antrenament/2021-antrenament-11-organica-barem.pdf,144377,3bcd0d207d476afd8f4b1f49b06dc2dbf9d00110aa4de9cef434fce5c60198e2
2021,chimie,Chimie,teste-antrenament,Test de antrenament 11,subiect,2021-antrenament-11-organica-subiect.pdf,bac/2021/chimie/teste-antrenament/2021-antrenament-11-organica-subiect.pdf,154793,f54cd033567b8df7d6d285953b0a12a063f9428df4b54cb6d375da7c18e56d75
2021,chimie,Chimie,teste-antrenament,Test de antrenament 12,barem,2021-antrenament-12-anorganica-barem.pdf,bac/2021/chimie/teste-antrenament/2021-antrenament-12-anorganica-barem.pdf,149379,61a18a84d5872b1813edeeae36c862682768e20da2e5f14f89bef5c80babf835
2021,chimie,Chimie,teste-antrenament,Test de antrenament 12,subiect,2021-antrenament-12-anorganica-subiect.pdf,bac/2021/chimie/teste-antrenament/2021-antrenament-12-anorganica-subiect.pdf,183916,f5741f7849a097e0573ce204277e27a20b4fd40dec514f955b26dd5574eef17a
2021,chimie,Chimie,teste-antrenament,Test de antrenament 12,barem,2021-antrenament-12-organica-barem.pdf,bac/2021/chimie/teste-antrenament/2021-antrenament-12-organica-barem.pdf,143530,64e9edf0f90984d5a1ba0875b2799bbb8f40c98842eab70c75e66c9c9aca99f4
2021,chimie,Chimie,teste-antrenament,Test de antrenament 12,subiect,2021-antrenament-12-organica-subiect.pdf,bac/2021/chimie/teste-antrenament/2021-antrenament-12-organica-subiect.pdf,162558,bdebe649591dcb1bc274e2d9e6327a05c5ad8997500c2c187acd233481777f2a
2021,chimie,Chimie,variante-oficiale,Varianta oficiala 1,barem,2021-varianta-01-anorganica-barem.pdf,bac/2021/chimie/variante-oficiale/2021-varianta-01-anorganica-barem.pdf,77330,ebf52041dd25a19826556764ea6a518c337ea79cc636bd0e42a07f3a2b4b5b71
2021,chimie,Chimie,variante-oficiale,Varianta oficiala 1,subiect,2021-varianta-01-anorganica-subiect.pdf,bac/2021/chimie/variante-oficiale/2021-varianta-01-anorganica-subiect.pdf,171502,6182fc448e315a0e3fa25409254b0b8afcaf229d67458c0d2abd420c3a8a5355
2021,chimie,Chimie,variante-oficiale,Varianta oficiala 1,barem,2021-varianta-01-organica-barem.pdf,bac/2021/chimie/variante-oficiale/2021-varianta-01-organica-barem.pdf,142659,8f617f05c8384befcebe2165292111fe9066986618825ee4cfe0a289e9519726
2021,chimie,Chimie,variante-oficiale,Varianta oficiala 1,subiect,2021-varianta-01-organica-subiect.pdf,bac/2021/chimie/variante-oficiale/2021-varianta-01-organica-subiect.pdf,131330,992d663de507a9fe8ee96db2db4c299001e9919ea086b47e6d896f8ded25965e
2021,chimie,Chimie,variante-oficiale,Varianta oficiala 4,barem,2021-varianta-04-anorganica-barem.pdf,bac/2021/chimie/variante-oficiale/2021-varianta-04-anorganica-barem.pdf,70377,034326a10289205b54d213b5a728fe80b2bb1636a4d27d3ee5935e4898263960
2021,chimie,Chimie,variante-oficiale,Varianta oficiala 4,subiect,2021-varianta-04-anorganica-subiect.pdf,bac/2021/chimie/variante-oficiale/2021-varianta-04-anorganica-subiect.pdf,106536,35a2a83adfd77ec97842187f52594f4a5bc57e3a6fe6e9a367fceb507a1686e1
2021,chimie,Chimie,variante-oficiale,Varianta oficiala 4,barem,2021-varianta-04-organica-barem.pdf,bac/2021/chimie/variante-oficiale/2021-varianta-04-organica-barem.pdf,71614,ff5b10985148b5dd07855c8d1d1fd2bf7b5a444f6843ea25cf3af121ebd918bf
2021,chimie,Chimie,variante-oficiale,Varianta oficiala 4,subiect,2021-varianta-04-organica-subiect.pdf,bac/2021/chimie/variante-oficiale/2021-varianta-04-organica-subiect.pdf,84457,91e4a5fd4555b4f6f8f4b69ff393ca44cadd302d42b175e5c7bc7c8427456648
2022,biologie,Biologie,model,Model,barem,2022-model-anatomie-fiziologie-barem.pdf,bac/2022/biologie/model/2022-model-anatomie-fiziologie-barem.pdf,152617,242f28580001a7fa3cfba7c69d683bfe985039b2e121a89fb11f417228a6f844
2022,biologie,Biologie,model,Model,subiect,2022-model-anatomie-fiziologie-subiect.pdf,bac/2022/biologie/model/2022-model-anatomie-fiziologie-subiect.pdf,154176,25704c13138a398c728135998a3a69b3b25417cd185e86cae23a715678a054d9
2022,biologie,Biologie,model,Model,barem,2022-model-vegetala-animala-barem.pdf,bac/2022/biologie/model/2022-model-vegetala-animala-barem.pdf,153955,9cd6486f8bdfe21acbd1de6084caf79a03b0ab3302a05347db9df53a27a3d570
2022,biologie,Biologie,model,Model,subiect,2022-model-vegetala-animala-subiect.pdf,bac/2022/biologie/model/2022-model-vegetala-animala-subiect.pdf,156642,ec834f56f81415331d8ba8becd4046cf8c48ba8e23abef50cb9b79a35d3e6b9a
2022,biologie,Biologie,sesiune-august,Sesiunea august,barem,2022-august-anatomie-fiziologie-barem.pdf,bac/2022/biologie/sesiune-august/2022-august-anatomie-fiziologie-barem.pdf,80069,fb92864c2ce2b5ebdd69e964454c544bd433a3ddcefbfc287c3ab3ea1bb26d42
2022,biologie,Biologie,sesiune-august,Sesiunea august,subiect,2022-august-anatomie-fiziologie-subiect.pdf,bac/2022/biologie/sesiune-august/2022-august-anatomie-fiziologie-subiect.pdf,84354,5403363f56a8d11558daddb68fed2795deec392c3ff8b38769ae015364f71c93
2022,biologie,Biologie,sesiune-august,Sesiunea august,barem,2022-august-vegetala-animala-barem.pdf,bac/2022/biologie/sesiune-august/2022-august-vegetala-animala-barem.pdf,78885,0a12ab29ef7b8fcbea16a6786f481a5710e0a334ce125da128644a0de5ec6bd1
2022,biologie,Biologie,sesiune-august,Sesiunea august,subiect,2022-august-vegetala-animala-subiect.pdf,bac/2022/biologie/sesiune-august/2022-august-vegetala-animala-subiect.pdf,85551,f5a7c0f12f6cf9c3d4f9642df15701665e50c19bbc2c7f67f5379998925ba02d
2022,biologie,Biologie,sesiune-iunie,Sesiunea iunie,barem,2022-iunie-anatomie-fiziologie-barem.pdf,bac/2022/biologie/sesiune-iunie/2022-iunie-anatomie-fiziologie-barem.pdf,80032,12ec571fd51278ceb17404b2a143b0902da3970709a08e8fd343c30a98f8a3eb
2022,biologie,Biologie,sesiune-iunie,Sesiunea iunie,subiect,2022-iunie-anatomie-fiziologie-subiect.pdf,bac/2022/biologie/sesiune-iunie/2022-iunie-anatomie-fiziologie-subiect.pdf,83422,d437fe1b3b2a81201a7153cdd3db937cc476d595f826ae54312e9ce62c0ef2a1
2022,biologie,Biologie,sesiune-iunie,Sesiunea iunie,barem,2022-iunie-vegetala-animala-barem.pdf,bac/2022/biologie/sesiune-iunie/2022-iunie-vegetala-animala-barem.pdf,79016,d331ea693a1f6b3d7229121b226348e947bf309b983a2a33562e286b2dbb2d72
2022,biologie,Biologie,sesiune-iunie,Sesiunea iunie,subiect,2022-iunie-vegetala-animala-subiect.pdf,bac/2022/biologie/sesiune-iunie/2022-iunie-vegetala-animala-subiect.pdf,79991,00cf6688db8efa5dd195a19369782d6b57bfc7faab399ef92a987ec88d95a044
2022,biologie,Biologie,sesiune-speciala,Sesiunea speciala,barem,2022-speciala-anatomie-fiziologie-barem.pdf,bac/2022/biologie/sesiune-speciala/2022-speciala-anatomie-fiziologie-barem.pdf,79739,c2476bd582d298ab3877ad9c802fb8da1e8d72fadf5f117334035606899acd51
2022,biologie,Biologie,sesiune-speciala,Sesiunea speciala,subiect,2022-speciala-anatomie-fiziologie-subiect.pdf,bac/2022/biologie/sesiune-speciala/2022-speciala-anatomie-fiziologie-subiect.pdf,79283,6212559530a9e9348ef45a5589e36716f418645aa3243514075ba5d1ae5402f3
2022,biologie,Biologie,sesiune-speciala,Sesiunea speciala,barem,2022-speciala-vegetala-animala-barem.pdf,bac/2022/biologie/sesiune-speciala/2022-speciala-vegetala-animala-barem.pdf,79126,ed7ae27b64e259755131f7a55204cae57d0d55bf85f997fd8e0b1281edbab24c
2022,biologie,Biologie,sesiune-speciala,Sesiunea speciala,subiect,2022-speciala-vegetala-animala-subiect.pdf,bac/2022/biologie/sesiune-speciala/2022-speciala-vegetala-animala-subiect.pdf,87004,8b2508e9ccccad5eb7237c0ac6860743219799b1d4a4119af871a8753995b28c
2022,biologie,Biologie,simulare,Simulare,barem,2022-simulare-anatomie-fiziologie-barem.pdf,bac/2022/biologie/simulare/2022-simulare-anatomie-fiziologie-barem.pdf,158659,b3174c5cb7c0f56df6d942d1a0acd50cd67c1f6e01e3883e60ae5859b245e2c3
2022,biologie,Biologie,simulare,Simulare,subiect,2022-simulare-anatomie-fiziologie-subiect.pdf,bac/2022/biologie/simulare/2022-simulare-anatomie-fiziologie-subiect.pdf,160275,56bc749d00a8f13f27496a9711263f93f2a453ba87b435b6a6d5e86f43d6449b
2022,biologie,Biologie,simulare,Simulare,barem,2022-simulare-vegetala-animala-barem.pdf,bac/2022/biologie/simulare/2022-simulare-vegetala-animala-barem.pdf,158423,980aa744e90f8916e52aeb3edb56b4e0942b1f291ca61a0d14a5b8076a5bb286
2022,biologie,Biologie,simulare,Simulare,subiect,2022-simulare-vegetala-animala-subiect.pdf,bac/2022/biologie/simulare/2022-simulare-vegetala-animala-subiect.pdf,164012,80f8329dafdd55f04205da5aaca3f8128c99984150f34e003a41bbcefc37505b
2022,chimie,Chimie,model,Model,barem,2022-model-anorganica-barem.pdf,bac/2022/chimie/model/2022-model-anorganica-barem.pdf,146487,b2ae20125e957a3b9ed76cafecf4f12aae6c50c7042b51332db0a8acd76571ec
2022,chimie,Chimie,model,Model,subiect,2022-model-anorganica-subiect.pdf,bac/2022/chimie/model/2022-model-anorganica-subiect.pdf,172214,7ab68cd24f8d560a6ffca0db3b9bc73fc2fc847778eb68dc68b75bbc585d52e3
2022,chimie,Chimie,model,Model,barem,2022-model-organica-barem.pdf,bac/2022/chimie/model/2022-model-organica-barem.pdf,143954,35341a7c485338b61aa36ef05ed7153b1b2186587533a8d6c70986949caa4918
2022,chimie,Chimie,model,Model,subiect,2022-model-organica-subiect.pdf,bac/2022/chimie/model/2022-model-organica-subiect.pdf,174260,9782c3c2aecfb933dc04ffd58a4ba353332c1f5cafdd2ff6c5772c93faa481fa
2022,chimie,Chimie,sesiune-august,Sesiunea august,barem,2022-august-anorganica-barem.pdf,bac/2022/chimie/sesiune-august/2022-august-anorganica-barem.pdf,149990,63b1637f0bb5d7f3612900e9f46d0b1a949aea7b09f1a362b7f00a3beb462e2a
2022,chimie,Chimie,sesiune-august,Sesiunea august,subiect,2022-august-anorganica-subiect.pdf,bac/2022/chimie/sesiune-august/2022-august-anorganica-subiect.pdf,181406,d60baea5205ba9124d5c1ef16cadb0f3293e6f1799bd7f936fead4b568e577d3
2022,chimie,Chimie,sesiune-august,Sesiunea august,barem,2022-august-organica-barem.pdf,bac/2022/chimie/sesiune-august/2022-august-organica-barem.pdf,147425,f845537378d525a7988894a0d64da052743e2dfb98b963b32ae625c7d25f4574
2022,chimie,Chimie,sesiune-august,Sesiunea august,subiect,2022-august-organica-subiect.pdf,bac/2022/chimie/sesiune-august/2022-august-organica-subiect.pdf,162416,23bce9fdfba5477748ff5ae41193ca95ae1dcb547b03f4a3332032cfc6daec4f
2022,chimie,Chimie,sesiune-iunie,Sesiunea iunie,barem,2022-iunie-anorganica-barem.pdf,bac/2022/chimie/sesiune-iunie/2022-iunie-anorganica-barem.pdf,87131,8cbeb5af7ba20fd6dd6f4d5842ef725c51f4066277d55dad3dd5e66d8bf451fc
2022,chimie,Chimie,sesiune-iunie,Sesiunea iunie,subiect,2022-iunie-anorganica-subiect.pdf,bac/2022/chimie/sesiune-iunie/2022-iunie-anorganica-subiect.pdf,126407,e630f676a921a3592bf7b1898558d99ff6303f051013d635a3d97b522d8b8941
2022,chimie,Chimie,sesiune-iunie,Sesiunea iunie,barem,2022-iunie-organica-barem.pdf,bac/2022/chimie/sesiune-iunie/2022-iunie-organica-barem.pdf,72452,b8bcdbf2f4526cec3cd839792bac95e9711ff307947c1d18564e6fb788b6cae0
2022,chimie,Chimie,sesiune-iunie,Sesiunea iunie,subiect,2022-iunie-organica-subiect.pdf,bac/2022/chimie/sesiune-iunie/2022-iunie-organica-subiect.pdf,88173,dcc31b5acfd332c8e7cf0e9bb5384cbbb8e82cac0e13d4efb142621690eb129b
2022,chimie,Chimie,sesiune-speciala,Sesiunea speciala,barem,2022-speciala-anorganica-barem.pdf,bac/2022/chimie/sesiune-speciala/2022-speciala-anorganica-barem.pdf,148125,cb791c5b4df4ce041c643ea28e8b3336deb76662a834a0c8d7914013a2e72a9f
2022,chimie,Chimie,sesiune-speciala,Sesiunea speciala,subiect,2022-speciala-anorganica-subiect.pdf,bac/2022/chimie/sesiune-speciala/2022-speciala-anorganica-subiect.pdf,175109,a8b5a89c5f1f6b408ce2d4139035732ef217cfa5c2aa3744741bf1a3050d5416
2022,chimie,Chimie,sesiune-speciala,Sesiunea speciala,barem,2022-speciala-organica-barem.pdf,bac/2022/chimie/sesiune-speciala/2022-speciala-organica-barem.pdf,148693,bbae8a510fea00e1fde51834f4e6f3d86dab3439eec91f78972e230577c549b9
2022,chimie,Chimie,sesiune-speciala,Sesiunea speciala,subiect,2022-speciala-organica-subiect.pdf,bac/2022/chimie/sesiune-speciala/2022-speciala-organica-subiect.pdf,133072,7c9b116eb67000dc14405a36109e0a18edfda89a07542cbf771bb5a7d7782484
2022,chimie,Chimie,simulare,Simulare,barem,2022-simulare-anorganica-barem.pdf,bac/2022/chimie/simulare/2022-simulare-anorganica-barem.pdf,170868,c114845a184c9fd1e679197cbdd93f1886a8237edf8e20d829a367c026a98d6b
2022,chimie,Chimie,simulare,Simulare,subiect,2022-simulare-anorganica-subiect.pdf,bac/2022/chimie/simulare/2022-simulare-anorganica-subiect.pdf,171735,233557c569c65835cab9771741581b533cf383c62e5982136c150f4e87318c62
2022,chimie,Chimie,simulare,Simulare,barem,2022-simulare-organica-barem.pdf,bac/2022/chimie/simulare/2022-simulare-organica-barem.pdf,144813,9ada3c624579116764e1686218cb16527f1b783eed55c0216d573ed7a4631da9
2022,chimie,Chimie,simulare,Simulare,subiect,2022-simulare-organica-subiect.pdf,bac/2022/chimie/simulare/2022-simulare-organica-subiect.pdf,177051,fa192a55adf019a782d7d6aa714f315baabcb8372a749d4f173f345c4d843545
2023,biologie,Biologie,model,Model,barem,2023-model-anatomie-fiziologie-barem.pdf,bac/2023/biologie/model/2023-model-anatomie-fiziologie-barem.pdf,153704,eecbf8173b0acddddb46471d996cde7ab0ab4a73b3a638313618842f25580fff
2023,biologie,Biologie,model,Model,subiect,2023-model-anatomie-fiziologie-subiect.pdf,bac/2023/biologie/model/2023-model-anatomie-fiziologie-subiect.pdf,143572,f3f34669ee750d79df78e75317331e16f869dc3009682660093da0bb5439af46
2023,biologie,Biologie,model,Model,barem,2023-model-vegetala-animala-barem.pdf,bac/2023/biologie/model/2023-model-vegetala-animala-barem.pdf,153864,61e57ff0b79a97ceb0be88f802d50ce10c21cc1ac2425890bef4ac03627aee42
2023,biologie,Biologie,model,Model,subiect,2023-model-vegetala-animala-subiect.pdf,bac/2023/biologie/model/2023-model-vegetala-animala-subiect.pdf,167230,65c5c20e15355dbdcc245a08cab22a31d9a51c5f5ba23d965962d7222ce103ad
2023,biologie,Biologie,rezerva-august,Rezerva august,barem,2023-august-rezerva-bio-veg-anim-barem.pdf,bac/2023/biologie/rezerva-august/2023-august-rezerva-bio-veg-anim-barem.pdf,79026,2c5b97f669c867c5bb92d21631649085b108f29846771ef84dfcac91c3733b5d
2023,biologie,Biologie,rezerva-august,Rezerva august,subiect,2023-august-rezerva-bio-veg-anim-subiect.pdf,bac/2023/biologie/rezerva-august/2023-august-rezerva-bio-veg-anim-subiect.pdf,91106,29c4854c91dce3c569f8eea7181ec98eb4dcfcbff186876b386985833c76bf6a
2023,biologie,Biologie,sesiune-august,Sesiunea august,barem,2023-august-anat-fiz-gen-ec-um-barem.pdf,bac/2023/biologie/sesiune-august/2023-august-anat-fiz-gen-ec-um-barem.pdf,80328,061468a7bd1c8057932390da3c4f41207154b6babbc58ff52fbfae64f14f9316
2023,biologie,Biologie,sesiune-august,Sesiunea august,subiect,2023-august-anat-fiz-gen-ec-um-subiect.pdf,bac/2023/biologie/sesiune-august/2023-august-anat-fiz-gen-ec-um-subiect.pdf,77768,1915e9612a67c6973874bbef48511d32b922607c2eb78bf37d663c66a3fd956a
2023,biologie,Biologie,sesiune-august,Sesiunea august,barem,2023-august-bio-veg-anim-barem.pdf,bac/2023/biologie/sesiune-august/2023-august-bio-veg-anim-barem.pdf,78717,066ec18f322cc588047ce049d015edd531d16eb69e1d109bbe43adba1af9eeee
2023,biologie,Biologie,sesiune-august,Sesiunea august,subiect,2023-august-bio-veg-anim-subiect.pdf,bac/2023/biologie/sesiune-august/2023-august-bio-veg-anim-subiect.pdf,90443,21c1f9c800b993fbe3f8a82e0a4d889198b5d099eee9e25fc24d9490be71217a
2023,biologie,Biologie,sesiune-iunie,Sesiunea iunie,barem,2023-iunie-anat-fiz-gen-ec-um-barem.pdf,bac/2023/biologie/sesiune-iunie/2023-iunie-anat-fiz-gen-ec-um-barem.pdf,79684,8cbcea5721e9e831ea666d5bb2f7dce3de2c57ac54e85f29444fd1d2a68053ea
2023,biologie,Biologie,sesiune-iunie,Sesiunea iunie,subiect,2023-iunie-anat-fiz-gen-ec-um-subiect.pdf,bac/2023/biologie/sesiune-iunie/2023-iunie-anat-fiz-gen-ec-um-subiect.pdf,78016,4163e061d80c21379f7fdff93df865e3678d1421997ebcecc82f820ca8433dac
2023,biologie,Biologie,sesiune-iunie,Sesiunea iunie,barem,2023-iunie-bio-veg-anim-barem.pdf,bac/2023/biologie/sesiune-iunie/2023-iunie-bio-veg-anim-barem.pdf,78970,651df11ccd76c196055d0a268ba8e43a0205db1079b3eb2b78ee925546b304fc
2023,biologie,Biologie,sesiune-iunie,Sesiunea iunie,subiect,2023-iunie-bio-veg-anim-subiect.pdf,bac/2023/biologie/sesiune-iunie/2023-iunie-bio-veg-anim-subiect.pdf,91360,a861ac9a9cb62035d76f03c445d58799d338b8ab090f6fa9ff5061fdd007b500
2023,biologie,Biologie,sesiune-speciala,Sesiunea speciala,barem,2023-speciala-anat-fiz-gen-ec-um-barem.pdf,bac/2023/biologie/sesiune-speciala/2023-speciala-anat-fiz-gen-ec-um-barem.pdf,79804,05a1710c7ae6912b8c2e218acf9595eb0f9e613782b249bd4b8d672333c7732c
2023,biologie,Biologie,sesiune-speciala,Sesiunea speciala,subiect,2023-speciala-anat-fiz-gen-ec-um-subiect.pdf,bac/2023/biologie/sesiune-speciala/2023-speciala-anat-fiz-gen-ec-um-subiect.pdf,77181,d20118a280b99082ba64ebb0bad08c335293132229b18733bfddb4e89884306b
2023,biologie,Biologie,sesiune-speciala,Sesiunea speciala,barem,2023-speciala-bio-veg-anim-barem.pdf,bac/2023/biologie/sesiune-speciala/2023-speciala-bio-veg-anim-barem.pdf,78957,eed17414043e771f2032bfb22f635725c4b2e64fe83f6daa00f6915b06cedfee
2023,biologie,Biologie,sesiune-speciala,Sesiunea speciala,subiect,2023-speciala-bio-veg-anim-subiect.pdf,bac/2023/biologie/sesiune-speciala/2023-speciala-bio-veg-anim-subiect.pdf,90663,bcd8e021a04f1b0d4d5582a5ea00989d08fb57b07297934ea657a04b2f6d906a
2023,biologie,Biologie,simulare,Simulare,barem,2023-simulare-anatomie-fiziologie-barem.pdf,bac/2023/biologie/simulare/2023-simulare-anatomie-fiziologie-barem.pdf,157142,97b5c96d376467a3d8d66f15cfb58fae0a4ca1a14b5fc20510bfc98277908586
2023,biologie,Biologie,simulare,Simulare,subiect,2023-simulare-anatomie-fiziologie-subiect.pdf,bac/2023/biologie/simulare/2023-simulare-anatomie-fiziologie-subiect.pdf,149743,7a664aaf783ad66ec4cc1a47eb7e698c3055f67c28770e45e3d8f9d216f707d8
2023,biologie,Biologie,simulare,Simulare,barem,2023-simulare-vegetala-animala-barem.pdf,bac/2023/biologie/simulare/2023-simulare-vegetala-animala-barem.pdf,159539,e077992cb6c6fdb91a54cbe3312c4ad1dc2bdeddfb8ee9a5d93c7d678ed3d20d
2023,biologie,Biologie,simulare,Simulare,subiect,2023-simulare-vegetala-animala-subiect.pdf,bac/2023/biologie/simulare/2023-simulare-vegetala-animala-subiect.pdf,178043,67883a85c652cbdb272c6fdac36cfd433d1832ea9dfcdb465176cb6271efec4f
2023,chimie,Chimie,model,Model,barem,2023-model-anorganica-barem.pdf,bac/2023/chimie/model/2023-model-anorganica-barem.pdf,147971,dd0e62c685a0985f15d4a676ad9ef6a77ec8a2cf539d247690834d54413cca1c
2023,chimie,Chimie,model,Model,subiect,2023-model-anorganica-subiect.pdf,bac/2023/chimie/model/2023-model-anorganica-subiect.pdf,178088,dd4580f48d8f839e7f2fb91cf8400fd1429fa2a5adb24d333cdd09b462170501
2023,chimie,Chimie,model,Model,barem,2023-model-organica-barem.pdf,bac/2023/chimie/model/2023-model-organica-barem.pdf,149184,8214728f3f8fa2d9d87c4f1eee7b7a6ee52a8b03dcddbf1a504ba9749e6f90de
2023,chimie,Chimie,model,Model,subiect,2023-model-organica-subiect.pdf,bac/2023/chimie/model/2023-model-organica-subiect.pdf,163931,3b7fd93b7f479cdb568d15a9b870323455e85f82ed7dd6ec9a5ec81db6fa0fd0
2023,chimie,Chimie,sesiune-august,Sesiunea august,barem,2023-august-chimie-anorganica-barem.pdf,bac/2023/chimie/sesiune-august/2023-august-chimie-anorganica-barem.pdf,70535,ed22d3a75bbf9a0956f2e313a9c9a495a78e87287553bfc4dfb67fe05552b75f
2023,chimie,Chimie,sesiune-august,Sesiunea august,subiect,2023-august-chimie-anorganica-subiect.pdf,bac/2023/chimie/sesiune-august/2023-august-chimie-anorganica-subiect.pdf,89568,be34d605f71d851a0eed5ec5661f203ac63ce27df998df4a79bb729de115802e
2023,chimie,Chimie,sesiune-august,Sesiunea august,barem,2023-august-chimie-organica-barem.pdf,bac/2023/chimie/sesiune-august/2023-august-chimie-organica-barem.pdf,73202,1b5c02160a443282ba6b5aca1c9b9c136305638543c71ea6cc298a68375d902e
2023,chimie,Chimie,sesiune-august,Sesiunea august,subiect,2023-august-chimie-organica-subiect.pdf,bac/2023/chimie/sesiune-august/2023-august-chimie-organica-subiect.pdf,69793,ec15324591307ec46138f884e22d73c43c5391a8288e44406a334903420630fa
2023,chimie,Chimie,sesiune-iunie,Sesiunea iunie,barem,2023-iunie-chimie-anorganica-barem.pdf,bac/2023/chimie/sesiune-iunie/2023-iunie-chimie-anorganica-barem.pdf,144230,8275e18c9e06967bce571d01af47c146cfd9294f7e3f98d87a3d1c6a13b0ef22
2023,chimie,Chimie,sesiune-iunie,Sesiunea iunie,subiect,2023-iunie-chimie-anorganica-subiect.pdf,bac/2023/chimie/sesiune-iunie/2023-iunie-chimie-anorganica-subiect.pdf,176503,71fce42f1fb48505d6b603e5b7d8b2b06d1fc1b46faf30c040c9f884efa3d17d
2023,chimie,Chimie,sesiune-iunie,Sesiunea iunie,barem,2023-iunie-chimie-organica-barem.pdf,bac/2023/chimie/sesiune-iunie/2023-iunie-chimie-organica-barem.pdf,147840,5f7caf41b26e4e054409150d467714f5cd9a002952ba4da7d40ea8162e302b5e
2023,chimie,Chimie,sesiune-iunie,Sesiunea iunie,subiect,2023-iunie-chimie-organica-subiect.pdf,bac/2023/chimie/sesiune-iunie/2023-iunie-chimie-organica-subiect.pdf,137961,4c62eab0b810c6dac9a42227dcb98e951d1969abb1b561839168f9aa4b02d4ed
2023,chimie,Chimie,sesiune-speciala,Sesiunea speciala,barem,2023-speciala-chimie-anorganica-barem.pdf,bac/2023/chimie/sesiune-speciala/2023-speciala-chimie-anorganica-barem.pdf,147901,18e0cfc723f7132ecb61f90ddc87551497c3c01044ec722c13185bd658224ccd
2023,chimie,Chimie,sesiune-speciala,Sesiunea speciala,subiect,2023-speciala-chimie-anorganica-subiect.pdf,bac/2023/chimie/sesiune-speciala/2023-speciala-chimie-anorganica-subiect.pdf,152768,3ec2a8a102574b3636aa2f6c6daebc2108a46c8d51e8cdf6d3427bdea907c959
2023,chimie,Chimie,sesiune-speciala,Sesiunea speciala,barem,2023-speciala-chimie-organica-barem.pdf,bac/2023/chimie/sesiune-speciala/2023-speciala-chimie-organica-barem.pdf,142297,14a3f578864540abcc8be27a2699a42bc236b50964d0aef91e5212bdf9b01b98
2023,chimie,Chimie,sesiune-speciala,Sesiunea speciala,subiect,2023-speciala-chimie-organica-subiect.pdf,bac/2023/chimie/sesiune-speciala/2023-speciala-chimie-organica-subiect.pdf,133785,6ff443164f749b9f993315c0ada7a824ea6eb888d6f0edbda7b30d33af965cbf
2023,chimie,Chimie,simulare,Simulare,barem,2023-simulare-anorganica-barem.pdf,bac/2023/chimie/simulare/2023-simulare-anorganica-barem.pdf,148243,545faa5291172bd56f478fa0b4263342169bd6d31a7debb43ba3529a7aeaa34b
2023,chimie,Chimie,simulare,Simulare,subiect,2023-simulare-anorganica-subiect.pdf,bac/2023/chimie/simulare/2023-simulare-anorganica-subiect.pdf,182930,68917f77c52508e5823ecb8881d3e49b4f64b37c74fb1d07e74abf0a04ce9460
2023,chimie,Chimie,simulare,Simulare,barem,2023-simulare-organica-barem.pdf,bac/2023/chimie/simulare/2023-simulare-organica-barem.pdf,145143,f72bed01bcc82e4dac9e37e28fcb68aafa54a9e9643a5e6942d2df9eb109f511
2023,chimie,Chimie,simulare,Simulare,subiect,2023-simulare-organica-subiect.pdf,bac/2023/chimie/simulare/2023-simulare-organica-subiect.pdf,144215,f1731da575d153de0c5b84c024fdc479a9b79c935da3e3f0c4b791e0ce4bff15
2024,biologie,Biologie,model,Model,barem,2024-model-anatomie-fiziologie-barem.pdf,bac/2024/biologie/model/2024-model-anatomie-fiziologie-barem.pdf,151734,508e79bfa480beda2dac0984d2a0eeafc07159339d3dee8a8938354e700920e8
2024,biologie,Biologie,model,Model,subiect,2024-model-anatomie-fiziologie-subiect.pdf,bac/2024/biologie/model/2024-model-anatomie-fiziologie-subiect.pdf,152923,dd55fc97779410e25c1f48b6b10f563d09480368024767ede499601eff45f524
2024,biologie,Biologie,model,Model,barem,2024-model-vegetala-animala-barem.pdf,bac/2024/biologie/model/2024-model-vegetala-animala-barem.pdf,153784,0cb194e1fb4a59488441e80664d5c6bf3199504043463de250af5d4378b6fc91
2024,biologie,Biologie,model,Model,subiect,2024-model-vegetala-animala-subiect.pdf,bac/2024/biologie/model/2024-model-vegetala-animala-subiect.pdf,157063,da59e2bbd57a43ee72f2db1f14539d889f5904ad5a0b5d3ced8a9086c5b0b7ac
2024,biologie,Biologie,sesiune-august,Sesiunea august,barem,2024-august-biologie-anatomie-fiziologie-barem.pdf,bac/2024/biologie/sesiune-august/2024-august-biologie-anatomie-fiziologie-barem.pdf,79460,53b1ff26a9408171002f0aaeac10a46ac4d41d85979b3fc186b85c1b9aad143f
2024,biologie,Biologie,sesiune-august,Sesiunea august,subiect,2024-august-biologie-anatomie-fiziologie-subiect.pdf,bac/2024/biologie/sesiune-august/2024-august-biologie-anatomie-fiziologie-subiect.pdf,83637,a8060f29ecbca66bc8a88cbaeed31574f611e7f4855f03250788e707cd03ff89
2024,biologie,Biologie,sesiune-august,Sesiunea august,barem,2024-august-biologie-vegetala-animala-barem.pdf,bac/2024/biologie/sesiune-august/2024-august-biologie-vegetala-animala-barem.pdf,78986,6b5077f33a3f6483a238628b957cd863d0fac579b37093f43037da370ee3a64d
2024,biologie,Biologie,sesiune-august,Sesiunea august,subiect,2024-august-biologie-vegetala-animala-subiect.pdf,bac/2024/biologie/sesiune-august/2024-august-biologie-vegetala-animala-subiect.pdf,84729,6359c2459764170a03c7aa5068c2a52ece100db1fd5c42edf376f60e3d971644
2024,biologie,Biologie,sesiune-iunie,Sesiunea iunie,barem,2024-iunie-biologie-anatomie-fiziologie-barem.pdf,bac/2024/biologie/sesiune-iunie/2024-iunie-biologie-anatomie-fiziologie-barem.pdf,79466,f8694309a3b32027301696c514997bd350da057ad651aa5ef9b0c5dd179cd792
2024,biologie,Biologie,sesiune-iunie,Sesiunea iunie,subiect,2024-iunie-biologie-anatomie-fiziologie-subiect.pdf,bac/2024/biologie/sesiune-iunie/2024-iunie-biologie-anatomie-fiziologie-subiect.pdf,78076,aecdcf758494a5146271e94ee2a17de1bea707053ee1cec462322bfeeeff95dc
2024,biologie,Biologie,sesiune-iunie,Sesiunea iunie,barem,2024-iunie-biologie-vegetala-animala-barem.pdf,bac/2024/biologie/sesiune-iunie/2024-iunie-biologie-vegetala-animala-barem.pdf,78810,0e8fd7438f21e0609171d805e11b70b383ad122313f6263a6ec13eff4e4d033a
2024,biologie,Biologie,sesiune-iunie,Sesiunea iunie,subiect,2024-iunie-biologie-vegetala-animala-subiect.pdf,bac/2024/biologie/sesiune-iunie/2024-iunie-biologie-vegetala-animala-subiect.pdf,90537,91f929b23d4527ef71818dc1b88424d2bcad3838685934834ad65c78495ea344
2024,biologie,Biologie,sesiune-speciala,Sesiunea speciala,barem,2024-speciala-biologie-anatomie-fiziologie-barem.pdf,bac/2024/biologie/sesiune-speciala/2024-speciala-biologie-anatomie-fiziologie-barem.pdf,157245,fa9f70b02b607716e82c524508a9e57b911deebb4972ebbeea1c7a2f7945bbe1
2024,biologie,Biologie,sesiune-speciala,Sesiunea speciala,subiect,2024-speciala-biologie-anatomie-fiziologie-subiect.pdf,bac/2024/biologie/sesiune-speciala/2024-speciala-biologie-anatomie-fiziologie-subiect.pdf,83509,4696f65383ef76d001b978f7cc147c365e5007c4a7f02042ec1b21b56398acef
2024,biologie,Biologie,sesiune-speciala,Sesiunea speciala,barem,2024-speciala-biologie-vegetala-animala-barem.pdf,bac/2024/biologie/sesiune-speciala/2024-speciala-biologie-vegetala-animala-barem.pdf,157977,4fe3b75b1a0d2fb93fe4bbd28b796fb7ad52ab39a975a8a60fa3806c3e6f841f
2024,biologie,Biologie,sesiune-speciala,Sesiunea speciala,subiect,2024-speciala-biologie-vegetala-animala-subiect.pdf,bac/2024/biologie/sesiune-speciala/2024-speciala-biologie-vegetala-animala-subiect.pdf,84817,81c5622380a9111bede206242519506b55bd0d550098c8451ebb6758f18d9c71
2024,biologie,Biologie,simulare,Simulare,barem,2024-simulare-anatomie-fiziologie-barem.pdf,bac/2024/biologie/simulare/2024-simulare-anatomie-fiziologie-barem.pdf,153369,c8c47d3bfa78f7d20b08e87b0d028447cfb259d6c25f02a02b779fd49593c8e7
2024,biologie,Biologie,simulare,Simulare,subiect,2024-simulare-anatomie-fiziologie-subiect.pdf,bac/2024/biologie/simulare/2024-simulare-anatomie-fiziologie-subiect.pdf,143839,1f357d0355f68ddd32d68619c9c4c0cc506db3524732a33d1b3b7dc6168e9db4
2024,biologie,Biologie,simulare,Simulare,barem,2024-simulare-vegetala-animala-barem.pdf,bac/2024/biologie/simulare/2024-simulare-vegetala-animala-barem.pdf,153698,5b14e66aa57916c8878464101c30a8b89f6be7abf1e218ade49f1cfc3a71551a
2024,biologie,Biologie,simulare,Simulare,subiect,2024-simulare-vegetala-animala-subiect.pdf,bac/2024/biologie/simulare/2024-simulare-vegetala-animala-subiect.pdf,169051,dc7745a7ade7dece2172e914ab68f085ec298d8f46bcee44106d1608d76a0ace
2024,chimie,Chimie,model,Model,barem,2024-model-anorganica-barem.pdf,bac/2024/chimie/model/2024-model-anorganica-barem.pdf,170301,21537fa0e5fef9213944c6105118c664f633a945e7bbdb419b2cf9f8af152505
2024,chimie,Chimie,model,Model,subiect,2024-model-anorganica-subiect.pdf,bac/2024/chimie/model/2024-model-anorganica-subiect.pdf,173784,dfcd847dbe1286fdf348ae9c382fd78f027d670334e81f16e130d62232030856
2024,chimie,Chimie,model,Model,barem,2024-model-organica-barem.pdf,bac/2024/chimie/model/2024-model-organica-barem.pdf,144684,548d281f74baf7e017ac90dfc8cdeb181ce7ffba62f55b031de7d2a71e497873
2024,chimie,Chimie,model,Model,subiect,2024-model-organica-subiect.pdf,bac/2024/chimie/model/2024-model-organica-subiect.pdf,170175,6e262762ea4c23eab3707ca902af3ef0845a428f9a493c292ea7406458674f24
2024,chimie,Chimie,sesiune-august,Sesiunea august,barem,2024-august-chimie-anorganica-barem.pdf,bac/2024/chimie/sesiune-august/2024-august-chimie-anorganica-barem.pdf,71965,33b256ca9d04f74cbed58e1137887af8bca2de297e5caa866e59ba2b44dfb949
2024,chimie,Chimie,sesiune-august,Sesiunea august,subiect,2024-august-chimie-anorganica-subiect.pdf,bac/2024/chimie/sesiune-august/2024-august-chimie-anorganica-subiect.pdf,131690,e43982493cd41b9a1fb51b041b54f18609313b8596f6e6ca78b25b63274348a9
2024,chimie,Chimie,sesiune-august,Sesiunea august,barem,2024-august-chimie-organica-barem.pdf,bac/2024/chimie/sesiune-august/2024-august-chimie-organica-barem.pdf,71123,a2716b02433def726766ea66a2c930d758bc7424c11c86f65a8687a1d3dfad9a
2024,chimie,Chimie,sesiune-august,Sesiunea august,subiect,2024-august-chimie-organica-subiect.pdf,bac/2024/chimie/sesiune-august/2024-august-chimie-organica-subiect.pdf,87109,ad91b9163f13e838908e984b031cf908f249208535e8ad51a052d4131baa18a1
2024,chimie,Chimie,sesiune-iunie,Sesiunea iunie,barem,2024-iunie-chimie-anorganica-barem.pdf,bac/2024/chimie/sesiune-iunie/2024-iunie-chimie-anorganica-barem.pdf,148113,81837c8dbb0a66ccc98ad74aa3886361a4ee8b64da25a260d1a473a69ca04826
2024,chimie,Chimie,sesiune-iunie,Sesiunea iunie,subiect,2024-iunie-chimie-anorganica-subiect.pdf,bac/2024/chimie/sesiune-iunie/2024-iunie-chimie-anorganica-subiect.pdf,185069,dc5357fdf126d8792ce11ec48cc3e579ce9b439e928424729fcc52e0c0963f0d
2024,chimie,Chimie,sesiune-iunie,Sesiunea iunie,barem,2024-iunie-chimie-organica-barem.pdf,bac/2024/chimie/sesiune-iunie/2024-iunie-chimie-organica-barem.pdf,147005,a1de35ba873f5412b7639d1fbf4d9e8c0ea430197415c59bc839c72420ff1f2d
2024,chimie,Chimie,sesiune-iunie,Sesiunea iunie,subiect,2024-iunie-chimie-organica-subiect.pdf,bac/2024/chimie/sesiune-iunie/2024-iunie-chimie-organica-subiect.pdf,154006,ff950256940c20788007cf57c89b78b516f9104b00ba45b92dc7a85530265cff
2024,chimie,Chimie,sesiune-speciala,Sesiunea speciala,barem,2024-speciala-chimie-anorganica-barem.pdf,bac/2024/chimie/sesiune-speciala/2024-speciala-chimie-anorganica-barem.pdf,147328,fc57564a3069fa1df2f6f196ee46308816b7e6ec74aa73a2fc1c2a57a7c73a1d
2024,chimie,Chimie,sesiune-speciala,Sesiunea speciala,subiect,2024-speciala-chimie-anorganica-subiect.pdf,bac/2024/chimie/sesiune-speciala/2024-speciala-chimie-anorganica-subiect.pdf,130646,767748e4035a32acd0450172351196876109b0a930d2babf44589e8e4163522f
2024,chimie,Chimie,sesiune-speciala,Sesiunea speciala,barem,2024-speciala-chimie-organica-barem.pdf,bac/2024/chimie/sesiune-speciala/2024-speciala-chimie-organica-barem.pdf,146699,5d23f03cb05ca392fb3d47fb792bfaeb009cbdd1658bb264c16c2f5fadf9ad38
2024,chimie,Chimie,sesiune-speciala,Sesiunea speciala,subiect,2024-speciala-chimie-organica-subiect.pdf,bac/2024/chimie/sesiune-speciala/2024-speciala-chimie-organica-subiect.pdf,133726,99aadc8be239c22447e43577a6fe2c1e83b0669ae0471fb66e0ad725958d3c13
2024,chimie,Chimie,simulare,Simulare,barem,2024-simulare-anorganica-barem.pdf,bac/2024/chimie/simulare/2024-simulare-anorganica-barem.pdf,147661,a6f32b9d243bd2c2ee14b6cdae1d27cd2092e0f399a3f5672157d8385d9fbdbc
2024,chimie,Chimie,simulare,Simulare,subiect,2024-simulare-anorganica-subiect.pdf,bac/2024/chimie/simulare/2024-simulare-anorganica-subiect.pdf,174833,07276cc6f1bd35c176a164ab893f407468be9602b1df7146d71646338280abe5
2024,chimie,Chimie,simulare,Simulare,barem,2024-simulare-organica-barem.pdf,bac/2024/chimie/simulare/2024-simulare-organica-barem.pdf,144683,4f1f62b40b42e44164964f3dbc392f40b1ee26e6ae6225b83e20ec90ce75ef38
2024,chimie,Chimie,simulare,Simulare,subiect,2024-simulare-organica-subiect.pdf,bac/2024/chimie/simulare/2024-simulare-organica-subiect.pdf,139692,fbe190378798f5db0f415e2a39daf73be6315e9f2a0c98aed42546fff7dbd6a7
2025,biologie,Biologie,model,Model,barem,2025-model-anatomie-fiziologie-barem.pdf,bac/2025/biologie/model/2025-model-anatomie-fiziologie-barem.pdf,158675,d7c8e86f8b72fbe9577dad769dae5137bd350d93c0c6ae0fe12b464b72aaf83f
2025,biologie,Biologie,model,Model,subiect,2025-model-anatomie-fiziologie-subiect.pdf,bac/2025/biologie/model/2025-model-anatomie-fiziologie-subiect.pdf,162355,ee9194cda6ce9bdf82fdcfd2a8bd424fdf3674c8ffb1b7a6b1192bc727e0a645
2025,biologie,Biologie,model,Model,barem,2025-model-vegetala-animala-barem.pdf,bac/2025/biologie/model/2025-model-vegetala-animala-barem.pdf,158547,b70f7d5e0d29a57237439a0f6991a1a03e9bb17e47863084582da451240793b9
2025,biologie,Biologie,model,Model,subiect,2025-model-vegetala-animala-subiect.pdf,bac/2025/biologie/model/2025-model-vegetala-animala-subiect.pdf,163981,d8b131472a8603f638f9c404fa8b747a706822bda998da5b7c13226b8dda3551
2025,biologie,Biologie,rezerva-iunie,Rezerva iunie,barem,2025-iunie-rezerva-vegetala-animala-barem.pdf,bac/2025/biologie/rezerva-iunie/2025-iunie-rezerva-vegetala-animala-barem.pdf,80291,e5517448d101cbc8328ab0d096ebe7f7a881c05348fcd1d2c24ee2cd5c2d6492
2025,biologie,Biologie,rezerva-iunie,Rezerva iunie,subiect,2025-iunie-rezerva-vegetala-animala-subiect.pdf,bac/2025/biologie/rezerva-iunie/2025-iunie-rezerva-vegetala-animala-subiect.pdf,79670,78fc1de2634936c04c048738169461cbfef5d1a6477e1653d4c6b8230a21bc0d
2025,biologie,Biologie,sesiune-august,Sesiunea august,barem,2025-august-anatomie-barem.pdf,bac/2025/biologie/sesiune-august/2025-august-anatomie-barem.pdf,79302,a55a5379a768ca2a487a0cf38ea447c616332628ca2d46b0e3fb3b94cfcade48
2025,biologie,Biologie,sesiune-august,Sesiunea august,subiect,2025-august-anatomie-subiect.pdf,bac/2025/biologie/sesiune-august/2025-august-anatomie-subiect.pdf,77395,919742b4bf5cb4db1b807c8c2fcdcd828e8bde52d3649bb5645e3698c306b6c1
2025,biologie,Biologie,sesiune-august,Sesiunea august,barem,2025-august-vegetala-animala-barem.pdf,bac/2025/biologie/sesiune-august/2025-august-vegetala-animala-barem.pdf,78699,a70f1d59333bcf5e1d2b72f6ea82d023fb5e1a696f91fd7aa22f736fed712978
2025,biologie,Biologie,sesiune-august,Sesiunea august,subiect,2025-august-vegetala-animala-subiect.pdf,bac/2025/biologie/sesiune-august/2025-august-vegetala-animala-subiect.pdf,90020,68229670d941c278dd0a395a7fdedd3732a094811d315427ad13bc33ef5d1d98
2025,biologie,Biologie,sesiune-iunie,Sesiunea iunie,barem,2025-iunie-anatomie-barem.pdf,bac/2025/biologie/sesiune-iunie/2025-iunie-anatomie-barem.pdf,79923,91bb3538728b18c1ff50b7968400f0d939143a251395e40bc19293b5d8580e3f
2025,biologie,Biologie,sesiune-iunie,Sesiunea iunie,subiect,2025-iunie-anatomie-subiect.pdf,bac/2025/biologie/sesiune-iunie/2025-iunie-anatomie-subiect.pdf,84018,e73adbdc32c31862bdeccace2dcfabd473be22a5c5643a05653c416b196c8517
2025,biologie,Biologie,sesiune-iunie,Sesiunea iunie,barem,2025-iunie-vegetala-animala-barem.pdf,bac/2025/biologie/sesiune-iunie/2025-iunie-vegetala-animala-barem.pdf,79001,72eb9802312f3e0f046d065dfc03fec99499da11e6c0525a73f164957a36c03c
2025,biologie,Biologie,sesiune-iunie,Sesiunea iunie,subiect,2025-iunie-vegetala-animala-subiect.pdf,bac/2025/biologie/sesiune-iunie/2025-iunie-vegetala-animala-subiect.pdf,85171,3f536897d95a484e8b8801c9546228f825a1994ffa309a8f5ae395ae76e6b85a
2025,biologie,Biologie,sesiune-speciala,Sesiunea speciala,barem,2025-speciala-anatomie-barem.pdf,bac/2025/biologie/sesiune-speciala/2025-speciala-anatomie-barem.pdf,80193,66bad292522bad7a51635e3807e8c435c57d884271b9d283bc231da6fcc45464
2025,biologie,Biologie,sesiune-speciala,Sesiunea speciala,subiect,2025-speciala-anatomie-subiect.pdf,bac/2025/biologie/sesiune-speciala/2025-speciala-anatomie-subiect.pdf,77883,047333bdfd08d62045e9514534ab3224b87b6b00b376799e04cf559ffd3aff79
2025,biologie,Biologie,sesiune-speciala,Sesiunea speciala,barem,2025-speciala-vegetala-animala-barem.pdf,bac/2025/biologie/sesiune-speciala/2025-speciala-vegetala-animala-barem.pdf,78867,f64d72377ef67a102590a52dc10982501baa38f7f2909890499846a37085909c
2025,biologie,Biologie,sesiune-speciala,Sesiunea speciala,subiect,2025-speciala-vegetala-animala-subiect.pdf,bac/2025/biologie/sesiune-speciala/2025-speciala-vegetala-animala-subiect.pdf,90580,7a18f67b0c0ae72b9ec78f93afa004412b508cfda3ae1abf8f21f8e1e9e32d71
2025,biologie,Biologie,simulare,Simulare,barem,2025-simulare-anatomie-fiziologie-barem.pdf,bac/2025/biologie/simulare/2025-simulare-anatomie-fiziologie-barem.pdf,160070,c4dd9b7fce2d519ab9020e41d73c8d1c5eb062942ac149ac2328a8e3876933bf
2025,biologie,Biologie,simulare,Simulare,subiect,2025-simulare-anatomie-fiziologie-subiect.pdf,bac/2025/biologie/simulare/2025-simulare-anatomie-fiziologie-subiect.pdf,150675,93b1c4420671745f43cfa17fce5be0bc36f8edcf496d3f21a67e8b7a2eb82213
2025,biologie,Biologie,simulare,Simulare,barem,2025-simulare-vegetala-animala-barem.pdf,bac/2025/biologie/simulare/2025-simulare-vegetala-animala-barem.pdf,159384,62dfff0ab62f3cc21063ab42fe462450e8e8937d957a1aef6b9b82815b7e0f8d
2025,biologie,Biologie,simulare,Simulare,subiect,2025-simulare-vegetala-animala-subiect.pdf,bac/2025/biologie/simulare/2025-simulare-vegetala-animala-subiect.pdf,163979,3212316dd21029481818d8ce1e0b13b09d6c9c3ce4fc995d55e149378e583ee2
2025,chimie,Chimie,model,Model,barem,2025-model-anorganica-barem.pdf,bac/2025/chimie/model/2025-model-anorganica-barem.pdf,149745,b89a28ec2b1718dc6b72d28cc3dec564116bd6328d7fdcd4bad7ba9b1e133c43
2025,chimie,Chimie,model,Model,subiect,2025-model-anorganica-subiect.pdf,bac/2025/chimie/model/2025-model-anorganica-subiect.pdf,135244,0b7b2cde9484e6fcc2e72be98d8579ee6f0e4074645eb6a2134f2541bcc16bbb
2025,chimie,Chimie,model,Model,barem,2025-model-organica-barem.pdf,bac/2025/chimie/model/2025-model-organica-barem.pdf,144801,d120e156795b38db0561901a62cdc0151f120e1fdc481209924a508e2c19b103
2025,chimie,Chimie,model,Model,subiect,2025-model-organica-subiect.pdf,bac/2025/chimie/model/2025-model-organica-subiect.pdf,172646,7f06846185c90e8aaaacbdbc47c0eb8ceedfa26759583e353fb936a9b47c4a4e
2025,chimie,Chimie,sesiune-august,Sesiunea august,barem,2025-august-anorganica-barem.pdf,bac/2025/chimie/sesiune-august/2025-august-anorganica-barem.pdf,149633,06b5a9b1844a898ea52e27c5465aa47f6582ec8e5fc880a39a00b9b905d612c5
2025,chimie,Chimie,sesiune-august,Sesiunea august,subiect,2025-august-anorganica-subiect.pdf,bac/2025/chimie/sesiune-august/2025-august-anorganica-subiect.pdf,134156,cc88aa7717922a33e6a49b6700069658e1524189f351e7f4ea3acc686dba6273
2025,chimie,Chimie,sesiune-august,Sesiunea august,barem,2025-august-organica-barem.pdf,bac/2025/chimie/sesiune-august/2025-august-organica-barem.pdf,146352,6f76de428f50248165746dcc1034e4fd48389e604ce2c3cfbe9fcc635945aef8
2025,chimie,Chimie,sesiune-august,Sesiunea august,subiect,2025-august-organica-subiect.pdf,bac/2025/chimie/sesiune-august/2025-august-organica-subiect.pdf,155664,7bf1ae97bc50d61482bcf098257c088d79b14c550522147be687e7856371cdba
2025,chimie,Chimie,sesiune-iunie,Sesiunea iunie,barem,2025-iunie-anorganica-barem.pdf,bac/2025/chimie/sesiune-iunie/2025-iunie-anorganica-barem.pdf,147900,c62f5300558acefc5d0a4bfc463958976e3b91f9ea6e2c8ce17b8b6e245a7d07
2025,chimie,Chimie,sesiune-iunie,Sesiunea iunie,subiect,2025-iunie-anorganica-subiect.pdf,bac/2025/chimie/sesiune-iunie/2025-iunie-anorganica-subiect.pdf,136094,160dbfdae6a64a036917b670ac72c20e601e9db20c3f9d67c72bdec1766ad3bd
2025,chimie,Chimie,sesiune-iunie,Sesiunea iunie,barem,2025-iunie-organica-barem.pdf,bac/2025/chimie/sesiune-iunie/2025-iunie-organica-barem.pdf,145624,6117fb2418d0528af425c0f4ec13d4fec0aa5cb21359d3ec6062598c244f6555
2025,chimie,Chimie,sesiune-iunie,Sesiunea iunie,subiect,2025-iunie-organica-subiect.pdf,bac/2025/chimie/sesiune-iunie/2025-iunie-organica-subiect.pdf,139999,e4e8bd892235116412229eaf5916666d15484a70b75b3f1cf54d11290b90c739
2025,chimie,Chimie,sesiune-speciala,Sesiunea speciala,barem,2025-speciala-anorganica-barem.pdf,bac/2025/chimie/sesiune-speciala/2025-speciala-anorganica-barem.pdf,108889,0b7499f9c8df186a29f9a4750079830f713a60fb0462386fdaeb974f3e840b42
2025,chimie,Chimie,sesiune-speciala,Sesiunea speciala,subiect,2025-speciala-anorganica-subiect.pdf,bac/2025/chimie/sesiune-speciala/2025-speciala-anorganica-subiect.pdf,128671,3132b4d66d024bb1a34ceaa0fee626d92a7071d1df10ba9b5a2e616bc52a767f
2025,chimie,Chimie,sesiune-speciala,Sesiunea speciala,barem,2025-speciala-organica-barem.pdf,bac/2025/chimie/sesiune-speciala/2025-speciala-organica-barem.pdf,179376,6b8d64eeb716f03a98879376cbb59959bc259fcc53ac973fcff496336abea812
2025,chimie,Chimie,sesiune-speciala,Sesiunea speciala,subiect,2025-speciala-organica-subiect.pdf,bac/2025/chimie/sesiune-speciala/2025-speciala-organica-subiect.pdf,72345,506377e69d5672b65404f0769dd1312c691fdbbbf0b57f2aa017d5d55987a34d
2025,chimie,Chimie,simulare,Simulare,barem,2025-simulare-anorganica-barem.pdf,bac/2025/chimie/simulare/2025-simulare-anorganica-barem.pdf,80621,b5573c0fcde0dfeac85524f608e03bc32b62577b9cfc16624df5503924b37b4e
2025,chimie,Chimie,simulare,Simulare,subiect,2025-simulare-anorganica-subiect.pdf,bac/2025/chimie/simulare/2025-simulare-anorganica-subiect.pdf,150383,f6e62dbcc62cef3c6eebee5eb54156790b0531e72a06ebcfa42846774f68ed3a
2025,chimie,Chimie,simulare,Simulare,barem,2025-simulare-organica-barem.pdf,bac/2025/chimie/simulare/2025-simulare-organica-barem.pdf,82177,16ebbd6eba6f4642c31af064aa7c43749219ae6c1bad7f9514cd32c8c224ad29
2025,chimie,Chimie,simulare,Simulare,subiect,2025-simulare-organica-subiect.pdf,bac/2025/chimie/simulare/2025-simulare-organica-subiect.pdf,153264,1117f2548fc248df4db1b9ab5112b8737a6b80be059c3687e0c4b5acdba156f6
2026,biologie,Biologie,model,Model,barem,2026-model-anatomie-fiziologie-barem.pdf,bac/2026/biologie/model/2026-model-anatomie-fiziologie-barem.pdf,157312,349b4a3c391c26d912491133fb9cc9aa69eb7ce673fe93a6b245bdffd2a1f156
2026,biologie,Biologie,model,Model,subiect,2026-model-anatomie-fiziologie-subiect.pdf,bac/2026/biologie/model/2026-model-anatomie-fiziologie-subiect.pdf,151490,ba0888f53e934dc69698055f1bead777b1f7ef22e7677bbaca81b4dc28a73deb
2026,biologie,Biologie,model,Model,barem,2026-model-vegetala-animala-barem.pdf,bac/2026/biologie/model/2026-model-vegetala-animala-barem.pdf,159235,22fee1c62441b2b997c06fc2d912e1805f44e8d5c1ef1b1af221df4e4027af44
2026,biologie,Biologie,model,Model,subiect,2026-model-vegetala-animala-subiect.pdf,bac/2026/biologie/model/2026-model-vegetala-animala-subiect.pdf,176866,a79c1c7dd80d8d65851ed82afdae93f54aa811e433c30950d125f07d25be76d2
2026,biologie,Biologie,rezerva-iunie,Rezerva iunie,barem,2026-iunie-rezerva-vegetala-animala-barem.pdf,bac/2026/biologie/rezerva-iunie/2026-iunie-rezerva-vegetala-animala-barem.pdf,78890,4b3ce98f9ec554f354f1e2c256f9a7e4d1d23a2a08acd3a7c67484c5da21c72a
2026,biologie,Biologie,rezerva-iunie,Rezerva iunie,subiect,2026-iunie-rezerva-vegetala-animala-subiect.pdf,bac/2026/biologie/rezerva-iunie/2026-iunie-rezerva-vegetala-animala-subiect.pdf,84861,862d148f4fbded35cca489664a08e4cbabdfd2a5b53e0eede413fc3a43f71f3c
2026,biologie,Biologie,sesiune-august,Sesiunea august,barem,2026-august-anatomie-barem.pdf,bac/2026/biologie/sesiune-august/2026-august-anatomie-barem.pdf,79263,01a2476ac94c0bdf6a030ce38514165a0ed975db6657322771b7a5bbab7c07e3
2026,biologie,Biologie,sesiune-august,Sesiunea august,subiect,2026-august-anatomie-subiect.pdf,bac/2026/biologie/sesiune-august/2026-august-anatomie-subiect.pdf,77295,e34aaa8c13051ee769447f1cededf71fd91ce85d7e2965bf1089fe5bb0350fc0
2026,biologie,Biologie,sesiune-august,Sesiunea august,barem,2026-august-vegetala-animala-barem.pdf,bac/2026/biologie/sesiune-august/2026-august-vegetala-animala-barem.pdf,78632,845d8fa88348f48066567850b48526cc09f99383666b021816b272fc56c7ede8
2026,biologie,Biologie,sesiune-august,Sesiunea august,subiect,2026-august-vegetala-animala-subiect.pdf,bac/2026/biologie/sesiune-august/2026-august-vegetala-animala-subiect.pdf,83299,f5b052b69bc9bf717055423b07a21c9cfb537249a31c9e90d1c84c4e188fe3ae
2026,biologie,Biologie,sesiune-iunie,Sesiunea iunie,barem,2026-iunie-anatomie-barem.pdf,bac/2026/biologie/sesiune-iunie/2026-iunie-anatomie-barem.pdf,79177,6ddb6bea458c267f6ff2645d57e7d0e14ef220d8c699694328b4050c0ac3f493
2026,biologie,Biologie,sesiune-iunie,Sesiunea iunie,subiect,2026-iunie-anatomie-subiect.pdf,bac/2026/biologie/sesiune-iunie/2026-iunie-anatomie-subiect.pdf,77724,fb8dab6078fecf11632708c4f0e0be47bc4564305a78492a03bd4faed0ba58a8
2026,biologie,Biologie,sesiune-iunie,Sesiunea iunie,barem,2026-iunie-vegetala-animala-barem.pdf,bac/2026/biologie/sesiune-iunie/2026-iunie-vegetala-animala-barem.pdf,78402,c90fa5df1e5de82ddba34e7c4ff272b8fe62e2db0d917548cb0a0a14aa9f9923
2026,biologie,Biologie,sesiune-iunie,Sesiunea iunie,subiect,2026-iunie-vegetala-animala-subiect.pdf,bac/2026/biologie/sesiune-iunie/2026-iunie-vegetala-animala-subiect.pdf,89972,a9399b6357d3d63fabc4f023e11291632e8cf30671d684b64f46944ca70d22c8
2026,biologie,Biologie,sesiune-speciala,Sesiunea speciala,barem,2026-speciala-anatomie-barem.pdf,bac/2026/biologie/sesiune-speciala/2026-speciala-anatomie-barem.pdf,79162,23ade9a20f7bc9a43f9e6979ca63fb958439a999c60082b0e2446666350c6844
2026,biologie,Biologie,sesiune-speciala,Sesiunea speciala,subiect,2026-speciala-anatomie-subiect.pdf,bac/2026/biologie/sesiune-speciala/2026-speciala-anatomie-subiect.pdf,82913,90934557edc017ec3e9ab9bf80889e02a5f589d7f8cbc6a3b70844ddef808b10
2026,biologie,Biologie,simulare,Simulare,barem,2026-simulare-anatomie-fiziologie-barem.pdf,bac/2026/biologie/simulare/2026-simulare-anatomie-fiziologie-barem.pdf,154204,82510342254a4fdc87e3c02ce8eaef724867a5dd2dbb03370bd57fb5d901f208
2026,biologie,Biologie,simulare,Simulare,subiect,2026-simulare-anatomie-fiziologie-subiect.pdf,bac/2026/biologie/simulare/2026-simulare-anatomie-fiziologie-subiect.pdf,145191,bfde4dbdbf15db379246bae952f81a98165ac03af65715fc7ba77379bce4860d
2026,biologie,Biologie,simulare,Simulare,barem,2026-simulare-vegetala-animala-barem.pdf,bac/2026/biologie/simulare/2026-simulare-vegetala-animala-barem.pdf,154664,39f26d062b430f1d03a4d5c4b7381b18ccdcf9358575cb1f32dea828e9be8f93
2026,biologie,Biologie,simulare,Simulare,subiect,2026-simulare-vegetala-animala-subiect.pdf,bac/2026/biologie/simulare/2026-simulare-vegetala-animala-subiect.pdf,157346,36cdde02f45a6c41f88e76622c83e83dfc0be38aebbe33ef3be0d23591eb05dd
2026,chimie,Chimie,model,Model,barem,2026-model-anorganica-barem.pdf,bac/2026/chimie/model/2026-model-anorganica-barem.pdf,152649,1ae12463bd1adbaf49972df1755fa4064ea59ba39d411fb988d546b4c6245b46
2026,chimie,Chimie,model,Model,subiect,2026-model-anorganica-subiect.pdf,bac/2026/chimie/model/2026-model-anorganica-subiect.pdf,142230,c16d1a7125827668473a8828519ba776fec75f2bec93d2605e60dd2d98a92e99
2026,chimie,Chimie,model,Model,barem,2026-model-organica-barem.pdf,bac/2026/chimie/model/2026-model-organica-barem.pdf,148070,f197488cfa926304f99b753f01f9343c9d1bc91e821730ff804c0a824cd84c8e
2026,chimie,Chimie,model,Model,subiect,2026-model-organica-subiect.pdf,bac/2026/chimie/model/2026-model-organica-subiect.pdf,156648,945ab11e72db5ff46120ca54e40c74736f993216d8e926e79185faa476e676d9
2026,chimie,Chimie,sesiune-august,Sesiunea august,barem,2026-august-anorganica-barem.pdf,bac/2026/chimie/sesiune-august/2026-august-anorganica-barem.pdf,148354,d4f810fe46552bcf8ebf6c7be85f12b52d7230834737e6b96e244d800bcb9b38
2026,chimie,Chimie,sesiune-august,Sesiunea august,subiect,2026-august-anorganica-subiect.pdf,bac/2026/chimie/sesiune-august/2026-august-anorganica-subiect.pdf,133979,e8a03a86427af924b5a85523f0d7756bf0b3a4b0f448f50eb4440e16b32bee65
2026,chimie,Chimie,sesiune-august,Sesiunea august,barem,2026-august-organica-barem.pdf,bac/2026/chimie/sesiune-august/2026-august-organica-barem.pdf,146009,9203b14bad5500e0097386e1d6950c6d607b38b135a08177988ce4fdbe8dd7bf
2026,chimie,Chimie,sesiune-august,Sesiunea august,subiect,2026-august-organica-subiect.pdf,bac/2026/chimie/sesiune-august/2026-august-organica-subiect.pdf,143405,247f1b069699fefd663287cbf4bf82603e3671c4ee80856096da8006757f186a
2026,chimie,Chimie,sesiune-iunie,Sesiunea iunie,barem,2026-iunie-anorganica-barem.pdf,bac/2026/chimie/sesiune-iunie/2026-iunie-anorganica-barem.pdf,179458,4addd4c0792a760f779be8d3276150aa5bc93a08d438bcd2684d486355c0f7d4
2026,chimie,Chimie,sesiune-iunie,Sesiunea iunie,subiect,2026-iunie-anorganica-subiect.pdf,bac/2026/chimie/sesiune-iunie/2026-iunie-anorganica-subiect.pdf,134423,fb59572ed6c125866bfb5a25d9a815962a9b2c6f644f11380cb87a3c2606a588
2026,chimie,Chimie,sesiune-iunie,Sesiunea iunie,barem,2026-iunie-organica-barem.pdf,bac/2026/chimie/sesiune-iunie/2026-iunie-organica-barem.pdf,145068,28b3953c790a7f561c9185a502c2debea8069acac72ee0d937aa675f51173c29
2026,chimie,Chimie,sesiune-iunie,Sesiunea iunie,subiect,2026-iunie-organica-subiect.pdf,bac/2026/chimie/sesiune-iunie/2026-iunie-organica-subiect.pdf,139796,ff6c03b7b33014f143aa49f286858907a40b70d49d4dbee6d77fd70d1fc6adac
2026,chimie,Chimie,sesiune-speciala,Sesiunea speciala,barem,2026-speciala-anorganica-barem.pdf,bac/2026/chimie/sesiune-speciala/2026-speciala-anorganica-barem.pdf,72208,e204355e73ed2479829ef4d1dca693f094316e00d2eccfc06cdf0c95c0b3da38
2026,chimie,Chimie,sesiune-speciala,Sesiunea speciala,subiect,2026-speciala-anorganica-subiect.pdf,bac/2026/chimie/sesiune-speciala/2026-speciala-anorganica-subiect.pdf,69540,9a337dbd9b95430f9ea7e8c9247bd93b815bbde22bf840290d899d2c70164ddc
2026,chimie,Chimie,sesiune-speciala,Sesiunea speciala,barem,2026-speciala-organica-barem.pdf,bac/2026/chimie/sesiune-speciala/2026-speciala-organica-barem.pdf,71860,577e51d8e20d05da8a8b27eab3fd8bec88f12be63c4d4da000df329b2511d037
2026,chimie,Chimie,sesiune-speciala,Sesiunea speciala,subiect,2026-speciala-organica-subiect.pdf,bac/2026/chimie/sesiune-speciala/2026-speciala-organica-subiect.pdf,85732,13b6bcdbd0deb11f33b1b75d732def9051505f27f09f9ed17466ec89c0d1580c
2026,chimie,Chimie,simulare,Simulare,barem,2026-simulare-anorganica-barem.pdf,bac/2026/chimie/simulare/2026-simulare-anorganica-barem.pdf,179364,b71755aad9d93f226b399f11c89b8c6ae258630f46925977be364a9921af0696
2026,chimie,Chimie,simulare,Simulare,subiect,2026-simulare-anorganica-subiect.pdf,bac/2026/chimie/simulare/2026-simulare-anorganica-subiect.pdf,230848,eed6d1fb6339399ecb206d2fc766fb8376b24b26f63a061e01491cfd1896d96c
2026,chimie,Chimie,simulare,Simulare,barem,2026-simulare-organica-barem.pdf,bac/2026/chimie/simulare/2026-simulare-organica-barem.pdf,146167,d08d3b82c5586cd7f9581c244f28911b5d497862aff7a0a0fde5c81e51cd1d4c
2026,chimie,Chimie,simulare,Simulare,subiect,2026-simulare-organica-subiect.pdf,bac/2026/chimie/simulare/2026-simulare-organica-subiect.pdf,151934,49d11c2e14f000fe5f12c653f68693cbb4238ffdef112b7049a1e291021ae695
