an,materie,materie_label,sesiune,sesiune_label,tip,fisier,cale,marime_bytes,sha256
2012,biologie,Biologie,sesiune-iunie-iulie,Sesiunea iunie-iulie,barem,2012-iunie-iulie-anatomie-fiziologie-barem.pdf,bac/2012/biologie/sesiune-iunie-iulie/2012-iunie-iulie-anatomie-fiziologie-barem.pdf,78343,93702cc10ceec74553869922f0bbcaf94abc55d4a630db1044ea68f8e8108260
2012,biologie,Biologie,sesiune-iunie-iulie,Sesiunea iunie-iulie,subiect,2012-iunie-iulie-anatomie-fiziologie-subiect.pdf,bac/2012/biologie/sesiune-iunie-iulie/2012-iunie-iulie-anatomie-fiziologie-subiect.pdf,92845,138e6ef0b0f09fbbfb44fd1949684989ec03494d38416801804e74ecf4e42acc
2012,biologie,Biologie,sesiune-iunie-iulie,Sesiunea iunie-iulie,barem,2012-iunie-iulie-vegetala-animala-barem.pdf,bac/2012/biologie/sesiune-iunie-iulie/2012-iunie-iulie-vegetala-animala-barem.pdf,75330,fd9537cbf65ef9f5a37b5d8d90ee71c2ac70cecc6d80ef44b69dd1a8ad4f32b2
2012,biologie,Biologie,sesiune-iunie-iulie,Sesiunea iunie-iulie,subiect,2012-iunie-iulie-vegetala-animala-subiect.pdf,bac/2012/biologie/sesiune-iunie-iulie/2012-iunie-iulie-vegetala-animala-subiect.pdf,97598,ac75c6c5a02a6749ba57239bea3c8d56c92b1d7f5b9fa0ee16b34cda32b678e3
2012,chimie,Chimie,sesiune-iunie-iulie,Sesiunea iunie-iulie,barem,2012-iunie-iulie-anorganica-barem.pdf,bac/2012/chimie/sesiune-iunie-iulie/2012-iunie-iulie-anorganica-barem.pdf,87373,c118ef9f94b323ccfd83560e17bbb0c1aed36a829c50f78e7794a42af02de30b
2012,chimie,Chimie,sesiune-iunie-iulie,Sesiunea iunie-iulie,subiect,2012-iunie-iulie-anorganica-subiect.pdf,bac/2012/chimie/sesiune-iunie-iulie/2012-iunie-iulie-anorganica-subiect.pdf,148499,7be1a7754657d99166b6d66c521165c352349a96a6a4be162d3e9354c3706261
2012,chimie,Chimie,sesiune-iunie-iulie,Sesiunea iunie-iulie,barem,2012-iunie-iulie-organica-barem.pdf,bac/2012/chimie/sesiune-iunie-iulie/2012-iunie-iulie-organica-barem.pdf,86743,4df11800e71305ca2d5e8d56c7c038dbb88de1a80cc4b108b77c3b9813db439c
2012,chimie,Chimie,sesiune-iunie-iulie,Sesiunea iunie-iulie,subiect,2012-iunie-iulie-organica-subiect.pdf,bac/2012/chimie/sesiune-iunie-iulie/2012-iunie-iulie-organica-subiect.pdf,161476,1c9050aa8aca7550b18efd81a8dd42646a7b88fb037e95ed56df9f3cb774c7b5
2012,economie,Economie,sesiune-iunie-iulie,Sesiunea iunie-iulie,barem,2012-iunie-iulie-barem.pdf,bac/2012/economie/sesiune-iunie-iulie/2012-iunie-iulie-barem.pdf,65524,dd2b0afb8b31bea1423e2e71164d153fef0c7091f9721ad8466223bbe0f02620
2012,economie,Economie,sesiune-iunie-iulie,Sesiunea iunie-iulie,subiect,2012-iunie-iulie-subiect.pdf,bac/2012/economie/sesiune-iunie-iulie/2012-iunie-iulie-subiect.pdf,80564,c586f3b68c96c0fe44639251f6dd639e005051707b111b8fc397fd8bc1a6d4f5
2012,filosofie,Filosofie,sesiune-iunie-iulie,Sesiunea iunie-iulie,barem,2012-iunie-iulie-barem.pdf,bac/2012/filosofie/sesiune-iunie-iulie/2012-iunie-iulie-barem.pdf,90249,8a9c9e48161546703234e7f994511712dd8513389a2edb8fbf324598f283b33c
2012,filosofie,Filosofie,sesiune-iunie-iulie,Sesiunea iunie-iulie,subiect,2012-iunie-iulie-subiect.pdf,bac/2012/filosofie/sesiune-iunie-iulie/2012-iunie-iulie-subiect.pdf,84193,e816f186ece6e4c1a959b75aad2a13446495dbfb8c290ea2367aecd74d35d1e7
2012,fizica,Fizica,sesiune-iunie-iulie,Sesiunea iunie-iulie,barem,2012-iunie-iulie-barem.pdf,bac/2012/fizica/sesiune-iunie-iulie/2012-iunie-iulie-barem.pdf,188219,47b161c0c34cefadaf8e12ef44423251096a646d59bfe16bb51f6580c5620a64
2012,fizica,Fizica,sesiune-iunie-iulie,Sesiunea iunie-iulie,subiect,2012-iunie-iulie-subiect.pdf,bac/2012/fizica/sesiune-iunie-iulie/2012-iunie-iulie-subiect.pdf,2642806,684d3e091fe938ae63d64ce7b9255a20dcabd43390627e971737f59e7a79e3f4
2012,geografie,Geografie,sesiune-iunie-iulie,Sesiunea iunie-iulie,barem,2012-iunie-iulie-barem.pdf,bac/2012/geografie/sesiune-iunie-iulie/2012-iunie-iulie-barem.pdf,108744,04314835a84ff159247516ff4c4731d5d2706730efdc8ba833e51ff7dd2f4cc8
2012,geografie,Geografie,sesiune-iunie-iulie,Sesiunea iunie-iulie,subiect,2012-iunie-iulie-subiect.pdf,bac/2012/geografie/sesiune-iunie-iulie/2012-iunie-iulie-subiect.pdf,1193797,97b65918baf5fee13d7786476285aebc052e15e5cbb8e2fa111cb717cb93b2a1
2012,informatica,Informatica,sesiune-iunie-iulie,Sesiunea iunie-iulie,barem,2012-iunie-iulie-mate-info-barem.pdf,bac/2012/informatica/sesiune-iunie-iulie/2012-iunie-iulie-mate-info-barem.pdf,154216,4253abf7b6d77b8ac6dc5405bd25565b4b53119e5930b5577c9832621322426c
2012,informatica,Informatica,sesiune-iunie-iulie,Sesiunea iunie-iulie,subiect,2012-iunie-iulie-mate-info-subiect.pdf,bac/2012/informatica/sesiune-iunie-iulie/2012-iunie-iulie-mate-info-subiect.pdf,204816,027d0e68a22d635b9190ad52dac1cf2a952673478ed5063d9b54d4e9e1560387
2012,informatica,Informatica,sesiune-iunie-iulie,Sesiunea iunie-iulie,barem,2012-iunie-iulie-stiinte-naturii-barem.pdf,bac/2012/informatica/sesiune-iunie-iulie/2012-iunie-iulie-stiinte-naturii-barem.pdf,140957,7518baf5c8ee4d41717db6ed8bfee3c2531508d00c520a790ec9bd1a60ced872
2012,informatica,Informatica,sesiune-iunie-iulie,Sesiunea iunie-iulie,subiect,2012-iunie-iulie-stiinte-naturii-subiect.pdf,bac/2012/informatica/sesiune-iunie-iulie/2012-iunie-iulie-stiinte-naturii-subiect.pdf,140350,27255138768791e4b032f4de6200990424baeb64caed0af519a8c8dbc4680004
2012,istorie,Istorie,sesiune-iunie-iulie,Sesiunea iunie-iulie,barem,2012-iunie-iulie-barem.pdf,bac/2012/istorie/sesiune-iunie-iulie/2012-iunie-iulie-barem.pdf,93396,1b089e7981acf626c540bf4e7222c581552c8ff83e125eb07ad23dc166db01e6
2012,istorie,Istorie,sesiune-iunie-iulie,Sesiunea iunie-iulie,subiect,2012-iunie-iulie-subiect.pdf,bac/2012/istorie/sesiune-iunie-iulie/2012-iunie-iulie-subiect.pdf,123599,7bf8c5840a9159c2fde22d9e1a296c12fef2fbd987fd4f5b8e905802dc36d218
2012,logica,Logica,sesiune-iunie-iulie,Sesiunea iunie-iulie,barem,2012-iunie-iulie-barem.pdf,bac/2012/logica/sesiune-iunie-iulie/2012-iunie-iulie-barem.pdf,92499,ee4e50350b36533bbc1472db3676c3b17a6f6f4f0c06d196859cb6cf92042f0a
2012,logica,Logica,sesiune-iunie-iulie,Sesiunea iunie-iulie,subiect,2012-iunie-iulie-subiect.pdf,bac/2012/logica/sesiune-iunie-iulie/2012-iunie-iulie-subiect.pdf,92389,3252be9309b10c79096fa3f980e5a597b75656498999ef384f4f13ed0b9c283a
2012,matematica,Matematica,sesiune-iunie-iulie,Sesiunea iunie-iulie,barem,2012-iunie-iulie-mate-info-barem.pdf,bac/2012/matematica/sesiune-iunie-iulie/2012-iunie-iulie-mate-info-barem.pdf,138485,9f096575c739c34c2043e41516966edf3fb147ee880b296f0e664f88e3bfdf07
2012,matematica,Matematica,sesiune-iunie-iulie,Sesiunea iunie-iulie,subiect,2012-iunie-iulie-mate-info-subiect.pdf,bac/2012/matematica/sesiune-iunie-iulie/2012-iunie-iulie-mate-info-subiect.pdf,103177,a54a4481c5f51381d550dc1db12e635bc964d73f0f12953d379413a19da29402
2012,matematica,Matematica,sesiune-iunie-iulie,Sesiunea iunie-iulie,barem,2012-iunie-iulie-pedagogic-barem.pdf,bac/2012/matematica/sesiune-iunie-iulie/2012-iunie-iulie-pedagogic-barem.pdf,124781,1ce80ab63b822ac212e7c5ca24fe69838fd22a96e62de4abacff86b5b22bf765
2012,matematica,Matematica,sesiune-iunie-iulie,Sesiunea iunie-iulie,subiect,2012-iunie-iulie-pedagogic-subiect.pdf,bac/2012/matematica/sesiune-iunie-iulie/2012-iunie-iulie-pedagogic-subiect.pdf,98674,1fd69fa5f6973f4eba98c0a4d0f77e5f7e64afe0c947c392e6e13c24fee55b83
2012,matematica,Matematica,sesiune-iunie-iulie,Sesiunea iunie-iulie,barem,2012-iunie-iulie-stiinte-naturii-tehnologic-barem.pdf,bac/2012/matematica/sesiune-iunie-iulie/2012-iunie-iulie-stiinte-naturii-tehnologic-barem.pdf,131652,d085b6d7eb946f8b3d1aaa986af4df292a9b3b5807fb02142e30c819959cdfe8
2012,matematica,Matematica,sesiune-iunie-iulie,Sesiunea iunie-iulie,subiect,2012-iunie-iulie-stiinte-naturii-tehnologic-subiect.pdf,bac/2012/matematica/sesiune-iunie-iulie/2012-iunie-iulie-stiinte-naturii-tehnologic-subiect.pdf,105389,e08f9ce2a91c438bdde4d018281fc7dd4b86d3b00b01f6652dd5238576ed0b29
2012,psihologie,Psihologie,sesiune-iunie-iulie,Sesiunea iunie-iulie,barem,2012-iunie-iulie-barem.pdf,bac/2012/psihologie/sesiune-iunie-iulie/2012-iunie-iulie-barem.pdf,70520,52eb1cb195c98f76576e9d451e50b9df09ac482b696f730cac9fbd4f82acdf4a
2012,psihologie,Psihologie,sesiune-iunie-iulie,Sesiunea iunie-iulie,subiect,2012-iunie-iulie-subiect.pdf,bac/2012/psihologie/sesiune-iunie-iulie/2012-iunie-iulie-subiect.pdf,89125,4f1d4344e3ba9e47cffb49aa615b8a6d8f63cd6c538a3058ff443fdaea631e99
2012,romana,Limba romana,sesiune-iunie-iulie,Sesiunea iunie-iulie,barem,2012-iunie-iulie-general-barem.pdf,bac/2012/romana/sesiune-iunie-iulie/2012-iunie-iulie-general-barem.pdf,117271,5ccfd8ef65458cc4b1dbe3e9a21cb4bf2170d3235ee0898bbb510791692d2821
2012,romana,Limba romana,sesiune-iunie-iulie,Sesiunea iunie-iulie,subiect,2012-iunie-iulie-general-subiect.pdf,bac/2012/romana/sesiune-iunie-iulie/2012-iunie-iulie-general-subiect.pdf,128142,9c3810a4ecae9b6a82bb0073ea3e8c3d160a066ceeba375769871e072f529434
2012,sociologie,Sociologie,sesiune-iunie-iulie,Sesiunea iunie-iulie,barem,2012-iunie-iulie-barem.pdf,bac/2012/sociologie/sesiune-iunie-iulie/2012-iunie-iulie-barem.pdf,69425,85e3b47a5bafce126aac0b05d5129766ccf8c2970ec1a69cfb4ba04cb0c589a9
2012,sociologie,Sociologie,sesiune-iunie-iulie,Sesiunea iunie-iulie,subiect,2012-iunie-iulie-subiect.pdf,bac/2012/sociologie/sesiune-iunie-iulie/2012-iunie-iulie-subiect.pdf,86260,fd2f0835e171eabbdce84754ca06d226cf219dcdcfe6a981ee61b3e7f667008f
2013,biologie,Biologie,sesiune-iunie-iulie,Sesiunea iunie-iulie,barem,2013-iunie-iulie-anatomie-fiziologie-barem.pdf,bac/2013/biologie/sesiune-iunie-iulie/2013-iunie-iulie-anatomie-fiziologie-barem.pdf,32123,4994d732ac45ea4d7fc8008d3f251b91b50a29f8583ff0f573491104f123395c
2013,biologie,Biologie,sesiune-iunie-iulie,Sesiunea iunie-iulie,subiect,2013-iunie-iulie-anatomie-fiziologie-subiect.pdf,bac/2013/biologie/sesiune-iunie-iulie/2013-iunie-iulie-anatomie-fiziologie-subiect.pdf,32540,17ff4bbe816ba2b73f66c5253be94a78e14db4a020a1a168f49c43e17ae39db3
2013,biologie,Biologie,sesiune-iunie-iulie,Sesiunea iunie-iulie,barem,2013-iunie-iulie-vegetala-animala-barem.pdf,bac/2013/biologie/sesiune-iunie-iulie/2013-iunie-iulie-vegetala-animala-barem.pdf,26660,dac5327b19c246a3015de196529dd36306b01b70c306543238a499c603e2f7c1
2013,biologie,Biologie,sesiune-iunie-iulie,Sesiunea iunie-iulie,subiect,2013-iunie-iulie-vegetala-animala-subiect.pdf,bac/2013/biologie/sesiune-iunie-iulie/2013-iunie-iulie-vegetala-animala-subiect.pdf,36698,30993fe078e7cddc95673d8b647385c8b15d74fcbd517e16451fcfaf800dd751
2013,biologie,Biologie,sesiune-speciala,Sesiunea speciala,barem,2013-speciala-anatomie-fiziologie-barem.pdf,bac/2013/biologie/sesiune-speciala/2013-speciala-anatomie-fiziologie-barem.pdf,79455,e80e5240c04527b5471ee464f1846831b497f145465d1deb9e0a2183312cbc2b
2013,biologie,Biologie,sesiune-speciala,Sesiunea speciala,subiect,2013-speciala-anatomie-fiziologie-subiect.pdf,bac/2013/biologie/sesiune-speciala/2013-speciala-anatomie-fiziologie-subiect.pdf,95585,799f061fcaa8ca3c07bab2ed780dcfdb5d32a7407a304684b99168e0bd33e226
2013,biologie,Biologie,sesiune-speciala,Sesiunea speciala,barem,2013-speciala-vegetala-animala-barem.pdf,bac/2013/biologie/sesiune-speciala/2013-speciala-vegetala-animala-barem.pdf,73723,1b60f441cecaa2e296bf4bb7aecb30a681b98230ed05cde51ef67a47a5757232
2013,biologie,Biologie,sesiune-speciala,Sesiunea speciala,subiect,2013-speciala-vegetala-animala-subiect.pdf,bac/2013/biologie/sesiune-speciala/2013-speciala-vegetala-animala-subiect.pdf,91450,cb5bb63a7be6f573dd48f7911b527ae8ac1a614592fbaba74882008b5c94c9a6
2013,chimie,Chimie,sesiune-iunie-iulie,Sesiunea iunie-iulie,barem,2013-iunie-iulie-anorganica-tehnologic-barem.pdf,bac/2013/chimie/sesiune-iunie-iulie/2013-iunie-iulie-anorganica-tehnologic-barem.pdf,43735,d5274a26821e702932faf455a8f91b296e6109c27f6f4ce08a37b77b04307be4
2013,chimie,Chimie,sesiune-iunie-iulie,Sesiunea iunie-iulie,subiect,2013-iunie-iulie-anorganica-tehnologic-subiect.pdf,bac/2013/chimie/sesiune-iunie-iulie/2013-iunie-iulie-anorganica-tehnologic-subiect.pdf,138226,1e4a3a0b155fb5e2d295a324ea743e45db8482837d215aae72affc373262eefb
2013,chimie,Chimie,sesiune-iunie-iulie,Sesiunea iunie-iulie,barem,2013-iunie-iulie-anorganica-teoretic-barem.pdf,bac/2013/chimie/sesiune-iunie-iulie/2013-iunie-iulie-anorganica-teoretic-barem.pdf,44198,bccaecabf596b9d2399d63840b50847384b1df09f77547d316090e1f60a7734e
2013,chimie,Chimie,sesiune-iunie-iulie,Sesiunea iunie-iulie,subiect,2013-iunie-iulie-anorganica-teoretic-subiect.pdf,bac/2013/chimie/sesiune-iunie-iulie/2013-iunie-iulie-anorganica-teoretic-subiect.pdf,82720,1b8093a8942990655a5cf79ba2de9c10ed98309939517a8067ef2fd1d92f156e
2013,chimie,Chimie,sesiune-iunie-iulie,Sesiunea iunie-iulie,barem,2013-iunie-iulie-organica-tehnologic-barem.pdf,bac/2013/chimie/sesiune-iunie-iulie/2013-iunie-iulie-organica-tehnologic-barem.pdf,41861,586723b0c25cdc0dc7a1c52a2e94a435fe538db374f9f168994a24675b7fc679
2013,chimie,Chimie,sesiune-iunie-iulie,Sesiunea iunie-iulie,subiect,2013-iunie-iulie-organica-tehnologic-subiect.pdf,bac/2013/chimie/sesiune-iunie-iulie/2013-iunie-iulie-organica-tehnologic-subiect.pdf,54486,d3a511fa10b0e1506402688f745c631da21d02ae57c21da0c7dd6a6b79c95a23
2013,chimie,Chimie,sesiune-iunie-iulie,Sesiunea iunie-iulie,barem,2013-iunie-iulie-organica-teoretic-barem.pdf,bac/2013/chimie/sesiune-iunie-iulie/2013-iunie-iulie-organica-teoretic-barem.pdf,43794,9d9444126c86cd80337ebd3b6f371f6686128b078595638e333fdce1f41cacbb
2013,chimie,Chimie,sesiune-iunie-iulie,Sesiunea iunie-iulie,subiect,2013-iunie-iulie-organica-teoretic-subiect.pdf,bac/2013/chimie/sesiune-iunie-iulie/2013-iunie-iulie-organica-teoretic-subiect.pdf,64989,25c02b82da7acfc69cc9b6ef5cccd437929f4e0e9ff981f5859bc04edd69e6e2
2013,chimie,Chimie,sesiune-speciala,Sesiunea speciala,barem,2013-speciala-anorganica-tehnologic-barem.pdf,bac/2013/chimie/sesiune-speciala/2013-speciala-anorganica-tehnologic-barem.pdf,94875,bb7b0ab7416fa117d4148beb02aa8e2fc3eec15c0c2b2b2d1d9998c14276e8be
2013,chimie,Chimie,sesiune-speciala,Sesiunea speciala,subiect,2013-speciala-anorganica-tehnologic-subiect.pdf,bac/2013/chimie/sesiune-speciala/2013-speciala-anorganica-tehnologic-subiect.pdf,165735,2156ff849e0f166ebe44299f4c02cfad7199da921ae72f4ed5012e200a7576f9
2013,chimie,Chimie,sesiune-speciala,Sesiunea speciala,barem,2013-speciala-anorganica-teoretic-barem.pdf,bac/2013/chimie/sesiune-speciala/2013-speciala-anorganica-teoretic-barem.pdf,96172,d01bdf636194e459afbb313f39c5d0ceb3f6a6b576eba74633e71f0d247b9ee5
2013,chimie,Chimie,sesiune-speciala,Sesiunea speciala,subiect,2013-speciala-anorganica-teoretic-subiect.pdf,bac/2013/chimie/sesiune-speciala/2013-speciala-anorganica-teoretic-subiect.pdf,172113,a06c29a7c43ff74bc7f94de727c8e9a9f3cffecd4db8d18f12e4374c1610abff
2013,chimie,Chimie,sesiune-speciala,Sesiunea speciala,barem,2013-speciala-organica-tehnologic-barem.pdf,bac/2013/chimie/sesiune-speciala/2013-speciala-organica-tehnologic-barem.pdf,84643,6fae612986ecf18659f049d5e6104f26bd9f38b8146e1cf59be3e0d4631ca42b
2013,chimie,Chimie,sesiune-speciala,Sesiunea speciala,subiect,2013-speciala-organica-tehnologic-subiect.pdf,bac/2013/chimie/sesiune-speciala/2013-speciala-organica-tehnologic-subiect.pdf,143909,72f5b6b442c9d8c00a72b0c44e0b2219240868eb7561c7aebab0b87486db013b
2013,chimie,Chimie,sesiune-speciala,Sesiunea speciala,barem,2013-speciala-organica-teoretic-barem.pdf,bac/2013/chimie/sesiune-speciala/2013-speciala-organica-teoretic-barem.pdf,90205,95daee00ed56ee3289ab13f5cd6d71a8a20de86df2a9bddb2cf6b1c9c04ed04c
2013,chimie,Chimie,sesiune-speciala,Sesiunea speciala,subiect,2013-speciala-organica-teoretic-subiect.pdf,bac/2013/chimie/sesiune-speciala/2013-speciala-organica-teoretic-subiect.pdf,168966,bfe838f2f5e56dc088fec56650e762e03384061f85a05f864b41ca615e6df56d
2013,economie,Economie,sesiune-iunie-iulie,Sesiunea iunie-iulie,barem,2013-iunie-iulie-barem.pdf,bac/2013/economie/sesiune-iunie-iulie/2013-iunie-iulie-barem.pdf,30608,08e39808934d2d99540687d0ee9a71f4a627b5987d68072ff31916f56d1c2869
2013,economie,Economie,sesiune-iunie-iulie,Sesiunea iunie-iulie,subiect,2013-iunie-iulie-subiect.pdf,bac/2013/economie/sesiune-iunie-iulie/2013-iunie-iulie-subiect.pdf,34297,101c9a787cebe4018c1d23803496ab9c704e1b4d31228f4c5f8c43eacca33d38
2013,economie,Economie,sesiune-speciala,Sesiunea speciala,barem,2013-speciala-barem.pdf,bac/2013/economie/sesiune-speciala/2013-speciala-barem.pdf,63611,a0c7b969db8aff93e336b05c9561f1a15a9b1de11ce454ae37d2fced6826bab4
2013,economie,Economie,sesiune-speciala,Sesiunea speciala,subiect,2013-speciala-subiect.pdf,bac/2013/economie/sesiune-speciala/2013-speciala-subiect.pdf,74206,0ea2f57ca88da8efcf42700c8d634892d3accc699418ad33c8becc916f793691
2013,filosofie,Filosofie,sesiune-iunie-iulie,Sesiunea iunie-iulie,barem,2013-iunie-iulie-barem.pdf,bac/2013/filosofie/sesiune-iunie-iulie/2013-iunie-iulie-barem.pdf,33109,d192767caa56b1fff7e166c7811adbf0a95629506560cbf478738a65732a9f24
2013,filosofie,Filosofie,sesiune-iunie-iulie,Sesiunea iunie-iulie,subiect,2013-iunie-iulie-subiect.pdf,bac/2013/filosofie/sesiune-iunie-iulie/2013-iunie-iulie-subiect.pdf,42404,b1b568b76063b39b88fa9323fbc165e808fb93f4ecb75532d23475b85e9d3614
2013,fizica,Fizica,sesiune-iunie-iulie,Sesiunea iunie-iulie,barem,2013-iunie-iulie-tehnologic-barem.pdf,bac/2013/fizica/sesiune-iunie-iulie/2013-iunie-iulie-tehnologic-barem.pdf,54835,089adae7fb476485990556b08fa177b6d68af9d5d96b221b3d2b366d29a90901
2013,fizica,Fizica,sesiune-iunie-iulie,Sesiunea iunie-iulie,subiect,2013-iunie-iulie-tehnologic-subiect.pdf,bac/2013/fizica/sesiune-iunie-iulie/2013-iunie-iulie-tehnologic-subiect.pdf,155455,de332e2a30212833eae191b36dad46f490e73e9a75040d2a92b058e1032364a2
2013,fizica,Fizica,sesiune-iunie-iulie,Sesiunea iunie-iulie,barem,2013-iunie-iulie-teoretic-vocational-barem.pdf,bac/2013/fizica/sesiune-iunie-iulie/2013-iunie-iulie-teoretic-vocational-barem.pdf,68015,686668dbfd881f3656873eb4593eac51b69004fefff2fd1db70a8b0e56a60fd4
2013,fizica,Fizica,sesiune-iunie-iulie,Sesiunea iunie-iulie,subiect,2013-iunie-iulie-teoretic-vocational-subiect.pdf,bac/2013/fizica/sesiune-iunie-iulie/2013-iunie-iulie-teoretic-vocational-subiect.pdf,163279,28f05e73c343cf56a6d06ccbb81fc1336450740e8daae1181133e7986e2f46d5
2013,fizica,Fizica,sesiune-speciala,Sesiunea speciala,barem,2013-speciala-tehnologic-barem.pdf,bac/2013/fizica/sesiune-speciala/2013-speciala-tehnologic-barem.pdf,229452,29080d83dbc0055b01f195fa4a790b187d36ddfbe1769911f30ff27e5dec9b2c
2013,fizica,Fizica,sesiune-speciala,Sesiunea speciala,subiect,2013-speciala-tehnologic-subiect.pdf,bac/2013/fizica/sesiune-speciala/2013-speciala-tehnologic-subiect.pdf,1105156,c5d8668a8d6301065e98fcc3e9524e0bb10dd26c3018a45620bc465750532b82
2013,fizica,Fizica,sesiune-speciala,Sesiunea speciala,barem,2013-speciala-teoretic-vocational-barem.pdf,bac/2013/fizica/sesiune-speciala/2013-speciala-teoretic-vocational-barem.pdf,234223,ae32fae2cf3228c2888a81d1e45ed51bcf0763836e3e01f877b8386e18f801b7
2013,fizica,Fizica,sesiune-speciala,Sesiunea speciala,subiect,2013-speciala-teoretic-vocational-subiect.pdf,bac/2013/fizica/sesiune-speciala/2013-speciala-teoretic-vocational-subiect.pdf,907136,4bd1e79efd9338ccdaa2dee4586c9fdc452242ca69832e56782624e353c9cc09
2013,geografie,Geografie,sesiune-iunie-iulie,Sesiunea iunie-iulie,barem,2013-iunie-iulie-barem.pdf,bac/2013/geografie/sesiune-iunie-iulie/2013-iunie-iulie-barem.pdf,42947,900f1b445083b7b980e8bd00ae40984e02e973f7c327ede777bfbe5af7983cd9
2013,geografie,Geografie,sesiune-iunie-iulie,Sesiunea iunie-iulie,subiect,2013-iunie-iulie-subiect.pdf,bac/2013/geografie/sesiune-iunie-iulie/2013-iunie-iulie-subiect.pdf,135433,d98a4f53d0de0fb01d4a7cabd5a224156f2a74b0ac76e4ea17dfa34721869e10
2013,geografie,Geografie,sesiune-speciala,Sesiunea speciala,barem,2013-speciala-barem.pdf,bac/2013/geografie/sesiune-speciala/2013-speciala-barem.pdf,99543,3b5bd533f2f213077d4cb89ff1b3b4df45c75b5639c926a8a8b8fe34be741b42
2013,geografie,Geografie,sesiune-speciala,Sesiunea speciala,subiect,2013-speciala-subiect.pdf,bac/2013/geografie/sesiune-speciala/2013-speciala-subiect.pdf,1209876,146789b65717a0a1ab0a5026bf31e9237677b9315e7d6f40c308028b4af70348
2013,informatica,Informatica,sesiune-iunie-iulie,Sesiunea iunie-iulie,barem,2013-iunie-iulie-mate-info-barem.pdf,bac/2013/informatica/sesiune-iunie-iulie/2013-iunie-iulie-mate-info-barem.pdf,54999,24ac02a8dca6dcc64828ceca4d634156dd70609ebbf2b5cb9f1ac2944a8870ef
2013,informatica,Informatica,sesiune-iunie-iulie,Sesiunea iunie-iulie,subiect,2013-iunie-iulie-mate-info-subiect.pdf,bac/2013/informatica/sesiune-iunie-iulie/2013-iunie-iulie-mate-info-subiect.pdf,82389,9129c552a3175c55877519629241cd73961a3dd3137b2d922ab8a96669d4c14b
2013,informatica,Informatica,sesiune-iunie-iulie,Sesiunea iunie-iulie,barem,2013-iunie-iulie-stiinte-naturii-barem.pdf,bac/2013/informatica/sesiune-iunie-iulie/2013-iunie-iulie-stiinte-naturii-barem.pdf,58362,fba76447448b656d94022f29e1d4c56f961123e98458c007d190c1713e7de477
2013,informatica,Informatica,sesiune-iunie-iulie,Sesiunea iunie-iulie,subiect,2013-iunie-iulie-stiinte-naturii-subiect.pdf,bac/2013/informatica/sesiune-iunie-iulie/2013-iunie-iulie-stiinte-naturii-subiect.pdf,76566,df789234431ca87307ade3c543c9acb84bde1239cc35377f1a33c928d494ab31
2013,informatica,Informatica,sesiune-speciala,Sesiunea speciala,barem,2013-speciala-mate-info-barem.pdf,bac/2013/informatica/sesiune-speciala/2013-speciala-mate-info-barem.pdf,140106,656716c56715267d10ec7689d684bb1c0e4199d6484139ae9e40dc2475b80a12
2013,informatica,Informatica,sesiune-speciala,Sesiunea speciala,subiect,2013-speciala-mate-info-subiect.pdf,bac/2013/informatica/sesiune-speciala/2013-speciala-mate-info-subiect.pdf,140274,4a0bf32dbd6b287de7fa0aa34de377ee85840da3cb2d328417b39e9ae11c79a7
2013,istorie,Istorie,sesiune-iunie-iulie,Sesiunea iunie-iulie,barem,2013-iunie-iulie-barem.pdf,bac/2013/istorie/sesiune-iunie-iulie/2013-iunie-iulie-barem.pdf,36846,0ca6475f4b061fc6afcf277df920b5e9f9c8f4e7f879ff5aca6a576b1cfeba53
2013,istorie,Istorie,sesiune-iunie-iulie,Sesiunea iunie-iulie,subiect,2013-iunie-iulie-subiect.pdf,bac/2013/istorie/sesiune-iunie-iulie/2013-iunie-iulie-subiect.pdf,44780,6a7efea933384cc3fdb14e3407213a7357738bc37cb4d1fd9bbc79039ee90c4f
2013,istorie,Istorie,sesiune-speciala,Sesiunea speciala,barem,2013-speciala-barem.pdf,bac/2013/istorie/sesiune-speciala/2013-speciala-barem.pdf,94812,572fa71c290a00af7104225ba57c1f0b932651ed7aed0266207f6e53191aa389
2013,istorie,Istorie,sesiune-speciala,Sesiunea speciala,subiect,2013-speciala-subiect.pdf,bac/2013/istorie/sesiune-speciala/2013-speciala-subiect.pdf,137997,d066c354d105cd32e7ac71544747fe72645c890297ee23d2b7d43dc073c5e599
2013,logica,Logica,sesiune-iunie-iulie,Sesiunea iunie-iulie,barem,2013-iunie-iulie-barem.pdf,bac/2013/logica/sesiune-iunie-iulie/2013-iunie-iulie-barem.pdf,34145,8fe114997305fcf8a9b76840f2869a95d0b3e6aed42d3179d1fe979374f98b9a
2013,logica,Logica,sesiune-iunie-iulie,Sesiunea iunie-iulie,subiect,2013-iunie-iulie-subiect.pdf,bac/2013/logica/sesiune-iunie-iulie/2013-iunie-iulie-subiect.pdf,35892,ddb65b128c0490f2d03e2f4e8b3f209f287bedf86ffa7b6fe237e3fef71ebdc9
2013,logica,Logica,sesiune-speciala,Sesiunea speciala,barem,2013-speciala-barem.pdf,bac/2013/logica/sesiune-speciala/2013-speciala-barem.pdf,73314,b7a050e83e4b88ea5930c579ce3557555d05735f6626f2af64e3bd8f6183344d
2013,logica,Logica,sesiune-speciala,Sesiunea speciala,subiect,2013-speciala-subiect.pdf,bac/2013/logica/sesiune-speciala/2013-speciala-subiect.pdf,88612,bac887cf96cdd79020c90a6487d8772b4dd6b260e0c516a9f48f657d47b08a88
2013,matematica,Matematica,sesiune-iunie-iulie,Sesiunea iunie-iulie,barem,2013-iunie-iulie-mate-info-barem.pdf,bac/2013/matematica/sesiune-iunie-iulie/2013-iunie-iulie-mate-info-barem.pdf,60477,f276a31db45364af6940c206b909dd0fafcd48cd50bee0bc227a99bf7aaaae2e
2013,matematica,Matematica,sesiune-iunie-iulie,Sesiunea iunie-iulie,subiect,2013-iunie-iulie-mate-info-subiect.pdf,bac/2013/matematica/sesiune-iunie-iulie/2013-iunie-iulie-mate-info-subiect.pdf,52670,f0629f1ee4e200fb2815036ef09f78fd64f4635e38afb27bed9801a18c2f6cb0
2013,matematica,Matematica,sesiune-iunie-iulie,Sesiunea iunie-iulie,barem,2013-iunie-iulie-pedagogic-barem.pdf,bac/2013/matematica/sesiune-iunie-iulie/2013-iunie-iulie-pedagogic-barem.pdf,54415,b0ab1ee3276be22b2f2a15ff840ecb310e0d4077ba56b9fae6d79e9349958246
2013,matematica,Matematica,sesiune-iunie-iulie,Sesiunea iunie-iulie,subiect,2013-iunie-iulie-pedagogic-subiect.pdf,bac/2013/matematica/sesiune-iunie-iulie/2013-iunie-iulie-pedagogic-subiect.pdf,50954,a602aba87db317198d94cd401e348101ae88a7ed4a5288f33e0f2db3ce498a3b
2013,matematica,Matematica,sesiune-iunie-iulie,Sesiunea iunie-iulie,barem,2013-iunie-iulie-stiinte-naturii-barem.pdf,bac/2013/matematica/sesiune-iunie-iulie/2013-iunie-iulie-stiinte-naturii-barem.pdf,60257,5f1f0a85b96317e2dbac6fd1f400ab383aae766f09866d4493c6f36cb2f29a28
2013,matematica,Matematica,sesiune-iunie-iulie,Sesiunea iunie-iulie,subiect,2013-iunie-iulie-stiinte-naturii-subiect.pdf,bac/2013/matematica/sesiune-iunie-iulie/2013-iunie-iulie-stiinte-naturii-subiect.pdf,52370,0dde3b0851945582f8f282a69da7fa6353838dfc2a4670d4b520eb7ae47705fa
2013,matematica,Matematica,sesiune-iunie-iulie,Sesiunea iunie-iulie,barem,2013-iunie-iulie-tehnologic-barem.pdf,bac/2013/matematica/sesiune-iunie-iulie/2013-iunie-iulie-tehnologic-barem.pdf,56962,b03d4388ebdd0c94d80d3aa11f3c5b122a3195c09490677a4cfe84872bec7b99
2013,matematica,Matematica,sesiune-iunie-iulie,Sesiunea iunie-iulie,subiect,2013-iunie-iulie-tehnologic-subiect.pdf,bac/2013/matematica/sesiune-iunie-iulie/2013-iunie-iulie-tehnologic-subiect.pdf,51281,ad3d4a5a26a57a471ff23eb2cf47231cfe200bc016f3e570d859abb6ee67ac7f
2013,matematica,Matematica,sesiune-speciala,Sesiunea speciala,barem,2013-speciala-mate-info-barem.pdf,bac/2013/matematica/sesiune-speciala/2013-speciala-mate-info-barem.pdf,139939,2dfaeeec81fa8e386ac083e8e46d6812ce9a9056529abcdc0cc686c829a784cc
2013,matematica,Matematica,sesiune-speciala,Sesiunea speciala,subiect,2013-speciala-mate-info-subiect.pdf,bac/2013/matematica/sesiune-speciala/2013-speciala-mate-info-subiect.pdf,106456,8ca65a5402fa44f1b5dbc872179cdd43b9d1bfd80f2a82031076d7d634c5235d
2013,matematica,Matematica,sesiune-speciala,Sesiunea speciala,barem,2013-speciala-stiinte-naturii-barem.pdf,bac/2013/matematica/sesiune-speciala/2013-speciala-stiinte-naturii-barem.pdf,118024,ae0fcfa80b990b60a05449afa7ebc5c8d334b9ada47f22ca313140022bec56c4
2013,matematica,Matematica,sesiune-speciala,Sesiunea speciala,subiect,2013-speciala-stiinte-naturii-subiect.pdf,bac/2013/matematica/sesiune-speciala/2013-speciala-stiinte-naturii-subiect.pdf,105749,9f91aeef6cf58cc56ada612825d421b580820854553c171ac35aee9c226863bf
2013,matematica,Matematica,sesiune-speciala,Sesiunea speciala,barem,2013-speciala-tehnologic-barem.pdf,bac/2013/matematica/sesiune-speciala/2013-speciala-tehnologic-barem.pdf,131073,527ef6a9571236f64f0e8e5377b11992d8638980e664fb832694e90d83f1cfc9
2013,matematica,Matematica,sesiune-speciala,Sesiunea speciala,subiect,2013-speciala-tehnologic-subiect.pdf,bac/2013/matematica/sesiune-speciala/2013-speciala-tehnologic-subiect.pdf,102984,0a46ab0f61a5cc4a3906c4eab9e64b0e5e4132b0b6d28455480ff38b7ebba33f
2013,psihologie,Psihologie,sesiune-iunie-iulie,Sesiunea iunie-iulie,barem,2013-iunie-iulie-barem.pdf,bac/2013/psihologie/sesiune-iunie-iulie/2013-iunie-iulie-barem.pdf,36850,511dc684b78248890a6ecf2b9d0a252bf5d5966946d4bd97bd435f4236dc8fe4
2013,psihologie,Psihologie,sesiune-iunie-iulie,Sesiunea iunie-iulie,subiect,2013-iunie-iulie-subiect.pdf,bac/2013/psihologie/sesiune-iunie-iulie/2013-iunie-iulie-subiect.pdf,41507,592efdccbe948dc42a00a8ed00eda1b01fe7a746d70a46b64218065d107c7940
2013,romana,Limba romana,sesiune-iunie-iulie,Sesiunea iunie-iulie,barem,2013-iunie-iulie-real-tehnologic-barem.pdf,bac/2013/romana/sesiune-iunie-iulie/2013-iunie-iulie-real-tehnologic-barem.pdf,49462,8ac9ba091b7dee78d8d13b53d91d23ee539656a30ab2f46a4ee5135671f7af98
2013,romana,Limba romana,sesiune-iunie-iulie,Sesiunea iunie-iulie,subiect,2013-iunie-iulie-real-tehnologic-subiect.pdf,bac/2013/romana/sesiune-iunie-iulie/2013-iunie-iulie-real-tehnologic-subiect.pdf,51608,78fb1d35c90e83861027bc93f1d8f26c5b5256fa46b47d5c6fb111af24a03439
2013,romana,Limba romana,sesiune-iunie-iulie,Sesiunea iunie-iulie,barem,2013-iunie-iulie-uman-pedagogic-barem.pdf,bac/2013/romana/sesiune-iunie-iulie/2013-iunie-iulie-uman-pedagogic-barem.pdf,48696,314cba41a94db803e925cf1c2711e6c726516f58fd42502b7a77fd275b0525a4
2013,romana,Limba romana,sesiune-iunie-iulie,Sesiunea iunie-iulie,subiect,2013-iunie-iulie-uman-pedagogic-subiect.pdf,bac/2013/romana/sesiune-iunie-iulie/2013-iunie-iulie-uman-pedagogic-subiect.pdf,52062,2e7dedc75cd753596ab785f2045d40fe07cb43765236a701d271962154a0116e
2013,romana,Limba romana,sesiune-speciala,Sesiunea speciala,barem,2013-speciala-real-tehnologic-barem.pdf,bac/2013/romana/sesiune-speciala/2013-speciala-real-tehnologic-barem.pdf,133661,57d9c85f7f1ad031e44867aabc64b8e76cf1dca0a1f28b12e5b1006372e242e5
2013,romana,Limba romana,sesiune-speciala,Sesiunea speciala,subiect,2013-speciala-real-tehnologic-subiect.pdf,bac/2013/romana/sesiune-speciala/2013-speciala-real-tehnologic-subiect.pdf,109274,dfa2e27d9438bf3e7001d1d105e3aef9e299079992b61f064b0888232407996f
2013,romana,Limba romana,sesiune-speciala,Sesiunea speciala,barem,2013-speciala-uman-pedagogic-barem.pdf,bac/2013/romana/sesiune-speciala/2013-speciala-uman-pedagogic-barem.pdf,133251,954bfae420b7d8db6b27d74d473682e171e148e7a8a3cbfd4569a26ab31e49c6
2013,romana,Limba romana,sesiune-speciala,Sesiunea speciala,subiect,2013-speciala-uman-pedagogic-subiect.pdf,bac/2013/romana/sesiune-speciala/2013-speciala-uman-pedagogic-subiect.pdf,106434,4601045905d16ec8c8cdc5e06a8f46cfe562af4805f2eafcbf164ffdbcc3d278
2013,sociologie,Sociologie,sesiune-iunie-iulie,Sesiunea iunie-iulie,barem,2013-iunie-iulie-barem.pdf,bac/2013/sociologie/sesiune-iunie-iulie/2013-iunie-iulie-barem.pdf,30398,d86032e89b6cb19c9b766a13dfa3c0e2684117eebe27f39a5cac7cf5dbd65d97
2013,sociologie,Sociologie,sesiune-iunie-iulie,Sesiunea iunie-iulie,subiect,2013-iunie-iulie-subiect.pdf,bac/2013/sociologie/sesiune-iunie-iulie/2013-iunie-iulie-subiect.pdf,39158,13abb27d724a8f9a58a589d48231ca83a442872d88997813a6f14902ce49cdec
2014,biologie,Biologie,sesiune-iunie-iulie,Sesiunea iunie-iulie,barem,2014-iunie-iulie-anatomie-fiziologie-barem.pdf,bac/2014/biologie/sesiune-iunie-iulie/2014-iunie-iulie-anatomie-fiziologie-barem.pdf,42249,4c59713549b114bd86f09092e960047efa59a2691c2f17128609d93ec4070749
2014,biologie,Biologie,sesiune-iunie-iulie,Sesiunea iunie-iulie,subiect,2014-iunie-iulie-anatomie-fiziologie-subiect.pdf,bac/2014/biologie/sesiune-iunie-iulie/2014-iunie-iulie-anatomie-fiziologie-subiect.pdf,41883,e7d54f9c74d246891ca93df02cfc82727e47e60261f5ef653f6ba9c356bbab34
2014,biologie,Biologie,sesiune-iunie-iulie,Sesiunea iunie-iulie,barem,2014-iunie-iulie-vegetala-animala-barem.pdf,bac/2014/biologie/sesiune-iunie-iulie/2014-iunie-iulie-vegetala-animala-barem.pdf,41390,a4d07a79d626e37c919cb2cbaeb7f10f9ff8425053bb9776d39e869e28eb6c81
2014,biologie,Biologie,sesiune-iunie-iulie,Sesiunea iunie-iulie,subiect,2014-iunie-iulie-vegetala-animala-subiect.pdf,bac/2014/biologie/sesiune-iunie-iulie/2014-iunie-iulie-vegetala-animala-subiect.pdf,45786,44aa3814b51343012b2ad18b660c2daaaafd2756deec72d560a21fe997b08722
2014,biologie,Biologie,simulare,Simulare,barem,2014-simulare-anatomie-fiziologie-barem.pdf,bac/2014/biologie/simulare/2014-simulare-anatomie-fiziologie-barem.pdf,32555,50ad11d837236e61bd88f9e30173471eaab57abf4e4221d04fedf0ee0c8138e0
2014,biologie,Biologie,simulare,Simulare,subiect,2014-simulare-anatomie-fiziologie-subiect.pdf,bac/2014/biologie/simulare/2014-simulare-anatomie-fiziologie-subiect.pdf,43383,75117def13f2ae01005b4bf31d50bca4686a98acbcfc12900730f1ba148f2523
2014,biologie,Biologie,simulare,Simulare,barem,2014-simulare-vegetala-animala-barem.pdf,bac/2014/biologie/simulare/2014-simulare-vegetala-animala-barem.pdf,32428,d169b5b008612d00382388c3f954a13d164713b55e663ba3c5c2e13d1b1fefd5
2014,biologie,Biologie,simulare,Simulare,subiect,2014-simulare-vegetala-animala-subiect.pdf,bac/2014/biologie/simulare/2014-simulare-vegetala-animala-subiect.pdf,32449,2cd51025f9c8e7ec4313286d561ac5f89205c3fc5583834ff923ebfa0cff5867
2014,chimie,Chimie,sesiune-iunie-iulie,Sesiunea iunie-iulie,barem,2014-iunie-iulie-anorganica-tehnologic-barem.pdf,bac/2014/chimie/sesiune-iunie-iulie/2014-iunie-iulie-anorganica-tehnologic-barem.pdf,38706,bf13d78894ea1a7804d4684dfba01bbd11929dd26db16d2b43e107343f3919a3
2014,chimie,Chimie,sesiune-iunie-iulie,Sesiunea iunie-iulie,subiect,2014-iunie-iulie-anorganica-tehnologic-subiect.pdf,bac/2014/chimie/sesiune-iunie-iulie/2014-iunie-iulie-anorganica-tehnologic-subiect.pdf,61203,c79aa66688b1e9dfa1e8482c4d2549c8c4a94a28c12cd04f56eda08f68eec102
2014,chimie,Chimie,sesiune-iunie-iulie,Sesiunea iunie-iulie,barem,2014-iunie-iulie-anorganica-teoretic-barem.pdf,bac/2014/chimie/sesiune-iunie-iulie/2014-iunie-iulie-anorganica-teoretic-barem.pdf,38980,00c8faf15d33bd9c6b4f42b8bbc85f6d7d1d3cb27680d20d235504258b396b28
2014,chimie,Chimie,sesiune-iunie-iulie,Sesiunea iunie-iulie,subiect,2014-iunie-iulie-anorganica-teoretic-subiect.pdf,bac/2014/chimie/sesiune-iunie-iulie/2014-iunie-iulie-anorganica-teoretic-subiect.pdf,55394,ddf55446dd89d8bc9adea98d77975aff69f226ee0c254afabcca1adf70b21804
2014,chimie,Chimie,sesiune-iunie-iulie,Sesiunea iunie-iulie,barem,2014-iunie-iulie-organica-tehnologic-barem.pdf,bac/2014/chimie/sesiune-iunie-iulie/2014-iunie-iulie-organica-tehnologic-barem.pdf,38475,0cde7a7e6a4671c837bbd50324a734cdb97831b66ba9b9601384040b9ba90687
2014,chimie,Chimie,sesiune-iunie-iulie,Sesiunea iunie-iulie,subiect,2014-iunie-iulie-organica-tehnologic-subiect.pdf,bac/2014/chimie/sesiune-iunie-iulie/2014-iunie-iulie-organica-tehnologic-subiect.pdf,62663,14c63bc57d3c0ec376e5c170c61ee01f7ca59ca5e3cce50fa4f48a18a347b2e1
2014,chimie,Chimie,sesiune-iunie-iulie,Sesiunea iunie-iulie,barem,2014-iunie-iulie-organica-teoretic-barem.pdf,bac/2014/chimie/sesiune-iunie-iulie/2014-iunie-iulie-organica-teoretic-barem.pdf,38990,6fe9586e064afeec3c007301f548312755c4015dc87e3d2670029a6562108c79
2014,chimie,Chimie,sesiune-iunie-iulie,Sesiunea iunie-iulie,subiect,2014-iunie-iulie-organica-teoretic-subiect.pdf,bac/2014/chimie/sesiune-iunie-iulie/2014-iunie-iulie-organica-teoretic-subiect.pdf,51246,9e2979a5612c77af49933e40a595e36dc68211790974489515a43fdc126d4bf0
2014,chimie,Chimie,simulare,Simulare,barem,2014-simulare-anorganica-tehnologic-barem.pdf,bac/2014/chimie/simulare/2014-simulare-anorganica-tehnologic-barem.pdf,31119,090d971d9ae2b3bab347bd322be4ddcca06192c39905e377978d88f135f50fff
2014,chimie,Chimie,simulare,Simulare,subiect,2014-simulare-anorganica-tehnologic-subiect.pdf,bac/2014/chimie/simulare/2014-simulare-anorganica-tehnologic-subiect.pdf,52494,55352f7e4d738edb820c0e3ca7aa9a19aecfc221ab982283e32e68c2086ff7f4
2014,chimie,Chimie,simulare,Simulare,barem,2014-simulare-anorganica-teoretic-barem.pdf,bac/2014/chimie/simulare/2014-simulare-anorganica-teoretic-barem.pdf,30697,584d579bdd0ee0bb4560e5872693db1bd6642a727875ef7d3b0ee4e2ce17a4e8
2014,chimie,Chimie,simulare,Simulare,subiect,2014-simulare-anorganica-teoretic-subiect.pdf,bac/2014/chimie/simulare/2014-simulare-anorganica-teoretic-subiect.pdf,47519,167bf5983faf32779c3936909a4cc642af70faefc87d20248a344e2c333e200e
2014,chimie,Chimie,simulare,Simulare,barem,2014-simulare-organica-tehnologic-barem.pdf,bac/2014/chimie/simulare/2014-simulare-organica-tehnologic-barem.pdf,29360,54c5321a1f528a9dfb677d23485407d09c82566546f7018e0b9ca89ed7db5406
2014,chimie,Chimie,simulare,Simulare,subiect,2014-simulare-organica-tehnologic-subiect.pdf,bac/2014/chimie/simulare/2014-simulare-organica-tehnologic-subiect.pdf,40849,fa84a59391566de492fbf3965d165c9a62d988d6cd3cebb50e3784cc210c85bc
2014,chimie,Chimie,simulare,Simulare,barem,2014-simulare-organica-teoretic-barem.pdf,bac/2014/chimie/simulare/2014-simulare-organica-teoretic-barem.pdf,31214,be53265d5b3f8b29f84e810d5bded01ce7b73fda8023a94039a43bc2a48db056
2014,chimie,Chimie,simulare,Simulare,subiect,2014-simulare-organica-teoretic-subiect.pdf,bac/2014/chimie/simulare/2014-simulare-organica-teoretic-subiect.pdf,47846,6f89f0191819da9713a2b89c1ac18b9f68b0f1aa606e8e8935218bd09fec4d9f
2014,economie,Economie,sesiune-iunie-iulie,Sesiunea iunie-iulie,barem,2014-iunie-iulie-barem.pdf,bac/2014/economie/sesiune-iunie-iulie/2014-iunie-iulie-barem.pdf,41221,55bdceeb5a81f26cb1697893eb35533650d4106d2d00df52b5c114e80573415c
2014,economie,Economie,sesiune-iunie-iulie,Sesiunea iunie-iulie,subiect,2014-iunie-iulie-subiect.pdf,bac/2014/economie/sesiune-iunie-iulie/2014-iunie-iulie-subiect.pdf,48222,9a51e0ef91c6017525b033f7ece27d8b97faefca508e95c2b7b854570efcacdb
2014,economie,Economie,simulare,Simulare,barem,2014-simulare-barem.pdf,bac/2014/economie/simulare/2014-simulare-barem.pdf,32109,13e44cd43b756d238aaed60130a59c11c5f429a74ce6ebe6bfd5769c085a1b54
2014,economie,Economie,simulare,Simulare,subiect,2014-simulare-subiect.pdf,bac/2014/economie/simulare/2014-simulare-subiect.pdf,39391,50db0070218697780fa510ac3865cd38db1ec3cd3190b83211d074d99a84ec7c
2014,filosofie,Filosofie,sesiune-iunie-iulie,Sesiunea iunie-iulie,barem,2014-iunie-iulie-barem.pdf,bac/2014/filosofie/sesiune-iunie-iulie/2014-iunie-iulie-barem.pdf,46985,003bc5793002ece3ef9acf93bb3c63fff3947ddeb01e0d29908a93c23afeecb0
2014,filosofie,Filosofie,sesiune-iunie-iulie,Sesiunea iunie-iulie,subiect,2014-iunie-iulie-subiect.pdf,bac/2014/filosofie/sesiune-iunie-iulie/2014-iunie-iulie-subiect.pdf,53706,08fea642bb6fae7882e2d8c5069231048ed564723c9aa81bd28e5d2ca73f5965
2014,filosofie,Filosofie,simulare,Simulare,barem,2014-simulare-barem.pdf,bac/2014/filosofie/simulare/2014-simulare-barem.pdf,31368,416d045b12ac059a8512bf6b1e21b412b6556b89b144a2448a5ab4e381482d8f
2014,filosofie,Filosofie,simulare,Simulare,subiect,2014-simulare-subiect.pdf,bac/2014/filosofie/simulare/2014-simulare-subiect.pdf,41351,78f2f66c71fc7356af94feb8d881274a431f87925595b023e64dd0f535c6a8cd
2014,fizica,Fizica,sesiune-iunie-iulie,Sesiunea iunie-iulie,barem,2014-iunie-iulie-tehnologic-barem.pdf,bac/2014/fizica/sesiune-iunie-iulie/2014-iunie-iulie-tehnologic-barem.pdf,56461,76adc7ea05fa7f718cca57289bac1134f213738bb63f1be7b2b55f9fd3706e6b
2014,fizica,Fizica,sesiune-iunie-iulie,Sesiunea iunie-iulie,subiect,2014-iunie-iulie-tehnologic-subiect.pdf,bac/2014/fizica/sesiune-iunie-iulie/2014-iunie-iulie-tehnologic-subiect.pdf,112373,c643c3e7dc49728fa218590343b210a55a5593ceb96d6204e09735f758e7db99
2014,fizica,Fizica,sesiune-iunie-iulie,Sesiunea iunie-iulie,barem,2014-iunie-iulie-teoretic-vocational-barem.pdf,bac/2014/fizica/sesiune-iunie-iulie/2014-iunie-iulie-teoretic-vocational-barem.pdf,62583,1f69da7a916ddbd6be2890ccac86f13dc44b9f45e8b386db8771b96c70f22ae5
2014,fizica,Fizica,sesiune-iunie-iulie,Sesiunea iunie-iulie,subiect,2014-iunie-iulie-teoretic-vocational-subiect.pdf,bac/2014/fizica/sesiune-iunie-iulie/2014-iunie-iulie-teoretic-vocational-subiect.pdf,118850,2c891b0b295a7aaa92df6ae44882637ec09db4f46c135edbc00754cef5cdc786
2014,fizica,Fizica,simulare,Simulare,barem,2014-simulare-tehnologic-barem.pdf,bac/2014/fizica/simulare/2014-simulare-tehnologic-barem.pdf,61697,85d2780464d8dcdf87130a2c6086874115dda14a63c957b0e864704b6c13fa40
2014,fizica,Fizica,simulare,Simulare,subiect,2014-simulare-tehnologic-subiect.pdf,bac/2014/fizica/simulare/2014-simulare-tehnologic-subiect.pdf,138753,c1e36f1f5afc014d74726f674ef23b3811607d1e9f2cdea0616a08e40fe8a91f
2014,fizica,Fizica,simulare,Simulare,barem,2014-simulare-teoretic-vocational-barem.pdf,bac/2014/fizica/simulare/2014-simulare-teoretic-vocational-barem.pdf,61506,14d602d67150aef21315f6c4307d55ea62d5d45bfc2fe389ab965573de57779b
2014,fizica,Fizica,simulare,Simulare,subiect,2014-simulare-teoretic-vocational-subiect.pdf,bac/2014/fizica/simulare/2014-simulare-teoretic-vocational-subiect.pdf,162161,6f807b0f77ef2f76e3f2345e1c0a7dedf8d6e2f20cfac24f7e232e04f000cfb1
2014,geografie,Geografie,sesiune-iunie-iulie,Sesiunea iunie-iulie,barem,2014-iunie-iulie-barem.pdf,bac/2014/geografie/sesiune-iunie-iulie/2014-iunie-iulie-barem.pdf,46337,6ba90e82ae417cbf3aa52792d4092d0d4b665a62410ad5acc94cdd342ae8b6a7
2014,geografie,Geografie,sesiune-iunie-iulie,Sesiunea iunie-iulie,subiect,2014-iunie-iulie-subiect.pdf,bac/2014/geografie/sesiune-iunie-iulie/2014-iunie-iulie-subiect.pdf,141622,7908fed431832cdaf420cf834abc249271e3e86301cfb5cf69e8bf85be7f47c8
2014,geografie,Geografie,simulare,Simulare,barem,2014-simulare-barem.pdf,bac/2014/geografie/simulare/2014-simulare-barem.pdf,43756,0d9f47b316c792d5bf8598de8daa98de3df3a3fdcbfdfd21d7bdac874cd3c8cc
2014,geografie,Geografie,simulare,Simulare,subiect,2014-simulare-subiect.pdf,bac/2014/geografie/simulare/2014-simulare-subiect.pdf,137690,bd32feb7bf0ab0fd0de5da4a2a2b0f2b635a4f562951234cfa9182a02bd09744
2014,informatica,Informatica,sesiune-iunie-iulie,Sesiunea iunie-iulie,barem,2014-iunie-iulie-mate-info-barem.pdf,bac/2014/informatica/sesiune-iunie-iulie/2014-iunie-iulie-mate-info-barem.pdf,60453,f93f9266e0d6d23a048252c804629d15d99033167580024d2458098a2b24e423
2014,informatica,Informatica,sesiune-iunie-iulie,Sesiunea iunie-iulie,subiect,2014-iunie-iulie-mate-info-subiect.pdf,bac/2014/informatica/sesiune-iunie-iulie/2014-iunie-iulie-mate-info-subiect.pdf,79475,7b9565643879b729317a4d7868f16897f235c930f83c631c2bbae542992cba97
2014,informatica,Informatica,sesiune-iunie-iulie,Sesiunea iunie-iulie,barem,2014-iunie-iulie-stiinte-naturii-barem.pdf,bac/2014/informatica/sesiune-iunie-iulie/2014-iunie-iulie-stiinte-naturii-barem.pdf,61068,741f53505ed1c6731c3a18685a142735d7cb4670e8640b0bec80eafd808aa966
2014,informatica,Informatica,sesiune-iunie-iulie,Sesiunea iunie-iulie,subiect,2014-iunie-iulie-stiinte-naturii-subiect.pdf,bac/2014/informatica/sesiune-iunie-iulie/2014-iunie-iulie-stiinte-naturii-subiect.pdf,76493,befed33dd9a42fec55f2e46db14c2714a6a0cc48d8de1388a4b553f66b4dc757
2014,informatica,Informatica,simulare,Simulare,barem,2014-simulare-mate-info-barem.pdf,bac/2014/informatica/simulare/2014-simulare-mate-info-barem.pdf,37449,738f55ba0f2d6784d2c62a3aa456575ec1c3fd0bc6adaa92e2d3879312a353d1
2014,informatica,Informatica,simulare,Simulare,subiect,2014-simulare-mate-info-subiect.pdf,bac/2014/informatica/simulare/2014-simulare-mate-info-subiect.pdf,66131,6b4088446fb9265d6d8c346965f24379679d0e0163d5cd02452d9d9909f626f0
2014,informatica,Informatica,simulare,Simulare,barem,2014-simulare-stiinte-naturii-barem.pdf,bac/2014/informatica/simulare/2014-simulare-stiinte-naturii-barem.pdf,44549,1b63984a92887fc19c4e783dbf27bdc3dfa7eabf8c6f423a1564676925b01386
2014,informatica,Informatica,simulare,Simulare,subiect,2014-simulare-stiinte-naturii-subiect.pdf,bac/2014/informatica/simulare/2014-simulare-stiinte-naturii-subiect.pdf,67001,2e0ab3784acfd688df152567f98f543771ed01df77abd056cca54675634cbb87
2014,istorie,Istorie,sesiune-iunie-iulie,Sesiunea iunie-iulie,barem,2014-iunie-iulie-barem.pdf,bac/2014/istorie/sesiune-iunie-iulie/2014-iunie-iulie-barem.pdf,45789,c6a4ade4f1ddcc4a54e9cb929f46f8d165b09a8c96ad8a6f7459037aa76ca8f5
2014,istorie,Istorie,sesiune-iunie-iulie,Sesiunea iunie-iulie,subiect,2014-iunie-iulie-subiect.pdf,bac/2014/istorie/sesiune-iunie-iulie/2014-iunie-iulie-subiect.pdf,58112,9bf9e8574ecdb9c892b409b62369721809ce5f03e71a56d5b6dc5af1af459255
2014,istorie,Istorie,simulare,Simulare,barem,2014-simulare-barem.pdf,bac/2014/istorie/simulare/2014-simulare-barem.pdf,36485,cad96f908fdd924566eefbc9934ffaa480cb75fb61c1bfe041ea1bf9909664c5
2014,istorie,Istorie,simulare,Simulare,subiect,2014-simulare-subiect.pdf,bac/2014/istorie/simulare/2014-simulare-subiect.pdf,50025,2de7817bf43c42ddf69336adb8e6444b8888d520ac414f44fa4556b295b77e0d
2014,logica,Logica,sesiune-iunie-iulie,Sesiunea iunie-iulie,barem,2014-iunie-iulie-barem.pdf,bac/2014/logica/sesiune-iunie-iulie/2014-iunie-iulie-barem.pdf,40040,06e57f2165db2c5f163a053267d143f8dfaf12c146adbaa223f30c77c62926b3
2014,logica,Logica,sesiune-iunie-iulie,Sesiunea iunie-iulie,subiect,2014-iunie-iulie-subiect.pdf,bac/2014/logica/sesiune-iunie-iulie/2014-iunie-iulie-subiect.pdf,37979,f594125aaec45bb0f702df8e1e8bd0757f2f8de977c28186900d52b156d893ae
2014,logica,Logica,simulare,Simulare,barem,2014-simulare-barem.pdf,bac/2014/logica/simulare/2014-simulare-barem.pdf,38555,98ce61e93c293aca1209c632bdc0e2a5732db5005d9d4dd7a71eebdcc7c2f589
2014,logica,Logica,simulare,Simulare,subiect,2014-simulare-subiect.pdf,bac/2014/logica/simulare/2014-simulare-subiect.pdf,35561,f21c16f34ea5ca050cf175ee88d783e270b2104558e53c6fa790d18a3d023599
2014,matematica,Matematica,sesiune-iunie-iulie,Sesiunea iunie-iulie,barem,2014-iunie-iulie-mate-info-barem.pdf,bac/2014/matematica/sesiune-iunie-iulie/2014-iunie-iulie-mate-info-barem.pdf,63546,a1a278edb1a9733b2a803b2333525362e01895dcbe2383e638b092bd91c51bc8
2014,matematica,Matematica,sesiune-iunie-iulie,Sesiunea iunie-iulie,subiect,2014-iunie-iulie-mate-info-subiect.pdf,bac/2014/matematica/sesiune-iunie-iulie/2014-iunie-iulie-mate-info-subiect.pdf,54772,8483bdf4bfdfc794c4bb6ecde98211123cf9cf95737c1f6c2625dd54db5eb9bb
2014,matematica,Matematica,sesiune-iunie-iulie,Sesiunea iunie-iulie,barem,2014-iunie-iulie-pedagogic-barem.pdf,bac/2014/matematica/sesiune-iunie-iulie/2014-iunie-iulie-pedagogic-barem.pdf,57728,f414cae3331cc8f8e5b4616c386f1aa1c5da8ee0cdf296566419ac0970910f2b
2014,matematica,Matematica,sesiune-iunie-iulie,Sesiunea iunie-iulie,subiect,2014-iunie-iulie-pedagogic-subiect.pdf,bac/2014/matematica/sesiune-iunie-iulie/2014-iunie-iulie-pedagogic-subiect.pdf,55188,7b607630c1ac789557fc7cadb7cdec35b9f7576aa1f09eeda6471549d761b9b2
2014,matematica,Matematica,sesiune-iunie-iulie,Sesiunea iunie-iulie,barem,2014-iunie-iulie-stiinte-naturii-barem.pdf,bac/2014/matematica/sesiune-iunie-iulie/2014-iunie-iulie-stiinte-naturii-barem.pdf,63258,00ec62c56d4de2a793f4852a8c40efd69c6c238dcbcd5b8210378d4b2f89ac0d
2014,matematica,Matematica,sesiune-iunie-iulie,Sesiunea iunie-iulie,subiect,2014-iunie-iulie-stiinte-naturii-subiect.pdf,bac/2014/matematica/sesiune-iunie-iulie/2014-iunie-iulie-stiinte-naturii-subiect.pdf,55408,46ec9e4b5550c71a5ebfd795dd82810e85ea4ac893eca153d5dbaf47101861de
2014,matematica,Matematica,sesiune-iunie-iulie,Sesiunea iunie-iulie,barem,2014-iunie-iulie-tehnologic-barem.pdf,bac/2014/matematica/sesiune-iunie-iulie/2014-iunie-iulie-tehnologic-barem.pdf,58721,c30d555156b230b57358d3713d89c2627db5c83dfb9abc675dd580a7cca22c7b
2014,matematica,Matematica,sesiune-iunie-iulie,Sesiunea iunie-iulie,subiect,2014-iunie-iulie-tehnologic-subiect.pdf,bac/2014/matematica/sesiune-iunie-iulie/2014-iunie-iulie-tehnologic-subiect.pdf,53012,6054f200d91d41d1b1502e94ec0ecd4615b65177824133594f5024bfcd7ae71a
2014,matematica,Matematica,simulare,Simulare,barem,2014-simulare-mate-info-barem.pdf,bac/2014/matematica/simulare/2014-simulare-mate-info-barem.pdf,62196,62828d4cbc084e64b4ee56be8d8f11991832178b1a995f110f3ead4241431d9a
2014,matematica,Matematica,simulare,Simulare,subiect,2014-simulare-mate-info-subiect.pdf,bac/2014/matematica/simulare/2014-simulare-mate-info-subiect.pdf,55188,55716d285ea571da0b2d0dc2743283cbf005b8ff905a2aa0bc169f40df1bd15d
2014,matematica,Matematica,simulare,Simulare,barem,2014-simulare-pedagogic-barem.pdf,bac/2014/matematica/simulare/2014-simulare-pedagogic-barem.pdf,58976,a649f8f5676c66fecc669903d38004053e59ac1686011deb52c77e3284a1a7a9
2014,matematica,Matematica,simulare,Simulare,subiect,2014-simulare-pedagogic-subiect.pdf,bac/2014/matematica/simulare/2014-simulare-pedagogic-subiect.pdf,53302,1dc87d4798600edcdd2ffd9effc7625103973660f455213bb3b490b74ce0416b
2014,matematica,Matematica,simulare,Simulare,barem,2014-simulare-stiinte-naturii-barem.pdf,bac/2014/matematica/simulare/2014-simulare-stiinte-naturii-barem.pdf,62964,46680387568356263bd266a3370ff7b9283790b62bf31959bc8bd5b432998da3
2014,matematica,Matematica,simulare,Simulare,subiect,2014-simulare-stiinte-naturii-subiect.pdf,bac/2014/matematica/simulare/2014-simulare-stiinte-naturii-subiect.pdf,53085,bf8f808255b7cab60b908ee857d35b8f8cf8f66bc90d4c4badf59bfc37259028
2014,matematica,Matematica,simulare,Simulare,barem,2014-simulare-tehnologic-barem.pdf,bac/2014/matematica/simulare/2014-simulare-tehnologic-barem.pdf,59103,e9c41c15963966c05a544712395fd85cd25bf58f887e7c9780388cf78d272609
2014,matematica,Matematica,simulare,Simulare,subiect,2014-simulare-tehnologic-subiect.pdf,bac/2014/matematica/simulare/2014-simulare-tehnologic-subiect.pdf,53121,fe3590618d5a4891f8705ff9b8039f2fc031b505baba59fb1d3047e55c0005a1
2014,psihologie,Psihologie,sesiune-iunie-iulie,Sesiunea iunie-iulie,barem,2014-iunie-iulie-barem.pdf,bac/2014/psihologie/sesiune-iunie-iulie/2014-iunie-iulie-barem.pdf,51450,39dad75f928da7e834771574734f1fa2f2a53e72b2b678930c6151a842ce76e5
2014,psihologie,Psihologie,sesiune-iunie-iulie,Sesiunea iunie-iulie,subiect,2014-iunie-iulie-subiect.pdf,bac/2014/psihologie/sesiune-iunie-iulie/2014-iunie-iulie-subiect.pdf,51467,abfad955e2cbfa87d3ce13737da2d47179f1cc4849a9dc535d3e528d199ee792
2014,psihologie,Psihologie,simulare,Simulare,barem,2014-simulare-barem.pdf,bac/2014/psihologie/simulare/2014-simulare-barem.pdf,41957,13852a5d17293f10c5ad4307cee402b44ae9a6e77be59be20a448a89d997c5bf
2014,psihologie,Psihologie,simulare,Simulare,subiect,2014-simulare-subiect.pdf,bac/2014/psihologie/simulare/2014-simulare-subiect.pdf,49206,3ac4e35e10c84d1e3817e85e4c973f76d1f8c7bcb944a7e4dcbd4c9c2c306d10
2014,romana,Limba romana,sesiune-iunie-iulie,Sesiunea iunie-iulie,barem,2014-iunie-iulie-real-tehnologic-barem.pdf,bac/2014/romana/sesiune-iunie-iulie/2014-iunie-iulie-real-tehnologic-barem.pdf,50685,7e6fdf0fec846b77adcf41846704be070618d8ffa9526ce71d295193d2552a57
2014,romana,Limba romana,sesiune-iunie-iulie,Sesiunea iunie-iulie,subiect,2014-iunie-iulie-real-tehnologic-subiect.pdf,bac/2014/romana/sesiune-iunie-iulie/2014-iunie-iulie-real-tehnologic-subiect.pdf,53231,2c76edc7bcabdbb7eda5ab38679571c92adf4abe45a2e717cb2a51dfd2f2f206
2014,romana,Limba romana,sesiune-iunie-iulie,Sesiunea iunie-iulie,barem,2014-iunie-iulie-uman-pedagogic-barem.pdf,bac/2014/romana/sesiune-iunie-iulie/2014-iunie-iulie-uman-pedagogic-barem.pdf,50631,52100e2e2dc7c44bb0bb21e8cc45a77e4f2d2000605970002d0adf8fe421f6cf
2014,romana,Limba romana,sesiune-iunie-iulie,Sesiunea iunie-iulie,subiect,2014-iunie-iulie-uman-pedagogic-subiect.pdf,bac/2014/romana/sesiune-iunie-iulie/2014-iunie-iulie-uman-pedagogic-subiect.pdf,53418,557b98f480cc2bbd3fa9e4c2dd4d8a26dbaed967aed2975261620b7a161a5654
2014,romana,Limba romana,simulare,Simulare,barem,2014-simulare-real-tehnologic-barem.pdf,bac/2014/romana/simulare/2014-simulare-real-tehnologic-barem.pdf,42612,02eb1344463e37cb666ad0d992fc131aacd47fb720a28aa2b0d609e2b77e80b4
2014,romana,Limba romana,simulare,Simulare,subiect,2014-simulare-real-tehnologic-subiect.pdf,bac/2014/romana/simulare/2014-simulare-real-tehnologic-subiect.pdf,51777,c8d54bb18859654cdc1bbacf8c259272eb5476785aa6c057789b993050b7e3d8
2014,romana,Limba romana,simulare,Simulare,barem,2014-simulare-uman-pedagogic-barem.pdf,bac/2014/romana/simulare/2014-simulare-uman-pedagogic-barem.pdf,41592,10a29cd091402f79a4e0346371a3f92040e23094ec4f2ac0bcedee6185ab2628
2014,romana,Limba romana,simulare,Simulare,subiect,2014-simulare-uman-pedagogic-subiect.pdf,bac/2014/romana/simulare/2014-simulare-uman-pedagogic-subiect.pdf,42982,e0e94826c0e8cdad5b12271e0cdac485da92b05832448801d9540dc350d1ac02
2014,sociologie,Sociologie,sesiune-iunie-iulie,Sesiunea iunie-iulie,barem,2014-iunie-iulie-barem.pdf,bac/2014/sociologie/sesiune-iunie-iulie/2014-iunie-iulie-barem.pdf,43281,308459c6d0e7b1338902979c16f68dfd2516f5ad4cb5f9a28f1057e38cc9f858
2014,sociologie,Sociologie,sesiune-iunie-iulie,Sesiunea iunie-iulie,subiect,2014-iunie-iulie-subiect.pdf,bac/2014/sociologie/sesiune-iunie-iulie/2014-iunie-iulie-subiect.pdf,47576,3e1858850a973012e579dfdec1e621b265d0ee9b3b6b610edf3acda24dcaf2dd
2014,sociologie,Sociologie,simulare,Simulare,barem,2014-simulare-barem.pdf,bac/2014/sociologie/simulare/2014-simulare-barem.pdf,29524,0289a678469191a30e4efb10b9292e0f8153d4c5c0b9cd36722cdf644964c635
2014,sociologie,Sociologie,simulare,Simulare,subiect,2014-simulare-subiect.pdf,bac/2014/sociologie/simulare/2014-simulare-subiect.pdf,39215,89952a12117e5e06e756508a3bbb8080d027ea99a847dd629c18e9e5bafd33a4
2015,biologie,Biologie,sesiune-iunie-iulie,Sesiunea iunie-iulie,barem,2015-iunie-iulie-anatomie-fiziologie-barem.pdf,bac/2015/biologie/sesiune-iunie-iulie/2015-iunie-iulie-anatomie-fiziologie-barem.pdf,43432,bd91fbc841bb8177a708b949c16c719901274e130f3a1cea95379f22295b0386
2015,biologie,Biologie,sesiune-iunie-iulie,Sesiunea iunie-iulie,subiect,2015-iunie-iulie-anatomie-fiziologie-subiect.pdf,bac/2015/biologie/sesiune-iunie-iulie/2015-iunie-iulie-anatomie-fiziologie-subiect.pdf,43362,2cc5465c1ac1c991e78df801defe40382dec7acb4ecd363497780b1d9790e97d
2015,biologie,Biologie,sesiune-iunie-iulie,Sesiunea iunie-iulie,barem,2015-iunie-iulie-vegetala-animala-barem.pdf,bac/2015/biologie/sesiune-iunie-iulie/2015-iunie-iulie-vegetala-animala-barem.pdf,42371,c83653af029c8956f04f8aff514ec5f6e9f07ee52e18e0c4115a4da5c8ae285b
2015,biologie,Biologie,sesiune-iunie-iulie,Sesiunea iunie-iulie,subiect,2015-iunie-iulie-vegetala-animala-subiect.pdf,bac/2015/biologie/sesiune-iunie-iulie/2015-iunie-iulie-vegetala-animala-subiect.pdf,47665,510f92fff96c29faeb29f04276aba1d85a2a2452e7a9bda74bcf4dbf5708a3e2
2015,biologie,Biologie,simulare,Simulare,barem,2015-simulare-anatomie-fiziologie-barem.pdf,bac/2015/biologie/simulare/2015-simulare-anatomie-fiziologie-barem.pdf,41916,b5ba1fe25250823e703228748174acc45917f460a8d8f1c2d4ebcdf456e078da
2015,biologie,Biologie,simulare,Simulare,subiect,2015-simulare-anatomie-fiziologie-subiect.pdf,bac/2015/biologie/simulare/2015-simulare-anatomie-fiziologie-subiect.pdf,42663,05d27a89fa91a19366eadbf7b4019dc67887abe7f8898b16611ac3344ba72ba4
2015,biologie,Biologie,simulare,Simulare,barem,2015-simulare-vegetala-animala-barem.pdf,bac/2015/biologie/simulare/2015-simulare-vegetala-animala-barem.pdf,42736,5c49238293c7ed0e37fbca70de5dd871faef569749efb5c9e873c55f709ee0d5
2015,biologie,Biologie,simulare,Simulare,subiect,2015-simulare-vegetala-animala-subiect.pdf,bac/2015/biologie/simulare/2015-simulare-vegetala-animala-subiect.pdf,46994,9ef3729270fb269c57980d441654281539e6e876daed368585be25a66f528b92
2015,chimie,Chimie,sesiune-iunie-iulie,Sesiunea iunie-iulie,barem,2015-iunie-iulie-anorganica-tehnologic-barem.pdf,bac/2015/chimie/sesiune-iunie-iulie/2015-iunie-iulie-anorganica-tehnologic-barem.pdf,42655,270846a69c6b22feb311222e559aac548552d6e35a9eb07ade400feedf3adf61
2015,chimie,Chimie,sesiune-iunie-iulie,Sesiunea iunie-iulie,subiect,2015-iunie-iulie-anorganica-tehnologic-subiect.pdf,bac/2015/chimie/sesiune-iunie-iulie/2015-iunie-iulie-anorganica-tehnologic-subiect.pdf,55094,d81d221044cdb9978375fbb943db8a0cc344f5c8f3f60873b1925d5eaaaa9dc3
2015,chimie,Chimie,sesiune-iunie-iulie,Sesiunea iunie-iulie,barem,2015-iunie-iulie-anorganica-teoretic-barem.pdf,bac/2015/chimie/sesiune-iunie-iulie/2015-iunie-iulie-anorganica-teoretic-barem.pdf,42635,1514b0bc6bff237bd9cbc65a7b14fe6cd82b92b1e4b6d47e8c52600ef5d2ad8f
2015,chimie,Chimie,sesiune-iunie-iulie,Sesiunea iunie-iulie,subiect,2015-iunie-iulie-anorganica-teoretic-subiect.pdf,bac/2015/chimie/sesiune-iunie-iulie/2015-iunie-iulie-anorganica-teoretic-subiect.pdf,69135,a2ab613b047450c846e985751e33e19c948618a1db311771c639609f8276048f
2015,chimie,Chimie,sesiune-iunie-iulie,Sesiunea iunie-iulie,barem,2015-iunie-iulie-organica-tehnologic-barem.pdf,bac/2015/chimie/sesiune-iunie-iulie/2015-iunie-iulie-organica-tehnologic-barem.pdf,54753,1695a4d68282a7763401e2a54a44e975afcfc81840d6c784767a9f6563523867
2015,chimie,Chimie,sesiune-iunie-iulie,Sesiunea iunie-iulie,subiect,2015-iunie-iulie-organica-tehnologic-subiect.pdf,bac/2015/chimie/sesiune-iunie-iulie/2015-iunie-iulie-organica-tehnologic-subiect.pdf,55285,a24d36baec6db07f95d73f629c06774de17a6c1e205de7f2666a5bc3f4dd2e26
2015,chimie,Chimie,sesiune-iunie-iulie,Sesiunea iunie-iulie,barem,2015-iunie-iulie-organica-teoretic-barem.pdf,bac/2015/chimie/sesiune-iunie-iulie/2015-iunie-iulie-organica-teoretic-barem.pdf,42023,379d323ff6fea42237ba1c49f0663653713a8f5489714c781618a517189b2150
2015,chimie,Chimie,sesiune-iunie-iulie,Sesiunea iunie-iulie,subiect,2015-iunie-iulie-organica-teoretic-subiect.pdf,bac/2015/chimie/sesiune-iunie-iulie/2015-iunie-iulie-organica-teoretic-subiect.pdf,50449,2a200b59c1463174bf2c4ad719a76fa5301b63d7220ae43fb1222093a42852f7
2015,chimie,Chimie,simulare,Simulare,barem,2015-simulare-anorganica-tehnologic-barem.pdf,bac/2015/chimie/simulare/2015-simulare-anorganica-tehnologic-barem.pdf,36641,997829ae1df60eba0a41de3b68a22da9d42af8547b14e292a703afa60c9386ce
2015,chimie,Chimie,simulare,Simulare,subiect,2015-simulare-anorganica-tehnologic-subiect.pdf,bac/2015/chimie/simulare/2015-simulare-anorganica-tehnologic-subiect.pdf,52299,961291752ce0c2651e5d40abaeadd6c0f2d8d4c47950c03b1e5ea3175a6a4968
2015,chimie,Chimie,simulare,Simulare,barem,2015-simulare-anorganica-teoretic-barem.pdf,bac/2015/chimie/simulare/2015-simulare-anorganica-teoretic-barem.pdf,35472,436fb1a0484b554e7acb3968f90c6182fd0cea636fea95ac0f638e1321eb3528
2015,chimie,Chimie,simulare,Simulare,subiect,2015-simulare-anorganica-teoretic-subiect.pdf,bac/2015/chimie/simulare/2015-simulare-anorganica-teoretic-subiect.pdf,56162,0c32f137fdd0fedba3c50fc2539c4f97baf176cd9d5d613aff899c9841082347
2015,chimie,Chimie,simulare,Simulare,barem,2015-simulare-organica-tehnologic-barem.pdf,bac/2015/chimie/simulare/2015-simulare-organica-tehnologic-barem.pdf,35060,fb749e2cb0aac55fecfec326b9121d2c2c41fcd76f7ca1ece20f472f333977b1
2015,chimie,Chimie,simulare,Simulare,subiect,2015-simulare-organica-tehnologic-subiect.pdf,bac/2015/chimie/simulare/2015-simulare-organica-tehnologic-subiect.pdf,45208,11d4ae8763fb968d73ab6802443693aaf6a737da414ef6bc53358673ef9672df
2015,chimie,Chimie,simulare,Simulare,barem,2015-simulare-organica-teoretic-barem.pdf,bac/2015/chimie/simulare/2015-simulare-organica-teoretic-barem.pdf,36510,8fa635520c05625cbaf2e64c785ae669e041c497c812dd8daa958bea7a2dd421
2015,chimie,Chimie,simulare,Simulare,subiect,2015-simulare-organica-teoretic-subiect.pdf,bac/2015/chimie/simulare/2015-simulare-organica-teoretic-subiect.pdf,62127,35d8a4ac578221223a498b50a0149db07fae9371dd03314227839fafc0f17e43
2015,economie,Economie,sesiune-iunie-iulie,Sesiunea iunie-iulie,barem,2015-iunie-iulie-barem.pdf,bac/2015/economie/sesiune-iunie-iulie/2015-iunie-iulie-barem.pdf,40151,e25259408c3c937cdadf8b97fe9c141c5a9660b1a2069856f9a06520958e1074
2015,economie,Economie,sesiune-iunie-iulie,Sesiunea iunie-iulie,subiect,2015-iunie-iulie-subiect.pdf,bac/2015/economie/sesiune-iunie-iulie/2015-iunie-iulie-subiect.pdf,47593,41023ee35ea28e48ae24a3f12a68c4d7f6af882c51aaaee60c5be1ca34e5990d
2015,economie,Economie,simulare,Simulare,barem,2015-simulare-barem.pdf,bac/2015/economie/simulare/2015-simulare-barem.pdf,39922,669bd2be4c1bc36bd40e6299345b9891a49fc3da238988d943288c76a87b3160
2015,economie,Economie,simulare,Simulare,subiect,2015-simulare-subiect.pdf,bac/2015/economie/simulare/2015-simulare-subiect.pdf,46497,bc0e20c794773d9ae230cc27ea081be3caf1dd514e28bf219184eeda68854af7
2015,filosofie,Filosofie,sesiune-iunie-iulie,Sesiunea iunie-iulie,barem,2015-iunie-iulie-barem.pdf,bac/2015/filosofie/sesiune-iunie-iulie/2015-iunie-iulie-barem.pdf,30562,d71c7012fdac489e9b797e7e37651ac5671f13b9c5ba211acfd2bac465773818
2015,filosofie,Filosofie,sesiune-iunie-iulie,Sesiunea iunie-iulie,subiect,2015-iunie-iulie-subiect.pdf,bac/2015/filosofie/sesiune-iunie-iulie/2015-iunie-iulie-subiect.pdf,44872,0c43cb2129dcd82221a95b59d123b1cc3380ed0c68f0770911a84783961b05b7
2015,filosofie,Filosofie,simulare,Simulare,barem,2015-simulare-barem.pdf,bac/2015/filosofie/simulare/2015-simulare-barem.pdf,31921,e984cd4525457389bec709f7056e7517f907e1714f6fd9c0a36ecf52ca1e748b
2015,filosofie,Filosofie,simulare,Simulare,subiect,2015-simulare-subiect.pdf,bac/2015/filosofie/simulare/2015-simulare-subiect.pdf,46477,83236af21fa17d7e116e127e7a6d3c0c4562b86f42a3aab4fcdd1dddd76e1a19
2015,fizica,Fizica,sesiune-iunie-iulie,Sesiunea iunie-iulie,barem,2015-iunie-iulie-tehnologic-barem.pdf,bac/2015/fizica/sesiune-iunie-iulie/2015-iunie-iulie-tehnologic-barem.pdf,53644,c2bf9aaeda9bea1a96c4e4f66e3a3991f0f183e53da0f5ed45eba4f73ba2d440
2015,fizica,Fizica,sesiune-iunie-iulie,Sesiunea iunie-iulie,subiect,2015-iunie-iulie-tehnologic-subiect.pdf,bac/2015/fizica/sesiune-iunie-iulie/2015-iunie-iulie-tehnologic-subiect.pdf,129938,bef4f384fc9e4d2d4b01715f508c738b65624527c1cdc0cb8847c45d59b0275a
2015,fizica,Fizica,sesiune-iunie-iulie,Sesiunea iunie-iulie,barem,2015-iunie-iulie-teoretic-vocational-barem.pdf,bac/2015/fizica/sesiune-iunie-iulie/2015-iunie-iulie-teoretic-vocational-barem.pdf,61407,c6ff4551f2f5cb37f2d5ce7a53c670b4274c5985034952dc4700d69d2a46a250
2015,fizica,Fizica,sesiune-iunie-iulie,Sesiunea iunie-iulie,subiect,2015-iunie-iulie-teoretic-vocational-subiect.pdf,bac/2015/fizica/sesiune-iunie-iulie/2015-iunie-iulie-teoretic-vocational-subiect.pdf,146163,8d5d13391e821bba1e4c2bb92681fdacb129ef93ff214f6137463346ae51eac3
2015,fizica,Fizica,simulare,Simulare,barem,2015-simulare-tehnologic-barem.pdf,bac/2015/fizica/simulare/2015-simulare-tehnologic-barem.pdf,62133,a91c4575e6f9c667eb94f698792b441f369fccf28b3725d488099d432f94dae0
2015,fizica,Fizica,simulare,Simulare,subiect,2015-simulare-tehnologic-subiect.pdf,bac/2015/fizica/simulare/2015-simulare-tehnologic-subiect.pdf,136261,3f4bd8fad7d121fdd4ace5a8f17c255ca60b5f1bae9cd245d342695152656f69
2015,fizica,Fizica,simulare,Simulare,barem,2015-simulare-teoretic-vocational-barem.pdf,bac/2015/fizica/simulare/2015-simulare-teoretic-vocational-barem.pdf,67272,299b4359211f1c81da6e3056495cf324513646e2f017b151492636c61d4916f6
2015,fizica,Fizica,simulare,Simulare,subiect,2015-simulare-teoretic-vocational-subiect.pdf,bac/2015/fizica/simulare/2015-simulare-teoretic-vocational-subiect.pdf,136929,5e5bdc43a933554d71369ee3bd2ec20aa2022bb4b41aa17f3230ba030502fda4
2015,geografie,Geografie,sesiune-iunie-iulie,Sesiunea iunie-iulie,barem,2015-iunie-iulie-barem.pdf,bac/2015/geografie/sesiune-iunie-iulie/2015-iunie-iulie-barem.pdf,45740,1333d2373d18bebfc0c5da5e1746ee9265cd3605442605fd3f11c5d81969e7b1
2015,geografie,Geografie,sesiune-iunie-iulie,Sesiunea iunie-iulie,subiect,2015-iunie-iulie-subiect.pdf,bac/2015/geografie/sesiune-iunie-iulie/2015-iunie-iulie-subiect.pdf,149555,f38eb215c5dbed59cf67a9a8d0fd892ea9a70275b8c79287127c893a85d10843
2015,geografie,Geografie,simulare,Simulare,barem,2015-simulare-barem.pdf,bac/2015/geografie/simulare/2015-simulare-barem.pdf,46412,4cb0baf1a5837f4991a4be3298aeb69ad44bd3a7cc088571416262cb0f65a6a4
2015,geografie,Geografie,simulare,Simulare,subiect,2015-simulare-subiect.pdf,bac/2015/geografie/simulare/2015-simulare-subiect.pdf,174494,1c312b04c16bdc6195c82539597b3a9b559ea8e4049b848e06d51304aa511549
2015,informatica,Informatica,sesiune-iunie-iulie,Sesiunea iunie-iulie,barem,2015-iunie-iulie-mate-info-barem.pdf,bac/2015/informatica/sesiune-iunie-iulie/2015-iunie-iulie-mate-info-barem.pdf,57292,b8a4e55d8b743fd646bac34467f21afb88f88ca2fade1018385efde42019b4b6
2015,informatica,Informatica,sesiune-iunie-iulie,Sesiunea iunie-iulie,subiect,2015-iunie-iulie-mate-info-subiect.pdf,bac/2015/informatica/sesiune-iunie-iulie/2015-iunie-iulie-mate-info-subiect.pdf,74425,5faf805bb8be2b66669c4acbbe298bbb91dd01308d652fd53817cf0af284f077
2015,informatica,Informatica,sesiune-iunie-iulie,Sesiunea iunie-iulie,barem,2015-iunie-iulie-stiinte-naturii-barem.pdf,bac/2015/informatica/sesiune-iunie-iulie/2015-iunie-iulie-stiinte-naturii-barem.pdf,57415,e0b2ff275a769e50e706ddc6fddc0e365ddca204eaf3f653613a382fbb335ecf
2015,informatica,Informatica,sesiune-iunie-iulie,Sesiunea iunie-iulie,subiect,2015-iunie-iulie-stiinte-naturii-subiect.pdf,bac/2015/informatica/sesiune-iunie-iulie/2015-iunie-iulie-stiinte-naturii-subiect.pdf,66185,0d756e2ef5cd40e7ba5b7a1b25a7d5e45ee4fea8b5473fb795ffa29537a33f3f
2015,informatica,Informatica,simulare,Simulare,barem,2015-simulare-mate-info-barem.pdf,bac/2015/informatica/simulare/2015-simulare-mate-info-barem.pdf,52009,5a69feab157b62ed891ab7dc68f02cc0e8aa401f77a7f73d97750cb5e0cf86be
2015,informatica,Informatica,simulare,Simulare,subiect,2015-simulare-mate-info-subiect.pdf,bac/2015/informatica/simulare/2015-simulare-mate-info-subiect.pdf,69621,2ccbfa6e28becd8a7e21205e59e22faeb8dd0f22821d397c45083e94809de187
2015,informatica,Informatica,simulare,Simulare,barem,2015-simulare-stiinte-naturii-barem.pdf,bac/2015/informatica/simulare/2015-simulare-stiinte-naturii-barem.pdf,60913,8d2b1c308b2bd0320fb259d27eee949961186e016bfa7aca91101f61c7f929bd
2015,informatica,Informatica,simulare,Simulare,subiect,2015-simulare-stiinte-naturii-subiect.pdf,bac/2015/informatica/simulare/2015-simulare-stiinte-naturii-subiect.pdf,67455,8558061d45956a6dcb7430360c70833073b1c435be6b9e29c907ce4ba5b744c0
2015,istorie,Istorie,sesiune-iunie-iulie,Sesiunea iunie-iulie,barem,2015-iunie-iulie-barem.pdf,bac/2015/istorie/sesiune-iunie-iulie/2015-iunie-iulie-barem.pdf,46107,ddeeb76c074cb23b44debe500777e1d3b2b311bc41e00bfe43453c3d7b55e83b
2015,istorie,Istorie,sesiune-iunie-iulie,Sesiunea iunie-iulie,subiect,2015-iunie-iulie-subiect.pdf,bac/2015/istorie/sesiune-iunie-iulie/2015-iunie-iulie-subiect.pdf,59578,ed1c126117cc21fa65ecf62f896a407ed2ef1694d60d3c9e2c68d11982f0e5a6
2015,istorie,Istorie,simulare,Simulare,barem,2015-simulare-barem.pdf,bac/2015/istorie/simulare/2015-simulare-barem.pdf,51023,0f4a3d9196bc266e223ef3d265c3d43132fe3b423b772b2afeffbeaed5705eab
2015,istorie,Istorie,simulare,Simulare,subiect,2015-simulare-subiect.pdf,bac/2015/istorie/simulare/2015-simulare-subiect.pdf,49714,0f5a159a34562b7b9976263993438a7d020e1a97a72b5967daf1211bdd4bebf4
2015,logica,Logica,sesiune-iunie-iulie,Sesiunea iunie-iulie,barem,2015-iunie-iulie-barem.pdf,bac/2015/logica/sesiune-iunie-iulie/2015-iunie-iulie-barem.pdf,35573,72a537dfa9413ea4b4c918ccd75b5caa28b71bc405fa0acad4535f211d1c894c
2015,logica,Logica,sesiune-iunie-iulie,Sesiunea iunie-iulie,subiect,2015-iunie-iulie-subiect.pdf,bac/2015/logica/sesiune-iunie-iulie/2015-iunie-iulie-subiect.pdf,40975,cb28af5deafe795395c9bd27f9c7eec3ec90c496732a6a9315576df65d87890f
2015,logica,Logica,simulare,Simulare,barem,2015-simulare-barem.pdf,bac/2015/logica/simulare/2015-simulare-barem.pdf,35601,7c3c74cb7e8bc742dde9d704d4a949d51bcde6d9287c5242c15fb0eb03c83f18
2015,logica,Logica,simulare,Simulare,subiect,2015-simulare-subiect.pdf,bac/2015/logica/simulare/2015-simulare-subiect.pdf,40001,336e81bcf54151b7e1cc36b2ca7a0a2d2dd73b712792d8534ff96b8b932ecc89
2015,matematica,Matematica,sesiune-iunie-iulie,Sesiunea iunie-iulie,barem,2015-iunie-iulie-mate-info-barem.pdf,bac/2015/matematica/sesiune-iunie-iulie/2015-iunie-iulie-mate-info-barem.pdf,63978,167716ca0cdb5f0cb3cb6e1666482223c526c5b718c41c1e15a108ba38a93cd3
2015,matematica,Matematica,sesiune-iunie-iulie,Sesiunea iunie-iulie,subiect,2015-iunie-iulie-mate-info-subiect.pdf,bac/2015/matematica/sesiune-iunie-iulie/2015-iunie-iulie-mate-info-subiect.pdf,56299,cfc1862bc6a1b61977007fc8671eda932881011f538b4ceeb1a48bc7e2a4a986
2015,matematica,Matematica,sesiune-iunie-iulie,Sesiunea iunie-iulie,barem,2015-iunie-iulie-pedagogic-barem.pdf,bac/2015/matematica/sesiune-iunie-iulie/2015-iunie-iulie-pedagogic-barem.pdf,61932,c0adeb3447ef95d196b061f87690a065a796f6c3f5d6f16b56b44965df7eedee
2015,matematica,Matematica,sesiune-iunie-iulie,Sesiunea iunie-iulie,subiect,2015-iunie-iulie-pedagogic-subiect.pdf,bac/2015/matematica/sesiune-iunie-iulie/2015-iunie-iulie-pedagogic-subiect.pdf,53336,95f65d0027ff75a7a830f020cdf5908df069a0cb271f80b95b3642780c4dba34
2015,matematica,Matematica,sesiune-iunie-iulie,Sesiunea iunie-iulie,barem,2015-iunie-iulie-stiinte-naturii-barem.pdf,bac/2015/matematica/sesiune-iunie-iulie/2015-iunie-iulie-stiinte-naturii-barem.pdf,62543,8c36723fd741e9564902c13d2f2d5921ddad075062ccc5a6f4af2f7311052cd3
2015,matematica,Matematica,sesiune-iunie-iulie,Sesiunea iunie-iulie,subiect,2015-iunie-iulie-stiinte-naturii-subiect.pdf,bac/2015/matematica/sesiune-iunie-iulie/2015-iunie-iulie-stiinte-naturii-subiect.pdf,56277,8d8281387a7a7ce829d4919078b95d83977f638f1e8062c2f149178270e58af9
2015,matematica,Matematica,sesiune-iunie-iulie,Sesiunea iunie-iulie,barem,2015-iunie-iulie-tehnologic-barem.pdf,bac/2015/matematica/sesiune-iunie-iulie/2015-iunie-iulie-tehnologic-barem.pdf,61234,b7d1033ea61a244c269a9131fd9a8aab89599e42229d00463602f702a76128ae
2015,matematica,Matematica,sesiune-iunie-iulie,Sesiunea iunie-iulie,subiect,2015-iunie-iulie-tehnologic-subiect.pdf,bac/2015/matematica/sesiune-iunie-iulie/2015-iunie-iulie-tehnologic-subiect.pdf,55751,1a59e7ce1b9ba710a87dd7334ce271740ce6423d5d3dc121e2719b844bb3a353
2015,matematica,Matematica,simulare,Simulare,barem,2015-simulare-mate-info-barem.pdf,bac/2015/matematica/simulare/2015-simulare-mate-info-barem.pdf,65239,e9f54aaf0d65a5368775934c704956159f514328567a864c01a84a702bc4f687
2015,matematica,Matematica,simulare,Simulare,subiect,2015-simulare-mate-info-subiect.pdf,bac/2015/matematica/simulare/2015-simulare-mate-info-subiect.pdf,55903,8297b87ebfdbd132ac9cb44c9a1086637223f3ccd348dcf12a2cbce56725fe07
2015,matematica,Matematica,simulare,Simulare,barem,2015-simulare-pedagogic-barem.pdf,bac/2015/matematica/simulare/2015-simulare-pedagogic-barem.pdf,61511,8a2779baeb358ca1dd52657413d56bd7974cc1d4e8d9d5d5564b4e5fa0657570
2015,matematica,Matematica,simulare,Simulare,subiect,2015-simulare-pedagogic-subiect.pdf,bac/2015/matematica/simulare/2015-simulare-pedagogic-subiect.pdf,55102,0befa4a4dbec59bfee89565486a9ded0943426694060ea70e9c915c5538d66fa
2015,matematica,Matematica,simulare,Simulare,barem,2015-simulare-stiinte-naturii-barem.pdf,bac/2015/matematica/simulare/2015-simulare-stiinte-naturii-barem.pdf,63925,9af507950197d3abd7030da80994036079331062110879a40ff084ce0343e654
2015,matematica,Matematica,simulare,Simulare,subiect,2015-simulare-stiinte-naturii-subiect.pdf,bac/2015/matematica/simulare/2015-simulare-stiinte-naturii-subiect.pdf,55251,9f04dd2dde4acb440b0e479e041bc37298202ddd255a44176375212372f4948b
2015,matematica,Matematica,simulare,Simulare,barem,2015-simulare-tehnologic-barem.pdf,bac/2015/matematica/simulare/2015-simulare-tehnologic-barem.pdf,60413,f97a7344a736ec6e613a300076d5caf443b493a3e7fd6d9610cb4cc249cc2ae8
2015,matematica,Matematica,simulare,Simulare,subiect,2015-simulare-tehnologic-subiect.pdf,bac/2015/matematica/simulare/2015-simulare-tehnologic-subiect.pdf,53658,0bd8c05ef7f1c90ac68d341a85afc9afc4f3d019d2dda10d5460a45c12cdb8c2
2015,psihologie,Psihologie,sesiune-iunie-iulie,Sesiunea iunie-iulie,barem,2015-iunie-iulie-barem.pdf,bac/2015/psihologie/sesiune-iunie-iulie/2015-iunie-iulie-barem.pdf,40062,cc5a3cbaa3a897cfd5f586fda002c61aa0de13d6d8c52288a4a13fb89932da25
2015,psihologie,Psihologie,sesiune-iunie-iulie,Sesiunea iunie-iulie,subiect,2015-iunie-iulie-subiect.pdf,bac/2015/psihologie/sesiune-iunie-iulie/2015-iunie-iulie-subiect.pdf,52183,5973c36642b0ed3d6ed223c20150598a6a1747beafe2136e768985bc5ab60bd0
2015,psihologie,Psihologie,simulare,Simulare,barem,2015-simulare-barem.pdf,bac/2015/psihologie/simulare/2015-simulare-barem.pdf,38211,a6ad515e6d74bbc71a3d0a906ffede69bf8345a647c120854ba966824e1af629
2015,psihologie,Psihologie,simulare,Simulare,subiect,2015-simulare-subiect.pdf,bac/2015/psihologie/simulare/2015-simulare-subiect.pdf,41657,04e0907ea70a93401aa104bbc757bbaf9429dcd8aeee11cf82b7e19e286abc6f
2015,romana,Limba romana,sesiune-iunie-iulie,Sesiunea iunie-iulie,barem,2015-iunie-iulie-real-tehnologic-barem.pdf,bac/2015/romana/sesiune-iunie-iulie/2015-iunie-iulie-real-tehnologic-barem.pdf,53959,53636a43456b33a2f5ccdaf567e14769f981e71e1cca4f196d528029034c2b00
2015,romana,Limba romana,sesiune-iunie-iulie,Sesiunea iunie-iulie,subiect,2015-iunie-iulie-real-tehnologic-subiect.pdf,bac/2015/romana/sesiune-iunie-iulie/2015-iunie-iulie-real-tehnologic-subiect.pdf,60567,35b8f92d03602fae29131673311054f39df6374f19fbdd4352b75c9738f4b33e
2015,romana,Limba romana,sesiune-iunie-iulie,Sesiunea iunie-iulie,barem,2015-iunie-iulie-uman-pedagogic-barem.pdf,bac/2015/romana/sesiune-iunie-iulie/2015-iunie-iulie-uman-pedagogic-barem.pdf,52764,ffc2e0e7a28dc154aff9819a0da26b5a8de06b37273090d391349cd27f0b95ff
2015,romana,Limba romana,sesiune-iunie-iulie,Sesiunea iunie-iulie,subiect,2015-iunie-iulie-uman-pedagogic-subiect.pdf,bac/2015/romana/sesiune-iunie-iulie/2015-iunie-iulie-uman-pedagogic-subiect.pdf,54913,f9cd21b086307eb19702c817bb606ae3f486053712cd34a2bb677919d2730979
2015,romana,Limba romana,simulare,Simulare,barem,2015-simulare-real-tehnologic-barem.pdf,bac/2015/romana/simulare/2015-simulare-real-tehnologic-barem.pdf,52819,d6f706bcc72d0bf177eb4a64216ce12aa323d619fb0e4186b979555263fec1e2
2015,romana,Limba romana,simulare,Simulare,subiect,2015-simulare-real-tehnologic-subiect.pdf,bac/2015/romana/simulare/2015-simulare-real-tehnologic-subiect.pdf,62197,cb08563b0997285d5ef2b5e92f1da2ad79ba2356077aa6adb6d48494d13357ee
2015,romana,Limba romana,simulare,Simulare,barem,2015-simulare-uman-pedagogic-barem.pdf,bac/2015/romana/simulare/2015-simulare-uman-pedagogic-barem.pdf,52105,8c49efc4e0c711904126bd8802527a256b7f4b15278a3944364d57b82a91a1db
2015,romana,Limba romana,simulare,Simulare,subiect,2015-simulare-uman-pedagogic-subiect.pdf,bac/2015/romana/simulare/2015-simulare-uman-pedagogic-subiect.pdf,60144,af8ee034fa947ddc563f8f63e69d75220dabfa21508ed986349a1a087b7e57c6
2015,sociologie,Sociologie,sesiune-iunie-iulie,Sesiunea iunie-iulie,barem,2015-iunie-iulie-barem.pdf,bac/2015/sociologie/sesiune-iunie-iulie/2015-iunie-iulie-barem.pdf,32100,d3152daa672d0475142fdde64433b234624f7e411775a3bc5a57cf242b3094d3
2015,sociologie,Sociologie,sesiune-iunie-iulie,Sesiunea iunie-iulie,subiect,2015-iunie-iulie-subiect.pdf,bac/2015/sociologie/sesiune-iunie-iulie/2015-iunie-iulie-subiect.pdf,42003,4eb8863afbc83a81122c2d06419defd7f5405c4b99258377c9645165bdd06372
2015,sociologie,Sociologie,simulare,Simulare,barem,2015-simulare-barem.pdf,bac/2015/sociologie/simulare/2015-simulare-barem.pdf,31938,4f8965eea88705f6caa3b9baa803637dae77e2a7f84ac9c67802df23f63acdd0
2015,sociologie,Sociologie,simulare,Simulare,subiect,2015-simulare-subiect.pdf,bac/2015/sociologie/simulare/2015-simulare-subiect.pdf,37875,51a755f2ed2e1b5bf167b0e821749cb423561cf4b55866de22b6b8d1b5c5bba0
2016,biologie,Biologie,sesiune-speciala,Sesiunea speciala,barem,2016-speciala-anatomie-fiziologie-barem.pdf,bac/2016/biologie/sesiune-speciala/2016-speciala-anatomie-fiziologie-barem.pdf,38347,368c89dd6dc4173164ca7c579e1ff516351cf1369df91f17137b59765f2fead5
2016,biologie,Biologie,sesiune-speciala,Sesiunea speciala,subiect,2016-speciala-anatomie-fiziologie-subiect.pdf,bac/2016/biologie/sesiune-speciala/2016-speciala-anatomie-fiziologie-subiect.pdf,42648,f397d002f224bf4db03f54d956254e4520fa8a2229f4e2a74bb454ba7bf6cac4
2016,biologie,Biologie,sesiune-speciala,Sesiunea speciala,barem,2016-speciala-vegetala-animala-barem.pdf,bac/2016/biologie/sesiune-speciala/2016-speciala-vegetala-animala-barem.pdf,42653,8a8f7e26ea2eeb8aa34bb816673786dc8f18e27b41faaaeafa698c8597d21822
2016,biologie,Biologie,sesiune-speciala,Sesiunea speciala,subiect,2016-speciala-vegetala-animala-subiect.pdf,bac/2016/biologie/sesiune-speciala/2016-speciala-vegetala-animala-subiect.pdf,42868,c74ba52c63433bbab67b229b301886e3b53cf82cc114c68ef519c5639b6e7574
2016,biologie,Biologie,simulare,Simulare,barem,2016-simulare-anatomie-fiziologie-barem.pdf,bac/2016/biologie/simulare/2016-simulare-anatomie-fiziologie-barem.pdf,42836,7524a97ea658d6bc2b524a517f687ae1e7ae00d3c0c23552f332c6601c6be125
2016,biologie,Biologie,simulare,Simulare,subiect,2016-simulare-anatomie-fiziologie-subiect.pdf,bac/2016/biologie/simulare/2016-simulare-anatomie-fiziologie-subiect.pdf,43176,4356312d15e97c65de1807abc3019594aeb069c622080b1a8ed2e52263268294
2016,biologie,Biologie,simulare,Simulare,barem,2016-simulare-vegetala-animala-barem.pdf,bac/2016/biologie/simulare/2016-simulare-vegetala-animala-barem.pdf,42130,fec78e0d7f1ba011908a7652bb033eef3e864a792a49d9c7bc88711b765238e4
2016,biologie,Biologie,simulare,Simulare,subiect,2016-simulare-vegetala-animala-subiect.pdf,bac/2016/biologie/simulare/2016-simulare-vegetala-animala-subiect.pdf,47980,9f0d15ce8441a69d6a3087b6cc30636aaf411ea6241c90c97e965c434e3dbd03
2016,chimie,Chimie,sesiune-speciala,Sesiunea speciala,barem,2016-speciala-anorganica-teoretic-barem.pdf,bac/2016/chimie/sesiune-speciala/2016-speciala-anorganica-teoretic-barem.pdf,47259,d09abd294ac8fceb64492de608da352b86d3acd6d088447640fcbfc6072368fd
2016,chimie,Chimie,sesiune-speciala,Sesiunea speciala,subiect,2016-speciala-anorganica-teoretic-subiect.pdf,bac/2016/chimie/sesiune-speciala/2016-speciala-anorganica-teoretic-subiect.pdf,66930,cc2912ee35b83d02db799bd3462f2295601050cd3fd878848717eb618c229f89
2016,chimie,Chimie,sesiune-speciala,Sesiunea speciala,barem,2016-speciala-organica-teoretic-barem.pdf,bac/2016/chimie/sesiune-speciala/2016-speciala-organica-teoretic-barem.pdf,41634,1bab93133dd392deee9ead95041138fa471276610f19127b0a33084ebb35485a
2016,chimie,Chimie,sesiune-speciala,Sesiunea speciala,subiect,2016-speciala-organica-teoretic-subiect.pdf,bac/2016/chimie/sesiune-speciala/2016-speciala-organica-teoretic-subiect.pdf,61587,5470c98b7f450852f05775a6916cbc9e1507e2da1f9afbaf3f64b54503b13765
2016,chimie,Chimie,simulare,Simulare,barem,2016-simulare-anorganica-tehnologic-barem.pdf,bac/2016/chimie/simulare/2016-simulare-anorganica-tehnologic-barem.pdf,41796,8d3a986bda80745a1bd1b72a9dde3f4227ff3ead6ca0340d0cb8d594ea7f9fef
2016,chimie,Chimie,simulare,Simulare,subiect,2016-simulare-anorganica-tehnologic-subiect.pdf,bac/2016/chimie/simulare/2016-simulare-anorganica-tehnologic-subiect.pdf,62374,225114bcb3c8b382600f5e495170e91f8cedd6c509ee34be6d3c9f0c6dc6e473
2016,chimie,Chimie,simulare,Simulare,barem,2016-simulare-anorganica-teoretic-barem.pdf,bac/2016/chimie/simulare/2016-simulare-anorganica-teoretic-barem.pdf,41358,4e0181d907a79ff95deea386d0cf9d7c7d639566cd4a6099c030f452b8e880fc
2016,chimie,Chimie,simulare,Simulare,subiect,2016-simulare-anorganica-teoretic-subiect.pdf,bac/2016/chimie/simulare/2016-simulare-anorganica-teoretic-subiect.pdf,66176,83e513c23b62507d3db3185bccbbf41ff5b7320aebfd6eff9226520d9b5f885c
2016,chimie,Chimie,simulare,Simulare,barem,2016-simulare-organica-tehnologic-barem.pdf,bac/2016/chimie/simulare/2016-simulare-organica-tehnologic-barem.pdf,41763,576ed08b5b450ebaac65da1f238d555718a192340f1d32bd9058e7db29a0570b
2016,chimie,Chimie,simulare,Simulare,subiect,2016-simulare-organica-tehnologic-subiect.pdf,bac/2016/chimie/simulare/2016-simulare-organica-tehnologic-subiect.pdf,57936,6cd306472b83ff9c09e86c59f06fb70fba976d05b6b406f6e17603bda966a387
2016,chimie,Chimie,simulare,Simulare,barem,2016-simulare-organica-teoretic-barem.pdf,bac/2016/chimie/simulare/2016-simulare-organica-teoretic-barem.pdf,40645,5501e662328d42e4e596e63dda3cad20fa8a57e703d59f6c55ce9a016d994e2e
2016,chimie,Chimie,simulare,Simulare,subiect,2016-simulare-organica-teoretic-subiect.pdf,bac/2016/chimie/simulare/2016-simulare-organica-teoretic-subiect.pdf,55715,5d6853335fac3e21339e3bc5687d5b9a610abbdd89819b4731f3818e6cffde1b
2016,economie,Economie,sesiune-speciala,Sesiunea speciala,barem,2016-speciala-barem.pdf,bac/2016/economie/sesiune-speciala/2016-speciala-barem.pdf,40457,df83d1fa9f529c0ef8375c8d814cdd682a29dd536695fb46d4e96106b6a0872b
2016,economie,Economie,sesiune-speciala,Sesiunea speciala,subiect,2016-speciala-subiect.pdf,bac/2016/economie/sesiune-speciala/2016-speciala-subiect.pdf,46317,70a1125611541882e3a00e547b22b98c4355f5c20cb4ac9a8d717817d3e0bbf1
2016,economie,Economie,simulare,Simulare,barem,2016-simulare-barem.pdf,bac/2016/economie/simulare/2016-simulare-barem.pdf,41771,430ddcdfad8cbe3faafb1127690bc92268773c9b5e7e403bed26467dc67d407f
2016,economie,Economie,simulare,Simulare,subiect,2016-simulare-subiect.pdf,bac/2016/economie/simulare/2016-simulare-subiect.pdf,41089,f5576c950c2e5c9974426ebd871f44327cb4a87bf1ab0eb8bafb1bf36b283962
2016,filosofie,Filosofie,simulare,Simulare,barem,2016-simulare-barem.pdf,bac/2016/filosofie/simulare/2016-simulare-barem.pdf,31529,e785a5ee08dd419e577bb56208449af8db51eeb1a7e11b7afcc324778e113bcf
2016,filosofie,Filosofie,simulare,Simulare,subiect,2016-simulare-subiect.pdf,bac/2016/filosofie/simulare/2016-simulare-subiect.pdf,46084,a706aaada4ca3f3ecf8e0dafeda5a416be827e35e082abc2be050c6946cf2b02
2016,fizica,Fizica,sesiune-speciala,Sesiunea speciala,barem,2016-speciala-teoretic-vocational-barem.pdf,bac/2016/fizica/sesiune-speciala/2016-speciala-teoretic-vocational-barem.pdf,58280,d87aef589f42e5dab4953d80051871e75629754281d6233e122988de08aa3bb6
2016,fizica,Fizica,sesiune-speciala,Sesiunea speciala,subiect,2016-speciala-teoretic-vocational-subiect.pdf,bac/2016/fizica/sesiune-speciala/2016-speciala-teoretic-vocational-subiect.pdf,126254,475c19bf79580cd3c8f962f6c70c4dd37801958c8a263dc4353d421bfed25dbf
2016,fizica,Fizica,simulare,Simulare,barem,2016-simulare-tehnologic-barem.pdf,bac/2016/fizica/simulare/2016-simulare-tehnologic-barem.pdf,53427,bf9d3104dadf7be93880f7ed6c8aee117dbe79663a11cc89147756d8514252bb
2016,fizica,Fizica,simulare,Simulare,subiect,2016-simulare-tehnologic-subiect.pdf,bac/2016/fizica/simulare/2016-simulare-tehnologic-subiect.pdf,129680,4f73734f2905c88e8e5ca0fde3eebb9c415a55d4610bbf595c293c21ed095f2d
2016,fizica,Fizica,simulare,Simulare,barem,2016-simulare-teoretic-vocational-barem.pdf,bac/2016/fizica/simulare/2016-simulare-teoretic-vocational-barem.pdf,62572,631af22f26ce137010c413eec5598c9511a7300f1ab27b35b33d6c28ff6cb01b
2016,fizica,Fizica,simulare,Simulare,subiect,2016-simulare-teoretic-vocational-subiect.pdf,bac/2016/fizica/simulare/2016-simulare-teoretic-vocational-subiect.pdf,149380,07828576ded066b5dac2e8150b54df6e43f5ab8d493295c70e85342718080bf4
2016,geografie,Geografie,sesiune-speciala,Sesiunea speciala,barem,2016-speciala-barem.pdf,bac/2016/geografie/sesiune-speciala/2016-speciala-barem.pdf,46157,c1cbb0ffe9c6189dc76240321a0635eb57f3f08b5f8aabdbbc86da2259981a9a
2016,geografie,Geografie,sesiune-speciala,Sesiunea speciala,subiect,2016-speciala-subiect.pdf,bac/2016/geografie/sesiune-speciala/2016-speciala-subiect.pdf,163785,5154d1c2c282025ee5fc58ea06ca2b58f6956bd39579647cfab21c0af96a2c05
2016,geografie,Geografie,simulare,Simulare,barem,2016-simulare-barem.pdf,bac/2016/geografie/simulare/2016-simulare-barem.pdf,45579,120596d1a2ff71d6c8ae19ecec733c79e8c50bc55c7a4e7416e677d7a5bd23ca
2016,geografie,Geografie,simulare,Simulare,subiect,2016-simulare-subiect.pdf,bac/2016/geografie/simulare/2016-simulare-subiect.pdf,153880,f0966a284b9c6305932925ec73aa2f6ec0b54867e45d8120c16306ab61f4d444
2016,informatica,Informatica,sesiune-speciala,Sesiunea speciala,barem,2016-speciala-mate-info-barem.pdf,bac/2016/informatica/sesiune-speciala/2016-speciala-mate-info-barem.pdf,56958,79bfa982e65b41c9446f2a7852f20246e0ec74cfb8848a7a070e1368c40c6968
2016,informatica,Informatica,sesiune-speciala,Sesiunea speciala,subiect,2016-speciala-mate-info-subiect.pdf,bac/2016/informatica/sesiune-speciala/2016-speciala-mate-info-subiect.pdf,74301,6c51df045de3532ed2bc671227b30160e0d255c74c6616d2c71f8edda094a64e
2016,informatica,Informatica,sesiune-speciala,Sesiunea speciala,barem,2016-speciala-stiinte-naturii-barem.pdf,bac/2016/informatica/sesiune-speciala/2016-speciala-stiinte-naturii-barem.pdf,57142,fd56e889527aa83fc603c8c8f91b96aca7dc32f9d36fef2b904f5cdf5c6b8e68
2016,informatica,Informatica,sesiune-speciala,Sesiunea speciala,subiect,2016-speciala-stiinte-naturii-subiect.pdf,bac/2016/informatica/sesiune-speciala/2016-speciala-stiinte-naturii-subiect.pdf,75467,a5df39f38fd218e5e6ff5382e5047b85837809fbbcfb2dd65f5b97b2aee4d468
2016,informatica,Informatica,simulare,Simulare,barem,2016-simulare-mate-info-barem.pdf,bac/2016/informatica/simulare/2016-simulare-mate-info-barem.pdf,58881,90bcd6fafdfe08ad564faa7eaf0b63b8380d8e6805206fbab814cb90b5257200
2016,informatica,Informatica,simulare,Simulare,subiect,2016-simulare-mate-info-subiect.pdf,bac/2016/informatica/simulare/2016-simulare-mate-info-subiect.pdf,81305,28edf26a2d0757c8514fa4f5c59f24022f218e03c7cd44ab8d2e87bb9667bb5b
2016,informatica,Informatica,simulare,Simulare,barem,2016-simulare-stiinte-naturii-barem.pdf,bac/2016/informatica/simulare/2016-simulare-stiinte-naturii-barem.pdf,62007,ffa1ef1e07851a6ef64cdfb29dc0f9b54edc83fd2b3474f562860fdabce4e773
2016,informatica,Informatica,simulare,Simulare,subiect,2016-simulare-stiinte-naturii-subiect.pdf,bac/2016/informatica/simulare/2016-simulare-stiinte-naturii-subiect.pdf,74632,19a013c5da53b99c62c4251297b7445665b39332b490444df40f4f8aaf604ba4
2016,istorie,Istorie,sesiune-speciala,Sesiunea speciala,barem,2016-speciala-barem.pdf,bac/2016/istorie/sesiune-speciala/2016-speciala-barem.pdf,51719,ee33b7c05e18f3aea52fe1f4eefbe8e225cabbafcace5e347865edb044e21f5c
2016,istorie,Istorie,sesiune-speciala,Sesiunea speciala,subiect,2016-speciala-subiect.pdf,bac/2016/istorie/sesiune-speciala/2016-speciala-subiect.pdf,58523,d2f540743b2f5e2d9d8296c0557c7fddf9ca2bced3cb4931f356ab78cb9e746d
2016,istorie,Istorie,simulare,Simulare,barem,2016-simulare-barem.pdf,bac/2016/istorie/simulare/2016-simulare-barem.pdf,51294,eb78f66c51f03c50a969974946aedfe416240e761dc501ccd6a8d058b66dea89
2016,istorie,Istorie,simulare,Simulare,subiect,2016-simulare-subiect.pdf,bac/2016/istorie/simulare/2016-simulare-subiect.pdf,50903,b952c865518f728caba39c682634f62f979e65319f058a2dc79095584727e9c8
2016,logica,Logica,sesiune-speciala,Sesiunea speciala,barem,2016-speciala-barem.pdf,bac/2016/logica/sesiune-speciala/2016-speciala-barem.pdf,35701,eef8d14c668f0da989c97a6e37dde5fcb44bdd4e97cfc4a9b95f819388343e66
2016,logica,Logica,sesiune-speciala,Sesiunea speciala,subiect,2016-speciala-subiect.pdf,bac/2016/logica/sesiune-speciala/2016-speciala-subiect.pdf,40565,22ae33ecb8632a018c8c3e0ca432e95f4759130e5ac255e695b4c2883cf1aa81
2016,logica,Logica,simulare,Simulare,barem,2016-simulare-barem.pdf,bac/2016/logica/simulare/2016-simulare-barem.pdf,35690,e4144a126a2018abea09902df99197b5c65c0eea80b4e1a3bd82873adb1c1860
2016,logica,Logica,simulare,Simulare,subiect,2016-simulare-subiect.pdf,bac/2016/logica/simulare/2016-simulare-subiect.pdf,40238,a09a0e21388de9ac90fa78e70aac2fd239cc728eb054510f0fe0d70404bc3413
2016,matematica,Matematica,sesiune-speciala,Sesiunea speciala,barem,2016-speciala-mate-info-barem.pdf,bac/2016/matematica/sesiune-speciala/2016-speciala-mate-info-barem.pdf,66416,72e4a2ba816c2f5a7fdd0571086104efd07c56535a2e221f99a4ab69e4cf46dc
2016,matematica,Matematica,sesiune-speciala,Sesiunea speciala,subiect,2016-speciala-mate-info-subiect.pdf,bac/2016/matematica/sesiune-speciala/2016-speciala-mate-info-subiect.pdf,56929,4386d44caadaaea7b296239adc62506be768c9460c778b2846055d5075aea70e
2016,matematica,Matematica,sesiune-speciala,Sesiunea speciala,barem,2016-speciala-stiinte-naturii-barem.pdf,bac/2016/matematica/sesiune-speciala/2016-speciala-stiinte-naturii-barem.pdf,63834,aa1c138b72ad7f0e0b97062d7a33f7635c0fb983e010d99359e37652c4365fad
2016,matematica,Matematica,sesiune-speciala,Sesiunea speciala,subiect,2016-speciala-stiinte-naturii-subiect.pdf,bac/2016/matematica/sesiune-speciala/2016-speciala-stiinte-naturii-subiect.pdf,56988,dcec4270eefe032b00e25896b7599432757719485f63790368e26f2e0bba506e
2016,matematica,Matematica,sesiune-speciala,Sesiunea speciala,barem,2016-speciala-tehnologic-barem.pdf,bac/2016/matematica/sesiune-speciala/2016-speciala-tehnologic-barem.pdf,60591,8013517dd62b7e6c666a03e3b85395737ad94566d9a18cb2260e6acfdbefa1a4
2016,matematica,Matematica,sesiune-speciala,Sesiunea speciala,subiect,2016-speciala-tehnologic-subiect.pdf,bac/2016/matematica/sesiune-speciala/2016-speciala-tehnologic-subiect.pdf,55054,90b5dbd6b5aee66e3b926073be5716bc6a0fdabd36beb9fac6084afbf7bf1b2b
2016,matematica,Matematica,simulare,Simulare,barem,2016-simulare-mate-info-barem.pdf,bac/2016/matematica/simulare/2016-simulare-mate-info-barem.pdf,67388,391629b41668d49abb11bb523ae8b8ccd54384e7bf57b5f3dbddd74bfb19ceb2
2016,matematica,Matematica,simulare,Simulare,subiect,2016-simulare-mate-info-subiect.pdf,bac/2016/matematica/simulare/2016-simulare-mate-info-subiect.pdf,59939,eaf939f57c390b802e8dc459eb6579f4484dc8f0dc171cea5da951c9c33adf8f
2016,matematica,Matematica,simulare,Simulare,barem,2016-simulare-stiinte-naturii-barem.pdf,bac/2016/matematica/simulare/2016-simulare-stiinte-naturii-barem.pdf,70132,5276ba90dda6845c0c4c643205f8a7d6866d61c2369753be0f7f67c6f6a49d19
2016,matematica,Matematica,simulare,Simulare,subiect,2016-simulare-stiinte-naturii-subiect.pdf,bac/2016/matematica/simulare/2016-simulare-stiinte-naturii-subiect.pdf,58677,b3b0d79347bf64b7a13a8b7c45ad2dcd604498c7f11ccb4a4e0029e95188ac4f
2016,psihologie,Psihologie,sesiune-speciala,Sesiunea speciala,barem,2016-speciala-barem.pdf,bac/2016/psihologie/sesiune-speciala/2016-speciala-barem.pdf,44286,83ea78c82df1256b5ee0a2bac8225d74d7018a3d4fd11f42e66c4ebdb5fd1bb8
2016,psihologie,Psihologie,sesiune-speciala,Sesiunea speciala,subiect,2016-speciala-subiect.pdf,bac/2016/psihologie/sesiune-speciala/2016-speciala-subiect.pdf,54094,e0ab98c345c4156eeaeaafebaaa424cd0660922ad8de2f707c6953896ab72c68
2016,psihologie,Psihologie,simulare,Simulare,barem,2016-simulare-barem.pdf,bac/2016/psihologie/simulare/2016-simulare-barem.pdf,44940,db8c201c493c5c2f0a41d949a3ba6a7101f2b338bd10b009db5398208cc69fd1
2016,psihologie,Psihologie,simulare,Simulare,subiect,2016-simulare-subiect.pdf,bac/2016/psihologie/simulare/2016-simulare-subiect.pdf,44410,b3922026fb56e2b105bd30223289f5b3c8e9a7f7f23e578750c871b192f3b7ed
2016,romana,Limba romana,sesiune-speciala,Sesiunea speciala,barem,2016-speciala-real-tehnologic-barem.pdf,bac/2016/romana/sesiune-speciala/2016-speciala-real-tehnologic-barem.pdf,52318,755c5ab515b7455a61c7ace1c7d588b84c4038d920f48e6c53754f4d5941c9ad
2016,romana,Limba romana,sesiune-speciala,Sesiunea speciala,subiect,2016-speciala-real-tehnologic-subiect.pdf,bac/2016/romana/sesiune-speciala/2016-speciala-real-tehnologic-subiect.pdf,52339,18ce3ea956ff809b110990766ccf85c8e613d083af1e4d4c1755380f04925658
2016,romana,Limba romana,sesiune-speciala,Sesiunea speciala,barem,2016-speciala-uman-pedagogic-barem.pdf,bac/2016/romana/sesiune-speciala/2016-speciala-uman-pedagogic-barem.pdf,50996,e04a4ad521a8e13ceb744ea0c0d456f61ca90ae40322dc76c466f927e8f61941
2016,romana,Limba romana,sesiune-speciala,Sesiunea speciala,subiect,2016-speciala-uman-pedagogic-subiect.pdf,bac/2016/romana/sesiune-speciala/2016-speciala-uman-pedagogic-subiect.pdf,52377,6309bef5be80a1204519207177729796435d291f16e92fc7540946c6852f7fcf
2016,romana,Limba romana,simulare,Simulare,barem,2016-simulare-real-tehnologic-barem.pdf,bac/2016/romana/simulare/2016-simulare-real-tehnologic-barem.pdf,52750,47e51d5a510d32e22f172a48154d4fa80819f40b02f4b80b043251032979d47c
2016,romana,Limba romana,simulare,Simulare,subiect,2016-simulare-real-tehnologic-subiect.pdf,bac/2016/romana/simulare/2016-simulare-real-tehnologic-subiect.pdf,114009,ec13eff1e0882f47bb14f0d118ce0765020bb1c4aab48cd1e4edd3049ca47a24
2016,romana,Limba romana,simulare,Simulare,barem,2016-simulare-uman-pedagogic-barem.pdf,bac/2016/romana/simulare/2016-simulare-uman-pedagogic-barem.pdf,58869,238e2d2f407e598918596e5d5c8199f6250c52889163162c1f210cb538d90ca2
2016,romana,Limba romana,simulare,Simulare,subiect,2016-simulare-uman-pedagogic-subiect.pdf,bac/2016/romana/simulare/2016-simulare-uman-pedagogic-subiect.pdf,105786,9b824e11268a8629b509e1234e48f5ab36c7def961706b88995abd8e536ce2d6
2016,sociologie,Sociologie,simulare,Simulare,barem,2016-simulare-barem.pdf,bac/2016/sociologie/simulare/2016-simulare-barem.pdf,32168,5d6a1c4a81cf7902c8cd56e833224f7d86bda7a5ea4fdac12ed6c8e0c1ede042
2016,sociologie,Sociologie,simulare,Simulare,subiect,2016-simulare-subiect.pdf,bac/2016/sociologie/simulare/2016-simulare-subiect.pdf,41747,2082563912d7280eed00c90081557c2750ac28017db4e4bd67c796960d5ddfff
2017,biologie,Biologie,simulare,Simulare,barem,2017-simulare-anatomie-fiziologie-barem.pdf,bac/2017/biologie/simulare/2017-simulare-anatomie-fiziologie-barem.pdf,37006,a48405101e07c623f0715b8f605be8f18378f133435bd4f761dbec5f30b05903
2017,biologie,Biologie,simulare,Simulare,subiect,2017-simulare-anatomie-fiziologie-subiect.pdf,bac/2017/biologie/simulare/2017-simulare-anatomie-fiziologie-subiect.pdf,41012,3b7856e0d7963d7d7c0259c7e31d41e2d28923a0af24c67f10e8aeb4293c1228
2017,biologie,Biologie,simulare,Simulare,barem,2017-simulare-vegetala-animala-barem.pdf,bac/2017/biologie/simulare/2017-simulare-vegetala-animala-barem.pdf,41934,85e2d87f67a97cf88a71e8a49fdded85f390692f0dc9cd552560df476c30809f
2017,biologie,Biologie,simulare,Simulare,subiect,2017-simulare-vegetala-animala-subiect.pdf,bac/2017/biologie/simulare/2017-simulare-vegetala-animala-subiect.pdf,41920,a8d7b6c171615f57035c4f8dd48a0c0f3c9abab7a3b166fb329cbc22b2763255
2017,chimie,Chimie,simulare,Simulare,barem,2017-simulare-anorganica-barem.pdf,bac/2017/chimie/simulare/2017-simulare-anorganica-barem.pdf,32279,728b2917918a623d860637ac5b76a0a8b5a5f6749d9ff9c9fc79c975fae678d7
2017,chimie,Chimie,simulare,Simulare,subiect,2017-simulare-anorganica-subiect.pdf,bac/2017/chimie/simulare/2017-simulare-anorganica-subiect.pdf,50892,c92a454e154c75153f58560027f4d73be0d90c90939c0df23a36a53823795f5a
2017,chimie,Chimie,simulare,Simulare,barem,2017-simulare-organica-barem.pdf,bac/2017/chimie/simulare/2017-simulare-organica-barem.pdf,32079,0a38f6b25252e6c26763fb452d31a2f185f7ed79cdbc298d5c32b5b3506c522e
2017,chimie,Chimie,simulare,Simulare,subiect,2017-simulare-organica-subiect.pdf,bac/2017/chimie/simulare/2017-simulare-organica-subiect.pdf,57507,0a59ff2f45cd4e3e920cb7a1d13210e4064b1634a9986d3b6e24f7bd4dad7879
2017,economie,Economie,simulare,Simulare,barem,2017-simulare-barem.pdf,bac/2017/economie/simulare/2017-simulare-barem.pdf,44719,b8754f636f73c94d2124178090e30270a3beda62aff5184199134810b8bdee90
2017,economie,Economie,simulare,Simulare,subiect,2017-simulare-subiect.pdf,bac/2017/economie/simulare/2017-simulare-subiect.pdf,47146,e565aa058d40abe03b7c1793a75579f91fa64153ee899eb043cf0e9968ae2b5f
2017,filosofie,Filosofie,simulare,Simulare,barem,2017-simulare-barem.pdf,bac/2017/filosofie/simulare/2017-simulare-barem.pdf,30882,52cf768b1c57dfa438a21a933c7daec4dc866a0a1913410f7f19f701fd7aee08
2017,filosofie,Filosofie,simulare,Simulare,subiect,2017-simulare-subiect.pdf,bac/2017/filosofie/simulare/2017-simulare-subiect.pdf,51469,0c33e216b493f1359e758acbb12ea1284ae1e037726794aa766b2b6eb14e3694
2017,fizica,Fizica,simulare,Simulare,barem,2017-simulare-teoretic-vocational-barem.pdf,bac/2017/fizica/simulare/2017-simulare-teoretic-vocational-barem.pdf,59918,4593db29fa20297ee3ae3e8efe76c844bf4a8cf7ab3743ea1a386f661f6189c8
2017,fizica,Fizica,simulare,Simulare,subiect,2017-simulare-teoretic-vocational-subiect.pdf,bac/2017/fizica/simulare/2017-simulare-teoretic-vocational-subiect.pdf,141995,5ae6314d8771247b44e238c4020ce272d9cd670d45a3f4bb0cd042323908edb7
2017,geografie,Geografie,simulare,Simulare,barem,2017-simulare-barem.pdf,bac/2017/geografie/simulare/2017-simulare-barem.pdf,44758,5e4818b69ab07d1ffe8d157cb3857f378d329847bab130acebd5c92e8153d063
2017,geografie,Geografie,simulare,Simulare,subiect,2017-simulare-subiect.pdf,bac/2017/geografie/simulare/2017-simulare-subiect.pdf,163935,0313516901d17e6fd2a5de3ede459887b59129cc24fc4cd3d2934e052c09abcd
2017,informatica,Informatica,simulare,Simulare,barem,2017-simulare-mate-info-barem.pdf,bac/2017/informatica/simulare/2017-simulare-mate-info-barem.pdf,60535,17a9404817ee86db68300832587a43f0a82792c54575da304d7b852d94367c40
2017,informatica,Informatica,simulare,Simulare,subiect,2017-simulare-mate-info-subiect.pdf,bac/2017/informatica/simulare/2017-simulare-mate-info-subiect.pdf,70412,47f75d5e747ceb8b51894751165ffc0385b45c5f09b6b6035de2ab6b348035f3
2017,informatica,Informatica,simulare,Simulare,barem,2017-simulare-stiinte-naturii-barem.pdf,bac/2017/informatica/simulare/2017-simulare-stiinte-naturii-barem.pdf,60312,69aa88d9806e083c4bd7e08cdeaa03a4ef4b388d77a810bb1d4b4e984b65a57d
2017,informatica,Informatica,simulare,Simulare,subiect,2017-simulare-stiinte-naturii-subiect.pdf,bac/2017/informatica/simulare/2017-simulare-stiinte-naturii-subiect.pdf,71580,9eb7376af2c2aadcc2ddc65e9fdf2abf7b0106c4f1bc9f081f1ca4d3973e4444
2017,istorie,Istorie,simulare,Simulare,barem,2017-simulare-barem.pdf,bac/2017/istorie/simulare/2017-simulare-barem.pdf,45690,04afba67622fb4e4e9b246b3c5f8a1219e14015cfe68b89f8d4d0e96dc77a1ec
2017,istorie,Istorie,simulare,Simulare,subiect,2017-simulare-subiect.pdf,bac/2017/istorie/simulare/2017-simulare-subiect.pdf,58924,d98753bfb9c8cf4d377abc609a84c2659f7e5f9e027cce11288f87c42b35dc40
2017,logica,Logica,simulare,Simulare,barem,2017-simulare-barem.pdf,bac/2017/logica/simulare/2017-simulare-barem.pdf,42033,98e353551b01dbafc60fd4d1b548ce407b21db7d963ecb230c3be70847a1b0e9
2017,logica,Logica,simulare,Simulare,subiect,2017-simulare-subiect.pdf,bac/2017/logica/simulare/2017-simulare-subiect.pdf,43788,df494d3ee15a3ea1b85043d2c003074c49ce88712dbc0fd70b986f10c7ff7a17
2017,matematica,Matematica,simulare,Simulare,barem,2017-simulare-mate-info-barem.pdf,bac/2017/matematica/simulare/2017-simulare-mate-info-barem.pdf,73657,6116155b58c6b8ccc63c763972c540b3b79a5a123c39f10c4d6cd6a47f6a9e32
2017,matematica,Matematica,simulare,Simulare,subiect,2017-simulare-mate-info-subiect.pdf,bac/2017/matematica/simulare/2017-simulare-mate-info-subiect.pdf,59894,e9b992a47870ceef19fdbba459b404b5908de04134fe3b41eff1fe9291a6db6a
2017,matematica,Matematica,simulare,Simulare,barem,2017-simulare-stiinte-naturii-barem.pdf,bac/2017/matematica/simulare/2017-simulare-stiinte-naturii-barem.pdf,66715,7bd95aa7b592017c9554f56c240a02ca05c6c51f636d0cd5bc490d45ea958077
2017,matematica,Matematica,simulare,Simulare,subiect,2017-simulare-stiinte-naturii-subiect.pdf,bac/2017/matematica/simulare/2017-simulare-stiinte-naturii-subiect.pdf,56436,d27defe4205d9bfecc4f902c2b7dcfbd4ece91d71f2404f2b28666fa7beee11f
2017,psihologie,Psihologie,simulare,Simulare,barem,2017-simulare-barem.pdf,bac/2017/psihologie/simulare/2017-simulare-barem.pdf,43169,18bbdf004c32f289b1d878d7ca8427cfd4edee846ff8f4c1f615cd6f8fd9747a
2017,psihologie,Psihologie,simulare,Simulare,subiect,2017-simulare-subiect.pdf,bac/2017/psihologie/simulare/2017-simulare-subiect.pdf,52408,220675e5ef63e3842479b28acc04933a8ff6f296c07a69858fd2fb6ef3b4d878
2017,romana,Limba romana,simulare,Simulare,barem,2017-simulare-real-tehnologic-barem.pdf,bac/2017/romana/simulare/2017-simulare-real-tehnologic-barem.pdf,51384,307d8ad3518a3a2c2587afc9970e870195639e94efae37721ed980f8cee15b44
2017,romana,Limba romana,simulare,Simulare,subiect,2017-simulare-real-tehnologic-subiect.pdf,bac/2017/romana/simulare/2017-simulare-real-tehnologic-subiect.pdf,59316,91a9b45b5305073a7e78fd01ec93336bd7a11b4606fb96cc7227b8ce20c980bb
2017,romana,Limba romana,simulare,Simulare,barem,2017-simulare-uman-pedagogic-barem.pdf,bac/2017/romana/simulare/2017-simulare-uman-pedagogic-barem.pdf,50766,904bb2b415c08bd8e7a17294358d8467faeb9fe1a6f2fe998803b4df2914482d
2017,romana,Limba romana,simulare,Simulare,subiect,2017-simulare-uman-pedagogic-subiect.pdf,bac/2017/romana/simulare/2017-simulare-uman-pedagogic-subiect.pdf,49889,04fbb4d9d954783663fa5d1ee2f6fc04a34c0764858ed80068ff20d335b87931
2017,sociologie,Sociologie,simulare,Simulare,barem,2017-simulare-barem.pdf,bac/2017/sociologie/simulare/2017-simulare-barem.pdf,31365,e3f44c5eb15e6494241809a6bb897b4f05d85dfb51110c356e03851072efcb4f
2017,sociologie,Sociologie,simulare,Simulare,subiect,2017-simulare-subiect.pdf,bac/2017/sociologie/simulare/2017-simulare-subiect.pdf,35834,682a6980295c26469c8a42eb16551981cc9f3b3a3f84565c1d8bdc12dcd6210b
2018,biologie,Biologie,simulare,Simulare,barem,2018-simulare-anatomie-fiziologie-barem.pdf,bac/2018/biologie/simulare/2018-simulare-anatomie-fiziologie-barem.pdf,81317,7f3ea84d6b00da74aa7a25d512661294194e1c3568b4117a0c70a1a9fc4d4c7a
2018,biologie,Biologie,simulare,Simulare,subiect,2018-simulare-anatomie-fiziologie-subiect.pdf,bac/2018/biologie/simulare/2018-simulare-anatomie-fiziologie-subiect.pdf,101822,e97c42926baf0b3f6664bcbbbefca22f7e2e74d5c5f92436898caa0e27df131f
2018,biologie,Biologie,simulare,Simulare,barem,2018-simulare-vegetala-animala-barem.pdf,bac/2018/biologie/simulare/2018-simulare-vegetala-animala-barem.pdf,81965,080de140923a3e5ba3f0176fb9ab11a9ce4b22080d3af6ec300edb2493e694d2
2018,biologie,Biologie,simulare,Simulare,subiect,2018-simulare-vegetala-animala-subiect.pdf,bac/2018/biologie/simulare/2018-simulare-vegetala-animala-subiect.pdf,104307,5c972e4f757afeec935e5b380ed3949064eef813b1172c72961bd861f1fa3224
2018,chimie,Chimie,simulare,Simulare,barem,2018-simulare-anorganica-barem.pdf,bac/2018/chimie/simulare/2018-simulare-anorganica-barem.pdf,75952,7d670d634a4e4ed98443e4b13f02b9fbb5a963134cf5462bc049f44e24d02d42
2018,chimie,Chimie,simulare,Simulare,subiect,2018-simulare-anorganica-subiect.pdf,bac/2018/chimie/simulare/2018-simulare-anorganica-subiect.pdf,136128,f4f474542d8457d3b01f34573037947dc3354d801e126df1cb8e1243320228f2
2018,chimie,Chimie,simulare,Simulare,barem,2018-simulare-organica-barem.pdf,bac/2018/chimie/simulare/2018-simulare-organica-barem.pdf,79228,c48ea57f5b91d0939e4fe99b0c167349d914c9b2d6d5f8c49861e56212284440
2018,chimie,Chimie,simulare,Simulare,subiect,2018-simulare-organica-subiect.pdf,bac/2018/chimie/simulare/2018-simulare-organica-subiect.pdf,123050,1abc0d46723b67b204ec8869c97cd3703612a9faaf8ce144557155c81222cac8
2018,economie,Economie,simulare,Simulare,barem,2018-simulare-barem.pdf,bac/2018/economie/simulare/2018-simulare-barem.pdf,71632,d9159b0bfeff500bb23d37e5a36fe2a29172175640921ef60996e411f25a4f2a
2018,economie,Economie,simulare,Simulare,subiect,2018-simulare-subiect.pdf,bac/2018/economie/simulare/2018-simulare-subiect.pdf,126251,c561b502295bd795049baf0286bf15f2193175a0c88d193e6c804203c7fec465
2018,filosofie,Filosofie,simulare,Simulare,barem,2018-simulare-barem.pdf,bac/2018/filosofie/simulare/2018-simulare-barem.pdf,50545,379e89bc37e4f19b7b7c68267ef1c51d3d1f842fade326ef558843c9c3ff4c45
2018,filosofie,Filosofie,simulare,Simulare,subiect,2018-simulare-subiect.pdf,bac/2018/filosofie/simulare/2018-simulare-subiect.pdf,116522,f7dbe03e9bc0fd885a57fce38b7db69bd71f3963132751260c76d970d3c95fba
2018,fizica,Fizica,simulare,Simulare,barem,2018-simulare-tehnologic-barem.pdf,bac/2018/fizica/simulare/2018-simulare-tehnologic-barem.pdf,213587,704b160c0cec7450111e8a8c719a6344551ad3198ca1b87a84277370a306a641
2018,fizica,Fizica,simulare,Simulare,subiect,2018-simulare-tehnologic-subiect.pdf,bac/2018/fizica/simulare/2018-simulare-tehnologic-subiect.pdf,466799,44dfbe07fbe57f4ee925a8cff84dbfab337761d9e570025ae3cf36534bec65e0
2018,fizica,Fizica,simulare,Simulare,barem,2018-simulare-teoretic-vocational-barem.pdf,bac/2018/fizica/simulare/2018-simulare-teoretic-vocational-barem.pdf,236940,c2e0e8c45b58a1b666bb39e863a4e4d73db9879887c2f4fb4a267dc2a7cc7226
2018,fizica,Fizica,simulare,Simulare,subiect,2018-simulare-teoretic-vocational-subiect.pdf,bac/2018/fizica/simulare/2018-simulare-teoretic-vocational-subiect.pdf,486071,4694f31b513d4031996cdda24e258edc94df1f01cee710d14380142ae52d4ae9
2018,geografie,Geografie,simulare,Simulare,barem,2018-simulare-barem.pdf,bac/2018/geografie/simulare/2018-simulare-barem.pdf,94264,1a41ef87395c08624825ce6740a9da439383f7de85103c6ba32e57792e43081c
2018,geografie,Geografie,simulare,Simulare,subiect,2018-simulare-subiect.pdf,bac/2018/geografie/simulare/2018-simulare-subiect.pdf,305789,41ea2d64b4e001510050a07802e461540d8c534dcc63270f1b7cbe51dbdcfaad
2018,informatica,Informatica,simulare,Simulare,barem,2018-simulare-mate-info-barem.pdf,bac/2018/informatica/simulare/2018-simulare-mate-info-barem.pdf,154732,4d6b6865d0d1583c31d8c85a15abc44fab2f1a7d0b7e4e7e6a2840dce3972de0
2018,informatica,Informatica,simulare,Simulare,subiect,2018-simulare-mate-info-subiect.pdf,bac/2018/informatica/simulare/2018-simulare-mate-info-subiect.pdf,205465,c2a68574f2f6a93e44ea9a52177622db7bc8086608fae89314f90d45c80fba61
2018,informatica,Informatica,simulare,Simulare,barem,2018-simulare-stiinte-naturii-barem.pdf,bac/2018/informatica/simulare/2018-simulare-stiinte-naturii-barem.pdf,143159,8000d7358b70eab7b049c102f50af37f9a651ee48b5842fb1f398e690f7803ec
2018,informatica,Informatica,simulare,Simulare,subiect,2018-simulare-stiinte-naturii-subiect.pdf,bac/2018/informatica/simulare/2018-simulare-stiinte-naturii-subiect.pdf,192413,f144455445fd9f35191c79555791a98f3eb5b13cd7a4b038a175171f1b44e4d6
2018,istorie,Istorie,simulare,Simulare,barem,2018-simulare-barem.pdf,bac/2018/istorie/simulare/2018-simulare-barem.pdf,50807,70f2ab36b87c46238720b1ccdbbe194160478cb6527cc22e3332aa9e5c937f76
2018,istorie,Istorie,simulare,Simulare,subiect,2018-simulare-subiect.pdf,bac/2018/istorie/simulare/2018-simulare-subiect.pdf,58234,00b108109cc0adb5c2fdcb911b9da8ccc8a6a3efd0c5b259de7463b95e52af19
2018,logica,Logica,simulare,Simulare,barem,2018-simulare-barem.pdf,bac/2018/logica/simulare/2018-simulare-barem.pdf,93921,1175976259b32dcc74deea6d97f75e9ba573dd186fe1526de82e2ea12f5f136a
2018,logica,Logica,simulare,Simulare,subiect,2018-simulare-subiect.pdf,bac/2018/logica/simulare/2018-simulare-subiect.pdf,133198,073272791ee6b68979b47f2baaf854667a7d7bcb97b0293aca41b7931dbc9e83
2018,matematica,Matematica,simulare,Simulare,barem,2018-simulare-mate-info-barem.pdf,bac/2018/matematica/simulare/2018-simulare-mate-info-barem.pdf,71759,e8342344254a0cfacc43885507c975b9186e34c2f58e8688276a79b5ba8eac75
2018,matematica,Matematica,simulare,Simulare,subiect,2018-simulare-mate-info-subiect.pdf,bac/2018/matematica/simulare/2018-simulare-mate-info-subiect.pdf,59112,4f9e400b4653d429ee2f692f311a8b0c63b40b7800591bdb6cf4c4282c0d0f86
2018,matematica,Matematica,simulare,Simulare,barem,2018-simulare-pedagogic-barem.pdf,bac/2018/matematica/simulare/2018-simulare-pedagogic-barem.pdf,60925,45cc62a742bcbaa9886d85b072cc227eb47591156604a9d02062dd8c75f0e3c4
2018,matematica,Matematica,simulare,Simulare,subiect,2018-simulare-pedagogic-subiect.pdf,bac/2018/matematica/simulare/2018-simulare-pedagogic-subiect.pdf,53130,24fdac807967de746d2f1c06fecb0222e5888b51bfcf59af0bfa1a68a558a910
2018,matematica,Matematica,simulare,Simulare,barem,2018-simulare-stiinte-naturii-barem.pdf,bac/2018/matematica/simulare/2018-simulare-stiinte-naturii-barem.pdf,66758,3c7fcddb77f089e035b9e66ea310b56dff00d6e0eb53076536892974f214eb4c
2018,matematica,Matematica,simulare,Simulare,subiect,2018-simulare-stiinte-naturii-subiect.pdf,bac/2018/matematica/simulare/2018-simulare-stiinte-naturii-subiect.pdf,57075,390d2a9e6010c6450ec23a1e67975a4336ede482052f6045961ba27a3b6891ad
2018,matematica,Matematica,simulare,Simulare,barem,2018-simulare-tehnologic-barem.pdf,bac/2018/matematica/simulare/2018-simulare-tehnologic-barem.pdf,62373,300670aa7105dfd731c926c775424b06d81136c997c9f1939e75497af5a43090
2018,matematica,Matematica,simulare,Simulare,subiect,2018-simulare-tehnologic-subiect.pdf,bac/2018/matematica/simulare/2018-simulare-tehnologic-subiect.pdf,53058,706d844d402f221b6a23f870ce732ba4f86bd6aa6b8245b0d4da74943412024b
2018,psihologie,Psihologie,simulare,Simulare,barem,2018-simulare-barem.pdf,bac/2018/psihologie/simulare/2018-simulare-barem.pdf,69634,d800d56c03dd30daa4493f23c0910679551c70d8bcffded96774cf9325b92987
2018,psihologie,Psihologie,simulare,Simulare,subiect,2018-simulare-subiect.pdf,bac/2018/psihologie/simulare/2018-simulare-subiect.pdf,162021,a1adc5eadcf08d4dbcc7b098184ef8f12fc786c617e5926875280c8a75eb4a85
2018,romana,Limba romana,simulare,Simulare,barem,2018-simulare-real-tehnologic-barem.pdf,bac/2018/romana/simulare/2018-simulare-real-tehnologic-barem.pdf,52044,823bdbdb4e3d383e0e216d3c9798c0f574662715a7d2e6b87eabac343786f99d
2018,romana,Limba romana,simulare,Simulare,subiect,2018-simulare-real-tehnologic-subiect.pdf,bac/2018/romana/simulare/2018-simulare-real-tehnologic-subiect.pdf,150188,a862695292c15917838676c7aed9dfd215ae433f3f27c5dd2df93a2965cdc63d
2018,romana,Limba romana,simulare,Simulare,barem,2018-simulare-uman-pedagogic-barem.pdf,bac/2018/romana/simulare/2018-simulare-uman-pedagogic-barem.pdf,51033,e2037cd040fa45808d2b7b3b830b1b8643eb9624f51e3b895ece2e7af2d1c21e
2018,romana,Limba romana,simulare,Simulare,subiect,2018-simulare-uman-pedagogic-subiect.pdf,bac/2018/romana/simulare/2018-simulare-uman-pedagogic-subiect.pdf,147949,80948002be410190e0b1d94eb6d32781ff05ca6a6b542c7e14a2e111d9c489bd
2018,sociologie,Sociologie,simulare,Simulare,barem,2018-simulare-barem.pdf,bac/2018/sociologie/simulare/2018-simulare-barem.pdf,70879,d97068565f1595182f741971f0c2a4cb75bdfc2e913048d4fe23e2a759448bd7
2018,sociologie,Sociologie,simulare,Simulare,subiect,2018-simulare-subiect.pdf,bac/2018/sociologie/simulare/2018-simulare-subiect.pdf,88103,84319d7afe9d3a4a83305d5dffb397be5798cbdbe3d5b7aa96d5611a86be74c1
2019,biologie,Biologie,rezerva-august,Rezerva august,barem,2019-august-rezerva-anatomie-fiziologie-barem.pdf,bac/2019/biologie/rezerva-august/2019-august-rezerva-anatomie-fiziologie-barem.pdf,84300,3d95ad682f7a7cc5bd842dee766f585285c572e066a4bc7c441f4649295d9fd9
2019,biologie,Biologie,rezerva-august,Rezerva august,subiect,2019-august-rezerva-anatomie-fiziologie-subiect.pdf,bac/2019/biologie/rezerva-august/2019-august-rezerva-anatomie-fiziologie-subiect.pdf,101993,c8dc387d9f8416490f2b0fd2ec981eb9f29c8150a73474d4081034cee137fa8c
2019,biologie,Biologie,sesiune-august,Sesiunea august,barem,2019-august-anatomie-fiziologie-barem.pdf,bac/2019/biologie/sesiune-august/2019-august-anatomie-fiziologie-barem.pdf,84973,882edc331df25c85547435366e7f5db517626b25eed39a507f8c1c7f4d83c1c6
2019,biologie,Biologie,sesiune-august,Sesiunea august,subiect,2019-august-anatomie-fiziologie-subiect.pdf,bac/2019/biologie/sesiune-august/2019-august-anatomie-fiziologie-subiect.pdf,103873,2656f157c562d5bad5199c44b2c88c59b671d4acb3a98423f803eb1131a54132
2019,biologie,Biologie,sesiune-august,Sesiunea august,barem,2019-august-vegetala-animala-barem.pdf,bac/2019/biologie/sesiune-august/2019-august-vegetala-animala-barem.pdf,83082,e7b3d4ee76c1701cfb2b74c1c1e97ac7d36cada70caf826a9eb3149460b525f5
2019,biologie,Biologie,sesiune-august,Sesiunea august,subiect,2019-august-vegetala-animala-subiect.pdf,bac/2019/biologie/sesiune-august/2019-august-vegetala-animala-subiect.pdf,102809,add66a37c97ed392baee4b4c52ee177f9d1c1f568bd8c6c68b6cfcfbb66c7fc1
2019,biologie,Biologie,sesiune-iunie-iulie,Sesiunea iunie-iulie,barem,2019-iunie-iulie-anatomie-fiziologie-barem.pdf,bac/2019/biologie/sesiune-iunie-iulie/2019-iunie-iulie-anatomie-fiziologie-barem.pdf,84122,f7ecd7e06e52e4f7af22f8ae0f519aead2e857b90275e0808a7562f0bb73793c
2019,biologie,Biologie,sesiune-iunie-iulie,Sesiunea iunie-iulie,subiect,2019-iunie-iulie-anatomie-fiziologie-subiect.pdf,bac/2019/biologie/sesiune-iunie-iulie/2019-iunie-iulie-anatomie-fiziologie-subiect.pdf,105322,856f167215677b516bfb5f52ab503f9332dc9ef3aa0b8463d0d502dea23fd1d9
2019,biologie,Biologie,sesiune-iunie-iulie,Sesiunea iunie-iulie,barem,2019-iunie-iulie-vegetala-animala-barem.pdf,bac/2019/biologie/sesiune-iunie-iulie/2019-iunie-iulie-vegetala-animala-barem.pdf,80614,414300ce527da13fd31910909e4f8660b776621c07803c529fd38ba913090704
2019,biologie,Biologie,sesiune-iunie-iulie,Sesiunea iunie-iulie,subiect,2019-iunie-iulie-vegetala-animala-subiect.pdf,bac/2019/biologie/sesiune-iunie-iulie/2019-iunie-iulie-vegetala-animala-subiect.pdf,112683,db2fdb5fde5f8d8b5e06e101cbf250637a45720a477a04ca504e062877a3434f
2019,biologie,Biologie,sesiune-speciala,Sesiunea speciala,barem,2019-speciala-anatomie-fiziologie-barem.pdf,bac/2019/biologie/sesiune-speciala/2019-speciala-anatomie-fiziologie-barem.pdf,80191,676b6c0e18090dd5545a5f4102e8ddbfcbbb05e065c868a6f662a73b19926bd2
2019,biologie,Biologie,sesiune-speciala,Sesiunea speciala,subiect,2019-speciala-anatomie-fiziologie-subiect.pdf,bac/2019/biologie/sesiune-speciala/2019-speciala-anatomie-fiziologie-subiect.pdf,106928,c262b8b7dc2fb9bd8e109a671cb81c1a74a9f4d84ce1b042a105f32d6685a92b
2019,biologie,Biologie,sesiune-speciala,Sesiunea speciala,barem,2019-speciala-vegetala-animala-barem.pdf,bac/2019/biologie/sesiune-speciala/2019-speciala-vegetala-animala-barem.pdf,83737,509346f0f889c0c06228732cc0f01b2335d979e6d3e4f7d8e87440f7f0b3619d
2019,biologie,Biologie,sesiune-speciala,Sesiunea speciala,subiect,2019-speciala-vegetala-animala-subiect.pdf,bac/2019/biologie/sesiune-speciala/2019-speciala-vegetala-animala-subiect.pdf,104967,8a296cbe92bce23a01af944b7b619971830a633e8298c0d467b02d43166dba23
2019,biologie,Biologie,simulare,Simulare,barem,2019-simulare-anatomie-fiziologie-barem.pdf,bac/2019/biologie/simulare/2019-simulare-anatomie-fiziologie-barem.pdf,81138,e114ddedf23d1df9adce8e52d6be46c4188f94844c34b57b07f6048d2fd88a13
2019,biologie,Biologie,simulare,Simulare,subiect,2019-simulare-anatomie-fiziologie-subiect.pdf,bac/2019/biologie/simulare/2019-simulare-anatomie-fiziologie-subiect.pdf,101209,2d1a32a0e16dd7ada0981a96ad96f330ce06acc85e2ed9b049db0d07021db3e5
2019,biologie,Biologie,simulare,Simulare,barem,2019-simulare-vegetala-animala-barem.pdf,bac/2019/biologie/simulare/2019-simulare-vegetala-animala-barem.pdf,80314,dc47d303fe12df277c4b0d69b5e6de6d2296d43a2892522dfb5ea1518434b041
2019,biologie,Biologie,simulare,Simulare,subiect,2019-simulare-vegetala-animala-subiect.pdf,bac/2019/biologie/simulare/2019-simulare-vegetala-animala-subiect.pdf,106406,5013d37a19cef3585a73fc1dee160d4ea38aba439b63faec5cc3eb15b89b257b
2019,chimie,Chimie,sesiune-august,Sesiunea august,barem,2019-august-anorganica-barem.pdf,bac/2019/chimie/sesiune-august/2019-august-anorganica-barem.pdf,89680,72bf9308b6e393d3adbaca4f26ea0342d141bd680ea93eec4abbf835914eebbd
2019,chimie,Chimie,sesiune-august,Sesiunea august,subiect,2019-august-anorganica-subiect.pdf,bac/2019/chimie/sesiune-august/2019-august-anorganica-subiect.pdf,156444,1cc1da80b55f824ddddd3c7cdb02ad297666b0554f4e59b3c81867f308a2174d
2019,chimie,Chimie,sesiune-august,Sesiunea august,barem,2019-august-organica-barem.pdf,bac/2019/chimie/sesiune-august/2019-august-organica-barem.pdf,80938,b7f9dfd93b5b8c6857ba931ebc2d3cc0ccebf331b587d3333fee6a190b32a043
2019,chimie,Chimie,sesiune-august,Sesiunea august,subiect,2019-august-organica-subiect.pdf,bac/2019/chimie/sesiune-august/2019-august-organica-subiect.pdf,146116,c69980626170fd63291757704053a4efcdc1bc4294b7cf4fe644f7c9588bc6ef
2019,chimie,Chimie,sesiune-iunie-iulie,Sesiunea iunie-iulie,barem,2019-iunie-iulie-anorganica-barem.pdf,bac/2019/chimie/sesiune-iunie-iulie/2019-iunie-iulie-anorganica-barem.pdf,82091,63ff0f332e96ca07bb77f457dccb6542253cc1f1a6cae28671031c965ea8c310
2019,chimie,Chimie,sesiune-iunie-iulie,Sesiunea iunie-iulie,subiect,2019-iunie-iulie-anorganica-subiect.pdf,bac/2019/chimie/sesiune-iunie-iulie/2019-iunie-iulie-anorganica-subiect.pdf,154720,2dccec2dc6e933b25353e0fc2db534ecedf7143f6de6e88d8d8ea70258676340
2019,chimie,Chimie,sesiune-iunie-iulie,Sesiunea iunie-iulie,barem,2019-iunie-iulie-organica-barem.pdf,bac/2019/chimie/sesiune-iunie-iulie/2019-iunie-iulie-organica-barem.pdf,84198,dfcd94d3fd020cbeaa8e85edf351b86c67796bdc820454373243ea68a1dc686a
2019,chimie,Chimie,sesiune-iunie-iulie,Sesiunea iunie-iulie,subiect,2019-iunie-iulie-organica-subiect.pdf,bac/2019/chimie/sesiune-iunie-iulie/2019-iunie-iulie-organica-subiect.pdf,131377,81f127e09d6b947d01146e55c7033293736da86e7fdf41943c82b2ee6f42e876
2019,chimie,Chimie,sesiune-speciala,Sesiunea speciala,barem,2019-speciala-anorganica-barem.pdf,bac/2019/chimie/sesiune-speciala/2019-speciala-anorganica-barem.pdf,86529,e2ae0ee48a9514d1109b1d302eba67c117e623798d145107931555066fd9fbc0
2019,chimie,Chimie,sesiune-speciala,Sesiunea speciala,subiect,2019-speciala-anorganica-subiect.pdf,bac/2019/chimie/sesiune-speciala/2019-speciala-anorganica-subiect.pdf,146349,fbf6b274b85e049cd7f62d4c8e832ff2d0736087e1a8c94e90c719101f859a50
2019,chimie,Chimie,sesiune-speciala,Sesiunea speciala,barem,2019-speciala-organica-barem.pdf,bac/2019/chimie/sesiune-speciala/2019-speciala-organica-barem.pdf,66114,90cf97f8f9b6e36946e5c99253909415fc3663d3e1988742ebb804e5277ddab2
2019,chimie,Chimie,sesiune-speciala,Sesiunea speciala,subiect,2019-speciala-organica-subiect.pdf,bac/2019/chimie/sesiune-speciala/2019-speciala-organica-subiect.pdf,142970,dcdf26793e042b2e44f32795458b1243165ea08b702a59cfa896bf5673b6af70
2019,chimie,Chimie,simulare,Simulare,barem,2019-simulare-anorganica-barem.pdf,bac/2019/chimie/simulare/2019-simulare-anorganica-barem.pdf,80486,8ee5bfbbd8df56238206ab83e07bca9050ec0e0350da420f38a820a803b88394
2019,chimie,Chimie,simulare,Simulare,subiect,2019-simulare-anorganica-subiect.pdf,bac/2019/chimie/simulare/2019-simulare-anorganica-subiect.pdf,166103,222e911086dbbaeb119b9d13380fa88d04cea1ac07fe0816cc3cfb79708ce4f8
2019,chimie,Chimie,simulare,Simulare,barem,2019-simulare-organica-barem.pdf,bac/2019/chimie/simulare/2019-simulare-organica-barem.pdf,85456,335a5c042146d20b82ec68ec986254c5787d600d14e230d93e98cad5d29f57a7
2019,chimie,Chimie,simulare,Simulare,subiect,2019-simulare-organica-subiect.pdf,bac/2019/chimie/simulare/2019-simulare-organica-subiect.pdf,146674,71d533ad9bbf03c8450d902516b20182889ae273f8968251838c8a5e46dd3481
2019,economie,Economie,sesiune-august,Sesiunea august,barem,2019-august-barem.pdf,bac/2019/economie/sesiune-august/2019-august-barem.pdf,74099,514ad70a81ed65aae586ecf06862bb106ef05dcca5383487b0a16b7f7029e8a8
2019,economie,Economie,sesiune-august,Sesiunea august,subiect,2019-august-subiect.pdf,bac/2019/economie/sesiune-august/2019-august-subiect.pdf,143706,7af035fc0047d78a54227bcabebb57eed6417991d917473efe0535374e4f1e85
2019,economie,Economie,sesiune-iunie-iulie,Sesiunea iunie-iulie,barem,2019-iunie-iulie-barem.pdf,bac/2019/economie/sesiune-iunie-iulie/2019-iunie-iulie-barem.pdf,70415,eac5d2f413de2f1da8f9627bb62b1f9bb33d57d7e86fdc4a9938f1eed4d2c96e
2019,economie,Economie,sesiune-iunie-iulie,Sesiunea iunie-iulie,subiect,2019-iunie-iulie-subiect.pdf,bac/2019/economie/sesiune-iunie-iulie/2019-iunie-iulie-subiect.pdf,140104,e669d84bfec300a4c2933c6ac12f196651505475945e5c5ce435be737179448f
2019,economie,Economie,sesiune-speciala,Sesiunea speciala,barem,2019-speciala-barem.pdf,bac/2019/economie/sesiune-speciala/2019-speciala-barem.pdf,78212,3b17b91ebe83bf3b6ab94eeef66db1e2bd429d59a872ad8a61044e964104270c
2019,economie,Economie,sesiune-speciala,Sesiunea speciala,subiect,2019-speciala-subiect.pdf,bac/2019/economie/sesiune-speciala/2019-speciala-subiect.pdf,131323,8b30466b98a0ff8783d405056e82165b9e18efa5e7f2e2d26b8b5c91b198eb41
2019,economie,Economie,simulare,Simulare,barem,2019-simulare-barem.pdf,bac/2019/economie/simulare/2019-simulare-barem.pdf,71546,da0e32c2daf349cf8bd88397c39ea3ef41c980374d9bd21630bff8334a74aa1b
2019,economie,Economie,simulare,Simulare,subiect,2019-simulare-subiect.pdf,bac/2019/economie/simulare/2019-simulare-subiect.pdf,139823,d89acd86dc47e8733ed87d05b4561bd7ff3326991ffe41da9be5c5fc2231dd0d
2019,filosofie,Filosofie,sesiune-august,Sesiunea august,barem,2019-august-barem.pdf,bac/2019/filosofie/sesiune-august/2019-august-barem.pdf,49098,4cf85fa30832aaf64056abe7181afa82868dd3f94063f2fbbc585b3dbdee5332
2019,filosofie,Filosofie,sesiune-august,Sesiunea august,subiect,2019-august-subiect.pdf,bac/2019/filosofie/sesiune-august/2019-august-subiect.pdf,123627,c841161d20ac2c6b7d006c81dedbc89b93cf8fb2064c12e663db82973eefafca
2019,filosofie,Filosofie,sesiune-iunie-iulie,Sesiunea iunie-iulie,barem,2019-iunie-iulie-barem.pdf,bac/2019/filosofie/sesiune-iunie-iulie/2019-iunie-iulie-barem.pdf,48517,11fad6c1f84923da616f52e990ec87b95366e56a630b91c80c96bc8898005601
2019,filosofie,Filosofie,sesiune-iunie-iulie,Sesiunea iunie-iulie,subiect,2019-iunie-iulie-subiect.pdf,bac/2019/filosofie/sesiune-iunie-iulie/2019-iunie-iulie-subiect.pdf,113637,2ee06d79e8b2dae9cd1fce6ae8fb860e61aa6b4a3f65c670c9d6b78babe595fe
2019,filosofie,Filosofie,simulare,Simulare,barem,2019-simulare-barem.pdf,bac/2019/filosofie/simulare/2019-simulare-barem.pdf,46770,e263652d2b3ee0f466b4f1a95609b3988d95e7c8e04415d099bab141b5d68d13
2019,filosofie,Filosofie,simulare,Simulare,subiect,2019-simulare-subiect.pdf,bac/2019/filosofie/simulare/2019-simulare-subiect.pdf,144751,7c761b02087fba936d11711523a34d556b7820650c4342e9f401a1d3a504dfdc
2019,fizica,Fizica,rezerva-iunie-iulie,Rezerva iunie-iulie,barem,2019-iunie-iulie-rezerva-tehnologic-barem.pdf,bac/2019/fizica/rezerva-iunie-iulie/2019-iunie-iulie-rezerva-tehnologic-barem.pdf,208135,06ef513245a075bac59608809ee24a62dcca45e30191679703345db4ecf9ba21
2019,fizica,Fizica,rezerva-iunie-iulie,Rezerva iunie-iulie,subiect,2019-iunie-iulie-rezerva-tehnologic-subiect.pdf,bac/2019/fizica/rezerva-iunie-iulie/2019-iunie-iulie-rezerva-tehnologic-subiect.pdf,320931,d5cae3e6a7d353eafab4ae545101113468fbfcef6930017ca0105b6f7609b15d
2019,fizica,Fizica,sesiune-august,Sesiunea august,barem,2019-august-tehnologic-barem.pdf,bac/2019/fizica/sesiune-august/2019-august-tehnologic-barem.pdf,199270,74e4d63cc2559fd9d0b44123f8d2abb72ededa87c9a6c7beb8171df43569cc04
2019,fizica,Fizica,sesiune-august,Sesiunea august,subiect,2019-august-tehnologic-subiect.pdf,bac/2019/fizica/sesiune-august/2019-august-tehnologic-subiect.pdf,384853,4f93864f662dcde77e909d34d0043beeb70aac1b8216c1897ddcefc29033eaaf
2019,fizica,Fizica,sesiune-august,Sesiunea august,barem,2019-august-teoretic-vocational-barem.pdf,bac/2019/fizica/sesiune-august/2019-august-teoretic-vocational-barem.pdf,226077,f319332ee96dc6e810cfa5641f0fe082604ce7fee0d2adc45290225bcef2911e
2019,fizica,Fizica,sesiune-august,Sesiunea august,subiect,2019-august-teoretic-vocational-subiect.pdf,bac/2019/fizica/sesiune-august/2019-august-teoretic-vocational-subiect.pdf,446692,1e4ccbff962c00df051f7341e5b2e26ef182e7f781cf8d555370e4b6ae4dc9d2
2019,fizica,Fizica,sesiune-iunie-iulie,Sesiunea iunie-iulie,barem,2019-iunie-iulie-tehnologic-barem.pdf,bac/2019/fizica/sesiune-iunie-iulie/2019-iunie-iulie-tehnologic-barem.pdf,211300,58077e8fc23f6916e6a08c8476cccccde828b97f3f62d0bed87d5bf6b04ac056
2019,fizica,Fizica,sesiune-iunie-iulie,Sesiunea iunie-iulie,subiect,2019-iunie-iulie-tehnologic-subiect.pdf,bac/2019/fizica/sesiune-iunie-iulie/2019-iunie-iulie-tehnologic-subiect.pdf,290135,c08b3ffd40768519b33f7922bcd9dee47b0de9dd4fe771b8671b3191dc92c6e7
2019,fizica,Fizica,sesiune-iunie-iulie,Sesiunea iunie-iulie,barem,2019-iunie-iulie-teoretic-vocational-barem.pdf,bac/2019/fizica/sesiune-iunie-iulie/2019-iunie-iulie-teoretic-vocational-barem.pdf,234871,51909264349d6639556346773aeb9c6c464bc81cec99613746f009d7f145ecd4
2019,fizica,Fizica,sesiune-iunie-iulie,Sesiunea iunie-iulie,subiect,2019-iunie-iulie-teoretic-vocational-subiect.pdf,bac/2019/fizica/sesiune-iunie-iulie/2019-iunie-iulie-teoretic-vocational-subiect.pdf,342005,b4ec82e12427b6223f0ca66f04796588af509e53369acaff53c19cda8a126250
2019,fizica,Fizica,sesiune-speciala,Sesiunea speciala,barem,2019-speciala-tehnologic-barem.pdf,bac/2019/fizica/sesiune-speciala/2019-speciala-tehnologic-barem.pdf,208924,ffcabf5e8e157ec0a93639fafd5eb4ebf984e42b5ccf5236a5823f165b7f5d41
2019,fizica,Fizica,sesiune-speciala,Sesiunea speciala,subiect,2019-speciala-tehnologic-subiect.pdf,bac/2019/fizica/sesiune-speciala/2019-speciala-tehnologic-subiect.pdf,332115,7b46dd2b714e3d12512591e0ad361343076ca7584649c3b84be905387902f54e
2019,fizica,Fizica,sesiune-speciala,Sesiunea speciala,barem,2019-speciala-teoretic-vocational-barem.pdf,bac/2019/fizica/sesiune-speciala/2019-speciala-teoretic-vocational-barem.pdf,230112,ff266afb7bbfc944f1df73c33ed85cd68d1f9b62bf3a2b632d224c17d3064fc3
2019,fizica,Fizica,sesiune-speciala,Sesiunea speciala,subiect,2019-speciala-teoretic-vocational-subiect.pdf,bac/2019/fizica/sesiune-speciala/2019-speciala-teoretic-vocational-subiect.pdf,343507,b8f481a48ee0b593987cdc18965214ed7b3c3e4075c8aaf319b139fa11d4cf03
2019,fizica,Fizica,simulare,Simulare,barem,2019-simulare-teoretic-vocational-barem.pdf,bac/2019/fizica/simulare/2019-simulare-teoretic-vocational-barem.pdf,249098,4a7c00d8a4a3b149b99d1ea022412014c24687edf7a21d2c9f34d75db3ed501b
2019,fizica,Fizica,simulare,Simulare,subiect,2019-simulare-teoretic-vocational-subiect.pdf,bac/2019/fizica/simulare/2019-simulare-teoretic-vocational-subiect.pdf,447297,4fb53f9a64773d6a0d83d712a9a766d5108baf02f8f530159a3e2e22a149198d
2019,geografie,Geografie,sesiune-august,Sesiunea august,barem,2019-august-barem.pdf,bac/2019/geografie/sesiune-august/2019-august-barem.pdf,98644,b4b2d2b61430fc64cc38aee699e198e390147c126ce795c6c86c4202e26175c6
2019,geografie,Geografie,sesiune-august,Sesiunea august,subiect,2019-august-subiect.pdf,bac/2019/geografie/sesiune-august/2019-august-subiect.pdf,351486,8ab3f5b691b10d129f609a1a377a8e94c5354c1197d25093a221aab056396399
2019,geografie,Geografie,sesiune-iunie-iulie,Sesiunea iunie-iulie,barem,2019-iunie-iulie-barem.pdf,bac/2019/geografie/sesiune-iunie-iulie/2019-iunie-iulie-barem.pdf,95819,f1b57450adbae3da4d900a4e8c914c86c038479c23305bfa15ea7e6ff3be600e
2019,geografie,Geografie,sesiune-iunie-iulie,Sesiunea iunie-iulie,subiect,2019-iunie-iulie-subiect.pdf,bac/2019/geografie/sesiune-iunie-iulie/2019-iunie-iulie-subiect.pdf,329849,22ad77c536aa93efa57e2f00ee090cd273fd4b2a8b2c2b017fb110c822a31d54
2019,geografie,Geografie,sesiune-speciala,Sesiunea speciala,barem,2019-speciala-barem.pdf,bac/2019/geografie/sesiune-speciala/2019-speciala-barem.pdf,92584,be56eff162e6cc5a06902626cca6556d0240cfdb06598a924c2c21ad26bc2d63
2019,geografie,Geografie,sesiune-speciala,Sesiunea speciala,subiect,2019-speciala-subiect.pdf,bac/2019/geografie/sesiune-speciala/2019-speciala-subiect.pdf,323384,5470dca09c9ee6b15c7ba0e09fb0ff881ddcc3e797a1618e00f2f70ec2c6261f
2019,geografie,Geografie,simulare,Simulare,barem,2019-simulare-barem.pdf,bac/2019/geografie/simulare/2019-simulare-barem.pdf,104589,fbc6551aa168e365d7a13b27d036dbdce939181f6cc524407c30c6f4f0c92fe6
2019,geografie,Geografie,simulare,Simulare,subiect,2019-simulare-subiect.pdf,bac/2019/geografie/simulare/2019-simulare-subiect.pdf,385661,51d01097e0a39023734be33b00c53ed631591eca22dbae57b6e1a8159e0f40e9
2019,informatica,Informatica,rezerva-iunie-iulie,Rezerva iunie-iulie,barem,2019-iunie-iulie-rezerva-mate-info-barem.pdf,bac/2019/informatica/rezerva-iunie-iulie/2019-iunie-iulie-rezerva-mate-info-barem.pdf,128793,c735657925e7f6527bd631b05855ccc08a394e3190c8c01a23bba88cdb8beac2
2019,informatica,Informatica,rezerva-iunie-iulie,Rezerva iunie-iulie,subiect,2019-iunie-iulie-rezerva-mate-info-subiect.pdf,bac/2019/informatica/rezerva-iunie-iulie/2019-iunie-iulie-rezerva-mate-info-subiect.pdf,155747,2a0efa5dba7549e7add71fbf9cb8666e444940dcf77b594c1dc2d4f88b765e1d
2019,informatica,Informatica,sesiune-august,Sesiunea august,barem,2019-august-mate-info-barem.pdf,bac/2019/informatica/sesiune-august/2019-august-mate-info-barem.pdf,123359,2eaa459a68b3b8671fe00b519e3b7c10cbf31f65a830acbc4411dd6015db5819
2019,informatica,Informatica,sesiune-august,Sesiunea august,subiect,2019-august-mate-info-subiect.pdf,bac/2019/informatica/sesiune-august/2019-august-mate-info-subiect.pdf,139378,5d3dec9da60ddce2e9a61c20f15252c8126a46681529ef7fbe65e1896203b102
2019,informatica,Informatica,sesiune-august,Sesiunea august,barem,2019-august-stiinte-naturii-barem.pdf,bac/2019/informatica/sesiune-august/2019-august-stiinte-naturii-barem.pdf,119653,55a439db0067f94507a7a7e74123f6555e321c845cc22a1692bff75fddfccb13
2019,informatica,Informatica,sesiune-august,Sesiunea august,subiect,2019-august-stiinte-naturii-subiect.pdf,bac/2019/informatica/sesiune-august/2019-august-stiinte-naturii-subiect.pdf,122379,9e87b6d108f625dcfe2ad63f8b69048a384cc6cc2f5008d1ce3a6fffadc35c01
2019,informatica,Informatica,sesiune-iunie-iulie,Sesiunea iunie-iulie,barem,2019-iunie-iulie-mate-info-barem.pdf,bac/2019/informatica/sesiune-iunie-iulie/2019-iunie-iulie-mate-info-barem.pdf,124663,ccdd47f0eca9dde25438408a812a57c81c688bd653f6b177cc0095676b59f70e
2019,informatica,Informatica,sesiune-iunie-iulie,Sesiunea iunie-iulie,subiect,2019-iunie-iulie-mate-info-subiect.pdf,bac/2019/informatica/sesiune-iunie-iulie/2019-iunie-iulie-mate-info-subiect.pdf,274688,eb9dc53afd5f1f80f9b26981f2fce51413c0121a0daac05565a0d910c4e3113c
2019,informatica,Informatica,sesiune-iunie-iulie,Sesiunea iunie-iulie,barem,2019-iunie-iulie-stiinte-naturii-barem.pdf,bac/2019/informatica/sesiune-iunie-iulie/2019-iunie-iulie-stiinte-naturii-barem.pdf,115873,58665c8fedc39c3f4f7816f924b3dcc53d4e6acb7c64cd2bfe04652b0b0867c5
2019,informatica,Informatica,sesiune-iunie-iulie,Sesiunea iunie-iulie,subiect,2019-iunie-iulie-stiinte-naturii-subiect.pdf,bac/2019/informatica/sesiune-iunie-iulie/2019-iunie-iulie-stiinte-naturii-subiect.pdf,131735,1c1553c6bedcce608c8d431c40d63e93323a7c5ddc74536b63855f3c652c167e
2019,informatica,Informatica,sesiune-speciala,Sesiunea speciala,barem,2019-speciala-mate-info-barem.pdf,bac/2019/informatica/sesiune-speciala/2019-speciala-mate-info-barem.pdf,125252,99d61848e008ae71f581b1c09f63e255da6870326f07009c097fb3f7a15d41d5
2019,informatica,Informatica,sesiune-speciala,Sesiunea speciala,subiect,2019-speciala-mate-info-subiect.pdf,bac/2019/informatica/sesiune-speciala/2019-speciala-mate-info-subiect.pdf,144074,627fd4cecdae28cf855625bb7d382960980b6bcb174adbcf59fac1a16fbdaaa8
2019,informatica,Informatica,sesiune-speciala,Sesiunea speciala,barem,2019-speciala-stiinte-naturii-barem.pdf,bac/2019/informatica/sesiune-speciala/2019-speciala-stiinte-naturii-barem.pdf,118570,adae1df9e27ea17e2479cc5db7aae4d9db76048fe06f2b71fc87180ea0d3abcf
2019,informatica,Informatica,sesiune-speciala,Sesiunea speciala,subiect,2019-speciala-stiinte-naturii-subiect.pdf,bac/2019/informatica/sesiune-speciala/2019-speciala-stiinte-naturii-subiect.pdf,134769,6bc4b808e87c4a83afa9fbccd55904b25af038fcda5593e82b86544b4590c5f3
2019,informatica,Informatica,simulare,Simulare,barem,2019-simulare-mate-info-barem.pdf,bac/2019/informatica/simulare/2019-simulare-mate-info-barem.pdf,131803,615d34ccccc009117a800fc3e6119e0004cbdc3cbed52ed9a4466946d1af199c
2019,informatica,Informatica,simulare,Simulare,subiect,2019-simulare-mate-info-subiect.pdf,bac/2019/informatica/simulare/2019-simulare-mate-info-subiect.pdf,114476,7f3ab4693ad1b1109df80c8ee265ccab848b167edfc470c590444cf4d7ead305
2019,informatica,Informatica,simulare,Simulare,barem,2019-simulare-stiinte-naturii-barem.pdf,bac/2019/informatica/simulare/2019-simulare-stiinte-naturii-barem.pdf,119767,a38fc586ea00b16476b4744d035e9e674300f15760977daf7b869fb86af33efa
2019,informatica,Informatica,simulare,Simulare,subiect,2019-simulare-stiinte-naturii-subiect.pdf,bac/2019/informatica/simulare/2019-simulare-stiinte-naturii-subiect.pdf,113882,a93bf545269c30b3b822ddf4cead6b570f263a4ed5623645fe82ab5c117221b4
2019,istorie,Istorie,sesiune-august,Sesiunea august,barem,2019-august-barem.pdf,bac/2019/istorie/sesiune-august/2019-august-barem.pdf,153634,f84fc838306e6a34f2db57553e52ade586c344cdb177dafd58b06218738fdf4b
2019,istorie,Istorie,sesiune-august,Sesiunea august,subiect,2019-august-subiect.pdf,bac/2019/istorie/sesiune-august/2019-august-subiect.pdf,142735,7e6f8069c84db4eb6cb147ab51d050dbf783e3214ce693d7eb65253da92349f4
2019,istorie,Istorie,sesiune-iunie-iulie,Sesiunea iunie-iulie,barem,2019-iunie-iulie-barem.pdf,bac/2019/istorie/sesiune-iunie-iulie/2019-iunie-iulie-barem.pdf,153405,845f0c05cd0b6a5125d957c94cf601375d5ef62784c9b734166983346a9c3a9a
2019,istorie,Istorie,sesiune-iunie-iulie,Sesiunea iunie-iulie,subiect,2019-iunie-iulie-subiect.pdf,bac/2019/istorie/sesiune-iunie-iulie/2019-iunie-iulie-subiect.pdf,149167,fdb603a4e20220c5a3ae10071fba59b04c5288cc9837785210c148fe64cffac4
2019,istorie,Istorie,sesiune-speciala,Sesiunea speciala,barem,2019-speciala-barem.pdf,bac/2019/istorie/sesiune-speciala/2019-speciala-barem.pdf,147366,b22075627de682be1ddaeffbe92b0e689c1719ebf050ea194f9a1e19ae2402fd
2019,istorie,Istorie,sesiune-speciala,Sesiunea speciala,subiect,2019-speciala-subiect.pdf,bac/2019/istorie/sesiune-speciala/2019-speciala-subiect.pdf,97881,98e7b943c53305d6e023c9f7e10447c5810ab1fc4d8dcd84e1c92c5d38e4f34f
2019,istorie,Istorie,simulare,Simulare,barem,2019-simulare-barem.pdf,bac/2019/istorie/simulare/2019-simulare-barem.pdf,147541,c3a8a78070dc9b4db9082a57688995b959c2ddb82efbb053fd91388d504db70f
2019,istorie,Istorie,simulare,Simulare,subiect,2019-simulare-subiect.pdf,bac/2019/istorie/simulare/2019-simulare-subiect.pdf,143572,2a29bc986935a1ecf50365a3d68768f61025851f1abc137c3fc3c6b6b065479e
2019,logica,Logica,rezerva-iunie-iulie,Rezerva iunie-iulie,barem,2019-iunie-iulie-rezerva-barem.pdf,bac/2019/logica/rezerva-iunie-iulie/2019-iunie-iulie-rezerva-barem.pdf,90183,14a9c827a202154df0ba0617d90a8deb7ebf72ff4962b2991ba0f0936a13eb6a
2019,logica,Logica,rezerva-iunie-iulie,Rezerva iunie-iulie,subiect,2019-iunie-iulie-rezerva-subiect.pdf,bac/2019/logica/rezerva-iunie-iulie/2019-iunie-iulie-rezerva-subiect.pdf,131121,6f13eb21897ec6a67b5f067f30982dfa57e80bfffad27be25c10c3dc840788d4
2019,logica,Logica,sesiune-august,Sesiunea august,barem,2019-august-barem.pdf,bac/2019/logica/sesiune-august/2019-august-barem.pdf,85036,854b9ba991e58968ee54c02af1241018fcc79664cbfabb1d9f663b53571d4bb6
2019,logica,Logica,sesiune-august,Sesiunea august,subiect,2019-august-subiect.pdf,bac/2019/logica/sesiune-august/2019-august-subiect.pdf,134849,c33d8d9a5a1af8e4dfcc4065b90bfedb47b199053df92c575be11a0da56b7621
2019,logica,Logica,sesiune-iunie-iulie,Sesiunea iunie-iulie,barem,2019-iunie-iulie-barem.pdf,bac/2019/logica/sesiune-iunie-iulie/2019-iunie-iulie-barem.pdf,85691,69f23051f8a7869d8745a9f6e7d3137dc4720231ce07e7fb8cc63ae855db3ed6
2019,logica,Logica,sesiune-iunie-iulie,Sesiunea iunie-iulie,subiect,2019-iunie-iulie-subiect.pdf,bac/2019/logica/sesiune-iunie-iulie/2019-iunie-iulie-subiect.pdf,132658,2d39395ea8f97104caf20f460d507ab92333a4aa1c31e4abf126e460ff10c413
2019,logica,Logica,sesiune-speciala,Sesiunea speciala,barem,2019-speciala-barem.pdf,bac/2019/logica/sesiune-speciala/2019-speciala-barem.pdf,84997,267bdbe5db6b31c3cf0a6348f130e5aa60f4057872855d87e95307a354b1e1b9
2019,logica,Logica,sesiune-speciala,Sesiunea speciala,subiect,2019-speciala-subiect.pdf,bac/2019/logica/sesiune-speciala/2019-speciala-subiect.pdf,135573,595864594a023b83a2d6e4517ce2fb17630c0ddec39e90578d96677480d09d82
2019,logica,Logica,simulare,Simulare,barem,2019-simulare-barem.pdf,bac/2019/logica/simulare/2019-simulare-barem.pdf,85058,17fa9a688e7cde58130557f5b392d4367ddb158babf687c5a155cc7b5ba191b1
2019,logica,Logica,simulare,Simulare,subiect,2019-simulare-subiect.pdf,bac/2019/logica/simulare/2019-simulare-subiect.pdf,138671,e6fb6f146a81c1fd8bfe7cdbb077bae494ef61a307a62fac769b0881ba2e43bf
2019,matematica,Matematica,rezerva-august,Rezerva august,barem,2019-august-rezerva-tehnologic-barem.pdf,bac/2019/matematica/rezerva-august/2019-august-rezerva-tehnologic-barem.pdf,149367,5107d95883ba7e3ffa9d85ff7b2c7a9bead78e25242e2a65b9d5c7ec9f7b50e2
2019,matematica,Matematica,rezerva-august,Rezerva august,subiect,2019-august-rezerva-tehnologic-subiect.pdf,bac/2019/matematica/rezerva-august/2019-august-rezerva-tehnologic-subiect.pdf,109562,73d2495338d83f3c4d799c1aefba72c042ba2a3b73d779e76a5565a81a22e24e
2019,matematica,Matematica,rezerva-iunie-iulie,Rezerva iunie-iulie,barem,2019-iunie-iulie-rezerva-mate-info-barem.pdf,bac/2019/matematica/rezerva-iunie-iulie/2019-iunie-iulie-rezerva-mate-info-barem.pdf,162147,9f6a713fd4eff7963dec0c50c035c349f1fc339ca692fd337f0af54c4f8bc7bb
2019,matematica,Matematica,rezerva-iunie-iulie,Rezerva iunie-iulie,subiect,2019-iunie-iulie-rezerva-mate-info-subiect.pdf,bac/2019/matematica/rezerva-iunie-iulie/2019-iunie-iulie-rezerva-mate-info-subiect.pdf,128360,0d51ba7dd5ec46ebfea1c441215f51a93efc705a56417158de21cc98f67f65b2
2019,matematica,Matematica,sesiune-august,Sesiunea august,barem,2019-august-mate-info-barem.pdf,bac/2019/matematica/sesiune-august/2019-august-mate-info-barem.pdf,155530,87be65a535e4b11a9c652b0e7f82b2b0538b735647e938d15d4a5a4409bdb4c6
2019,matematica,Matematica,sesiune-august,Sesiunea august,subiect,2019-august-mate-info-subiect.pdf,bac/2019/matematica/sesiune-august/2019-august-mate-info-subiect.pdf,124925,40c1a595af58739241cece5f5ade9c09c7d9d2c0164283e45a5abc21c943fbf5
2019,matematica,Matematica,sesiune-august,Sesiunea august,barem,2019-august-pedagogic-barem.pdf,bac/2019/matematica/sesiune-august/2019-august-pedagogic-barem.pdf,141978,61b4039c32cc5401d9e7c34dc23eb6e4f8a7c8311ce3491f534daa7b50eee80c
2019,matematica,Matematica,sesiune-august,Sesiunea august,subiect,2019-august-pedagogic-subiect.pdf,bac/2019/matematica/sesiune-august/2019-august-pedagogic-subiect.pdf,109419,1ce315b500ae93193b132a33ca7f38c5b5538484555eaebac3bc46b8ff390b90
2019,matematica,Matematica,sesiune-august,Sesiunea august,barem,2019-august-stiinte-naturii-barem.pdf,bac/2019/matematica/sesiune-august/2019-august-stiinte-naturii-barem.pdf,147972,c713ddfa84c86142870b2fbfa05d9549762375197c8f497b801a0052d3ba6569
2019,matematica,Matematica,sesiune-august,Sesiunea august,subiect,2019-august-stiinte-naturii-subiect.pdf,bac/2019/matematica/sesiune-august/2019-august-stiinte-naturii-subiect.pdf,111443,ed5df341bbd3ed61015fdcf42d1784f2c04184daaad77058bdd511b1b836ef67
2019,matematica,Matematica,sesiune-august,Sesiunea august,barem,2019-august-tehnologic-barem.pdf,bac/2019/matematica/sesiune-august/2019-august-tehnologic-barem.pdf,153133,aecaf94437a958bc88ecf6fc8edf409e33efcf517f9edc9d093ea3a21c4eb34e
2019,matematica,Matematica,sesiune-august,Sesiunea august,subiect,2019-august-tehnologic-subiect.pdf,bac/2019/matematica/sesiune-august/2019-august-tehnologic-subiect.pdf,107242,873e684b5eccc01b77fac3028eaf14bf4fe2a6ee992a3d3d3daf8d89cb5be9ea
2019,matematica,Matematica,sesiune-iunie-iulie,Sesiunea iunie-iulie,barem,2019-iunie-iulie-mate-info-barem.pdf,bac/2019/matematica/sesiune-iunie-iulie/2019-iunie-iulie-mate-info-barem.pdf,157905,ee0e5131e44cadb0a601b00de5f55554661ec8b7d6d65444569866d4a49c452c
2019,matematica,Matematica,sesiune-iunie-iulie,Sesiunea iunie-iulie,subiect,2019-iunie-iulie-mate-info-subiect.pdf,bac/2019/matematica/sesiune-iunie-iulie/2019-iunie-iulie-mate-info-subiect.pdf,127157,cd61bdc5cef1756843a3d8fa6236c3614f80d587893ec7391e25085cf659b3b7
2019,matematica,Matematica,sesiune-iunie-iulie,Sesiunea iunie-iulie,barem,2019-iunie-iulie-pedagogic-barem.pdf,bac/2019/matematica/sesiune-iunie-iulie/2019-iunie-iulie-pedagogic-barem.pdf,127004,941dd6c140b9d19dcd9e9fcc19d36219bd66b754dabe7f9a76bb3a3c335b75a5
2019,matematica,Matematica,sesiune-iunie-iulie,Sesiunea iunie-iulie,subiect,2019-iunie-iulie-pedagogic-subiect.pdf,bac/2019/matematica/sesiune-iunie-iulie/2019-iunie-iulie-pedagogic-subiect.pdf,108574,5dcd1e4781dec2d7ad9db29769bd5a172b1a54e5b7b4a1f5f54cd6c1bacb07bd
2019,matematica,Matematica,sesiune-iunie-iulie,Sesiunea iunie-iulie,barem,2019-iunie-iulie-stiinte-naturii-barem.pdf,bac/2019/matematica/sesiune-iunie-iulie/2019-iunie-iulie-stiinte-naturii-barem.pdf,158281,bf5a509718461a7b644ca6145783e44fe5dfe8706023bdd568360de1fc9a42ac
2019,matematica,Matematica,sesiune-iunie-iulie,Sesiunea iunie-iulie,subiect,2019-iunie-iulie-stiinte-naturii-subiect.pdf,bac/2019/matematica/sesiune-iunie-iulie/2019-iunie-iulie-stiinte-naturii-subiect.pdf,121382,5efc8212321894c4286bbdd65e7cddff7620945e26cacd1efafcdb4778a8d360
2019,matematica,Matematica,sesiune-iunie-iulie,Sesiunea iunie-iulie,barem,2019-iunie-iulie-tehnologic-barem.pdf,bac/2019/matematica/sesiune-iunie-iulie/2019-iunie-iulie-tehnologic-barem.pdf,149680,0d4e52e12d2f9c41af1e733afa1bc0a82c830d6cae73bb0365de2e245076c596
2019,matematica,Matematica,sesiune-iunie-iulie,Sesiunea iunie-iulie,subiect,2019-iunie-iulie-tehnologic-subiect.pdf,bac/2019/matematica/sesiune-iunie-iulie/2019-iunie-iulie-tehnologic-subiect.pdf,114774,a13e2ab27dde215f67625abf6425c787424c222a0e4d54eeeed360a2f680a647
2019,matematica,Matematica,sesiune-speciala,Sesiunea speciala,barem,2019-speciala-mate-info-barem.pdf,bac/2019/matematica/sesiune-speciala/2019-speciala-mate-info-barem.pdf,153726,504f97d3189c0e1be4a11ebab4378ef62f18b965ce93a5d6540a981ba1a8be10
2019,matematica,Matematica,sesiune-speciala,Sesiunea speciala,subiect,2019-speciala-mate-info-subiect.pdf,bac/2019/matematica/sesiune-speciala/2019-speciala-mate-info-subiect.pdf,123455,20b2dedbb39d096d3f5039aa2ca2714fb63b4e7e5890bc3350a7825960e5f893
2019,matematica,Matematica,sesiune-speciala,Sesiunea speciala,barem,2019-speciala-stiinte-naturii-barem.pdf,bac/2019/matematica/sesiune-speciala/2019-speciala-stiinte-naturii-barem.pdf,154047,f8ffb3c27441b2ec1196fecaae2fe57dfe7e839a4507f878958d977675f44f18
2019,matematica,Matematica,sesiune-speciala,Sesiunea speciala,subiect,2019-speciala-stiinte-naturii-subiect.pdf,bac/2019/matematica/sesiune-speciala/2019-speciala-stiinte-naturii-subiect.pdf,119372,b1b3604f047e130f348d7f8f45cafa6f99349f0f259431e5dcda0470cb7d754c
2019,matematica,Matematica,sesiune-speciala,Sesiunea speciala,barem,2019-speciala-tehnologic-barem.pdf,bac/2019/matematica/sesiune-speciala/2019-speciala-tehnologic-barem.pdf,157738,2fde1064b41ea8e935f21c25d067d98715d36f955df87b61fb0fe90ebef4d891
2019,matematica,Matematica,sesiune-speciala,Sesiunea speciala,subiect,2019-speciala-tehnologic-subiect.pdf,bac/2019/matematica/sesiune-speciala/2019-speciala-tehnologic-subiect.pdf,112365,1eadbbe04cdd604a2e5d10ce1907254262d6d2d5289233e466384c61aa1b5da9
2019,matematica,Matematica,simulare,Simulare,barem,2019-simulare-mate-info-barem.pdf,bac/2019/matematica/simulare/2019-simulare-mate-info-barem.pdf,165100,2fc980d004070cec2a4a325b0f319f062ac49144c3d1282d7482e9e584b24bc1
2019,matematica,Matematica,simulare,Simulare,subiect,2019-simulare-mate-info-subiect.pdf,bac/2019/matematica/simulare/2019-simulare-mate-info-subiect.pdf,120526,e54d414222f5648389274b8695d3fd3deece910dd5b63e90ebd87fca27168a35
2019,matematica,Matematica,simulare,Simulare,barem,2019-simulare-stiinte-naturii-barem.pdf,bac/2019/matematica/simulare/2019-simulare-stiinte-naturii-barem.pdf,161791,7c89b534e10a13ac65c792aca6709eba6a0fc13b983968d0360320fd7cf8bf7f
2019,matematica,Matematica,simulare,Simulare,subiect,2019-simulare-stiinte-naturii-subiect.pdf,bac/2019/matematica/simulare/2019-simulare-stiinte-naturii-subiect.pdf,114096,3f2350ed7994f65621a8707c1439194a454f64ef8b543a86dad67abcdd93e574
2019,psihologie,Psihologie,sesiune-august,Sesiunea august,barem,2019-august-barem.pdf,bac/2019/psihologie/sesiune-august/2019-august-barem.pdf,70753,f152990dc5d1b60ee037d82dcb08ccb635065fc7739e3513785e549257bb73e3
2019,psihologie,Psihologie,sesiune-august,Sesiunea august,subiect,2019-august-subiect.pdf,bac/2019/psihologie/sesiune-august/2019-august-subiect.pdf,151425,9d4764a270eb52f922742a9f549096b01a0bba98546b0375ad4a857619e80ed3
2019,psihologie,Psihologie,sesiune-iunie-iulie,Sesiunea iunie-iulie,barem,2019-iunie-iulie-barem.pdf,bac/2019/psihologie/sesiune-iunie-iulie/2019-iunie-iulie-barem.pdf,70193,fc0d4bb922e1f6000dec9bebf502c964730e43d853b5ccfaf9e517f6c5d2a7e0
2019,psihologie,Psihologie,sesiune-iunie-iulie,Sesiunea iunie-iulie,subiect,2019-iunie-iulie-subiect.pdf,bac/2019/psihologie/sesiune-iunie-iulie/2019-iunie-iulie-subiect.pdf,151625,c153efe31879a00fe6deb2a459c3f43e50d75ac199a50e761b91cce37b124da0
2019,psihologie,Psihologie,simulare,Simulare,barem,2019-simulare-barem.pdf,bac/2019/psihologie/simulare/2019-simulare-barem.pdf,68833,e4ec7b88d8f91446f7ef85329b82dd99e5bac51bf6bc0a50400c01b38795ea35
2019,psihologie,Psihologie,simulare,Simulare,subiect,2019-simulare-subiect.pdf,bac/2019/psihologie/simulare/2019-simulare-subiect.pdf,159038,0fd07de4d41beaeca55bd9a2b9fbd55ff1a4e65be70266cf30ae8d707fe974d3
2019,romana,Limba romana,rezerva-august,Rezerva august,barem,2019-august-rezerva-real-tehnologic-barem.pdf,bac/2019/romana/rezerva-august/2019-august-rezerva-real-tehnologic-barem.pdf,121664,98789f0204d2ee3295488e7023a514965212177cda9417dd9e51021b95212632
2019,romana,Limba romana,rezerva-august,Rezerva august,subiect,2019-august-rezerva-real-tehnologic-subiect.pdf,bac/2019/romana/rezerva-august/2019-august-rezerva-real-tehnologic-subiect.pdf,150417,f2f936223fd97429da1931ca7ae85648bdf2d7fa9ce324935e00c5e706bd9db8
2019,romana,Limba romana,rezerva-august,Rezerva august,barem,2019-august-rezerva-uman-pedagogic-barem.pdf,bac/2019/romana/rezerva-august/2019-august-rezerva-uman-pedagogic-barem.pdf,120400,a20726f1bb172d3ff34cb5f4fff029502a4d4a80c6fa0360189446c3a8f5f958
2019,romana,Limba romana,rezerva-august,Rezerva august,subiect,2019-august-rezerva-uman-pedagogic-subiect.pdf,bac/2019/romana/rezerva-august/2019-august-rezerva-uman-pedagogic-subiect.pdf,148004,dfceb527454790c7d01d2e75bac416e4db3e5bcead499998eeee01f7a7bc18fa
2019,romana,Limba romana,rezerva-iunie-iulie,Rezerva iunie-iulie,barem,2019-iunie-iulie-rezerva-real-tehnologic-barem.pdf,bac/2019/romana/rezerva-iunie-iulie/2019-iunie-iulie-rezerva-real-tehnologic-barem.pdf,122566,3a9a0ed2be5d73b04ad3db1d2db97c10a2aba16ec6c9a72f568fbd5e48730e61
2019,romana,Limba romana,rezerva-iunie-iulie,Rezerva iunie-iulie,subiect,2019-iunie-iulie-rezerva-real-tehnologic-subiect.pdf,bac/2019/romana/rezerva-iunie-iulie/2019-iunie-iulie-rezerva-real-tehnologic-subiect.pdf,153035,d583070463a7e404e428b8264c67502ed88a34f7acb6fe499d07b17f835e85f7
2019,romana,Limba romana,rezerva-iunie-iulie,Rezerva iunie-iulie,barem,2019-iunie-iulie-rezerva-uman-pedagogic-barem.pdf,bac/2019/romana/rezerva-iunie-iulie/2019-iunie-iulie-rezerva-uman-pedagogic-barem.pdf,120678,95a7452b8932bc5ae58fe5976cd3ee59b7d3eba149c4197b620482423a0b104b
2019,romana,Limba romana,rezerva-iunie-iulie,Rezerva iunie-iulie,subiect,2019-iunie-iulie-rezerva-uman-pedagogic-subiect.pdf,bac/2019/romana/rezerva-iunie-iulie/2019-iunie-iulie-rezerva-uman-pedagogic-subiect.pdf,151332,64768ffe046477c5d7a73a461c86d91040d1088045a05a82f38f12f75492c7e5
2019,romana,Limba romana,sesiune-august,Sesiunea august,barem,2019-august-real-tehnologic-barem.pdf,bac/2019/romana/sesiune-august/2019-august-real-tehnologic-barem.pdf,128990,14a38b2f32b8cbbf09d9e38cce9a9e6f6c524cdd97efca08f25f7e084ce7f4a5
2019,romana,Limba romana,sesiune-august,Sesiunea august,subiect,2019-august-real-tehnologic-subiect.pdf,bac/2019/romana/sesiune-august/2019-august-real-tehnologic-subiect.pdf,140399,e1ab7bc18523386507cc9957371a9e97b4e2c02139766b3c58bc46e42e68199a
2019,romana,Limba romana,sesiune-august,Sesiunea august,barem,2019-august-uman-pedagogic-barem.pdf,bac/2019/romana/sesiune-august/2019-august-uman-pedagogic-barem.pdf,124250,393e12a028840993bb5fdd5ea2605467953d29583bfe17dd4257fe4381f2bb6a
2019,romana,Limba romana,sesiune-august,Sesiunea august,subiect,2019-august-uman-pedagogic-subiect.pdf,bac/2019/romana/sesiune-august/2019-august-uman-pedagogic-subiect.pdf,137759,c75c2de9dbec2bd8c9534b9cb5a49cdb0c17685f1af44165d610d56b49550c2c
2019,romana,Limba romana,sesiune-iunie-iulie,Sesiunea iunie-iulie,barem,2019-iunie-iulie-real-tehnologic-barem.pdf,bac/2019/romana/sesiune-iunie-iulie/2019-iunie-iulie-real-tehnologic-barem.pdf,123101,67b91f7783abf5e1943fd74d0fe38d9740429e96bdd9c5ff325d398bd85aefad
2019,romana,Limba romana,sesiune-iunie-iulie,Sesiunea iunie-iulie,subiect,2019-iunie-iulie-real-tehnologic-subiect.pdf,bac/2019/romana/sesiune-iunie-iulie/2019-iunie-iulie-real-tehnologic-subiect.pdf,156615,da6f7bc5d370f82b62e526b8ca121994e37bd677278e148d677e312897f52d2b
2019,romana,Limba romana,sesiune-iunie-iulie,Sesiunea iunie-iulie,barem,2019-iunie-iulie-uman-pedagogic-barem.pdf,bac/2019/romana/sesiune-iunie-iulie/2019-iunie-iulie-uman-pedagogic-barem.pdf,121257,a99f1249c0a41a226fa9a9656a7d0714d96754fca0618b8b1448ae81f5386f1d
2019,romana,Limba romana,sesiune-iunie-iulie,Sesiunea iunie-iulie,subiect,2019-iunie-iulie-uman-pedagogic-subiect.pdf,bac/2019/romana/sesiune-iunie-iulie/2019-iunie-iulie-uman-pedagogic-subiect.pdf,154559,077b704b1c016108a697d1ad4377fe8a4edda3dfefb7b045e65d5d7f162b69da
2019,romana,Limba romana,sesiune-speciala,Sesiunea speciala,barem,2019-speciala-real-tehnologic-barem.pdf,bac/2019/romana/sesiune-speciala/2019-speciala-real-tehnologic-barem.pdf,95058,6c305b9d48b61ec3f0580d0113ef6996e387b6102f99bca020315299a3013686
2019,romana,Limba romana,sesiune-speciala,Sesiunea speciala,subiect,2019-speciala-real-tehnologic-subiect.pdf,bac/2019/romana/sesiune-speciala/2019-speciala-real-tehnologic-subiect.pdf,99677,1b11f281f5ad38896b262c43d286558a12bff31d6e05c523b171bd5ca05b8e3d
2019,romana,Limba romana,sesiune-speciala,Sesiunea speciala,barem,2019-speciala-uman-pedagogic-barem.pdf,bac/2019/romana/sesiune-speciala/2019-speciala-uman-pedagogic-barem.pdf,93081,56e4dd2a261d90907f2074ef2cc6cc823b620d513f87d1b7f010184b3fe26a42
2019,romana,Limba romana,sesiune-speciala,Sesiunea speciala,subiect,2019-speciala-uman-pedagogic-subiect.pdf,bac/2019/romana/sesiune-speciala/2019-speciala-uman-pedagogic-subiect.pdf,98642,308963ad4c070b30091a4c996a3bb2fea16a788282fb24778603ed34febdefd8
2019,romana,Limba romana,simulare,Simulare,barem,2019-simulare-real-tehnologic-barem.pdf,bac/2019/romana/simulare/2019-simulare-real-tehnologic-barem.pdf,126636,c309ad9a11c2add2f76bf610917a90af9650433306717a82400d89f8a3c738c2
2019,romana,Limba romana,simulare,Simulare,subiect,2019-simulare-real-tehnologic-subiect.pdf,bac/2019/romana/simulare/2019-simulare-real-tehnologic-subiect.pdf,149097,6421816fd5f0b6e2e3221202083decbe69477d3b7b45710d745caa60e45592a1
2019,romana,Limba romana,simulare,Simulare,barem,2019-simulare-uman-pedagogic-barem.pdf,bac/2019/romana/simulare/2019-simulare-uman-pedagogic-barem.pdf,124249,b1bb7111d7e4d2d0b5b67a9f7f8a7e6612a4add012b037762c77d4ceb3f9ddb6
2019,romana,Limba romana,simulare,Simulare,subiect,2019-simulare-uman-pedagogic-subiect.pdf,bac/2019/romana/simulare/2019-simulare-uman-pedagogic-subiect.pdf,147834,5ae8d6a102950e4c2e0cc8887dcbadfbc41bf5683512dc75b5a19617225543d3
2019,sociologie,Sociologie,sesiune-august,Sesiunea august,barem,2019-august-barem.pdf,bac/2019/sociologie/sesiune-august/2019-august-barem.pdf,60459,44e10da53a50e69b4b6f81df7d06046b854a754ecfdf9b451816d5aefb1b5595
2019,sociologie,Sociologie,sesiune-august,Sesiunea august,subiect,2019-august-subiect.pdf,bac/2019/sociologie/sesiune-august/2019-august-subiect.pdf,128590,7a5a22ebfb4f2b1c3b38209829f98d4b5f4fddce245d8a31ce86e766d092a923
2019,sociologie,Sociologie,sesiune-iunie-iulie,Sesiunea iunie-iulie,barem,2019-iunie-iulie-barem.pdf,bac/2019/sociologie/sesiune-iunie-iulie/2019-iunie-iulie-barem.pdf,61599,6d9235e5b90af00853f4b25063269379544ddca28fe8321c89c6d9056c0068c3
2019,sociologie,Sociologie,sesiune-iunie-iulie,Sesiunea iunie-iulie,subiect,2019-iunie-iulie-subiect.pdf,bac/2019/sociologie/sesiune-iunie-iulie/2019-iunie-iulie-subiect.pdf,124841,b82e20f0add85d5f334044b7aae6ac84ed78f567023e8e995b8c9e2fdec6c240
2019,sociologie,Sociologie,sesiune-speciala,Sesiunea speciala,barem,2019-speciala-barem.pdf,bac/2019/sociologie/sesiune-speciala/2019-speciala-barem.pdf,55372,2f1af24be6b741ab5a2fb1d73443b03607ad3f3def285337679f96aff15d9e11
2019,sociologie,Sociologie,sesiune-speciala,Sesiunea speciala,subiect,2019-speciala-subiect.pdf,bac/2019/sociologie/sesiune-speciala/2019-speciala-subiect.pdf,126357,f325058acd35426c2ef7e853ea571b3a052ad3be32243daac44770e4e2275921
2019,sociologie,Sociologie,simulare,Simulare,barem,2019-simulare-barem.pdf,bac/2019/sociologie/simulare/2019-simulare-barem.pdf,54309,832e4551b8a5b744adca80fb5216377ffbe4220e028ec5717b36772cb94e102d
2019,sociologie,Sociologie,simulare,Simulare,subiect,2019-simulare-subiect.pdf,bac/2019/sociologie/simulare/2019-simulare-subiect.pdf,117053,5531f4abf6e87db59c95206d33ada75a950597a76c3032682d6a076b9ede4523
2020,biologie,Biologie,sesiune-august,Sesiunea august,barem,2020-august-anatomie-fiziologie-barem.pdf,bac/2020/biologie/sesiune-august/2020-august-anatomie-fiziologie-barem.pdf,81455,0c8957085c5ddc729692d5cf4abcbb563c47c64497a30be40513920d163b1919
2020,biologie,Biologie,sesiune-august,Sesiunea august,subiect,2020-august-anatomie-fiziologie-subiect.pdf,bac/2020/biologie/sesiune-august/2020-august-anatomie-fiziologie-subiect.pdf,101828,1dd67187ce707f11162a16b1d3920a97ca4116bf2043b14bc0459a490015580d
2020,biologie,Biologie,sesiune-august,Sesiunea august,barem,2020-august-vegetala-animala-barem.pdf,bac/2020/biologie/sesiune-august/2020-august-vegetala-animala-barem.pdf,81421,5e0c4cb8f7ab031bc979e53157e1ba27eb06d884612d4de903f4bffa1577143c
2020,biologie,Biologie,sesiune-august,Sesiunea august,subiect,2020-august-vegetala-animala-subiect.pdf,bac/2020/biologie/sesiune-august/2020-august-vegetala-animala-subiect.pdf,112918,b459a0ebcbf5445c3149bd9067e08773329e95c773a622102350ce5a288181d0
2020,biologie,Biologie,sesiune-iunie-iulie,Sesiunea iunie-iulie,barem,2020-iunie-iulie-anatomie-fiziologie-barem.pdf,bac/2020/biologie/sesiune-iunie-iulie/2020-iunie-iulie-anatomie-fiziologie-barem.pdf,86730,1a13f7a1572671fc164f1c29cb560fa4fbaa9a5d67305630e85415f0ba9e3bcd
2020,biologie,Biologie,sesiune-iunie-iulie,Sesiunea iunie-iulie,subiect,2020-iunie-iulie-anatomie-fiziologie-subiect.pdf,bac/2020/biologie/sesiune-iunie-iulie/2020-iunie-iulie-anatomie-fiziologie-subiect.pdf,108227,f4e49029c56459b2ecf8d032cb20ad5bb09a28814bf77fa710554afc53d2e9b6
2020,biologie,Biologie,sesiune-iunie-iulie,Sesiunea iunie-iulie,barem,2020-iunie-iulie-vegetala-animala-barem.pdf,bac/2020/biologie/sesiune-iunie-iulie/2020-iunie-iulie-vegetala-animala-barem.pdf,80693,98af9aa9207ee58b2a1fcb5ad441c2bffeba678ecf6f5011a176d5062693769f
2020,biologie,Biologie,sesiune-iunie-iulie,Sesiunea iunie-iulie,subiect,2020-iunie-iulie-vegetala-animala-subiect.pdf,bac/2020/biologie/sesiune-iunie-iulie/2020-iunie-iulie-vegetala-animala-subiect.pdf,107542,3ae3dfb2c0f978532a4557605a23099d47cfd41e0ad68dbb4d7d5ab2d6d49016
2020,biologie,Biologie,sesiune-speciala,Sesiunea speciala,barem,2020-speciala-anatomie-fiziologie-barem.pdf,bac/2020/biologie/sesiune-speciala/2020-speciala-anatomie-fiziologie-barem.pdf,89629,5c823a062f10565233c6b281aecdb6171a7d42de00be996313c0c52010db733f
2020,biologie,Biologie,sesiune-speciala,Sesiunea speciala,subiect,2020-speciala-anatomie-fiziologie-subiect.pdf,bac/2020/biologie/sesiune-speciala/2020-speciala-anatomie-fiziologie-subiect.pdf,105505,b324dfec57965451bb55b9d8be211728fd5894ca5d899e8fa0c2acde529ed7a0
2020,biologie,Biologie,sesiune-speciala,Sesiunea speciala,barem,2020-speciala-vegetala-animala-barem.pdf,bac/2020/biologie/sesiune-speciala/2020-speciala-vegetala-animala-barem.pdf,84749,a2dd823c66f73d3d2d1d1850b877b7d53892557b0aeb8f6b3816e061a7fc2901
2020,biologie,Biologie,sesiune-speciala,Sesiunea speciala,subiect,2020-speciala-vegetala-animala-subiect.pdf,bac/2020/biologie/sesiune-speciala/2020-speciala-vegetala-animala-subiect.pdf,107668,93ef21679af6693ea1fe23491e979f8792fc3ad39596bacb67e748d62a7e3bc5
2020,biologie,Biologie,teste-antrenament,Test de antrenament 1,barem,2020-antrenament-01-anatomie-fiziologie-barem.pdf,bac/2020/biologie/teste-antrenament/2020-antrenament-01-anatomie-fiziologie-barem.pdf,145437,c6c11693d40f7b28a3ecc024f0fb65d4bdf43fca791aa5a42906939fb454e2a3
2020,biologie,Biologie,teste-antrenament,Test de antrenament 1,subiect,2020-antrenament-01-anatomie-fiziologie-subiect.pdf,bac/2020/biologie/teste-antrenament/2020-antrenament-01-anatomie-fiziologie-subiect.pdf,150013,13b4f35f9f28f62f8c4bd3f7941f938c3be3a4c8eb3986a97d56d01917372dd6
2020,biologie,Biologie,teste-antrenament,Test de antrenament 1,barem,2020-antrenament-01-vegetala-animala-barem.pdf,bac/2020/biologie/teste-antrenament/2020-antrenament-01-vegetala-animala-barem.pdf,158090,8f389b3aec9e7d32d38dbf8b81a08d8b7d28fea7d700daf9a7006fd44244b8d8
2020,biologie,Biologie,teste-antrenament,Test de antrenament 1,subiect,2020-antrenament-01-vegetala-animala-subiect.pdf,bac/2020/biologie/teste-antrenament/2020-antrenament-01-vegetala-animala-subiect.pdf,162534,e39e0ef4fdcd717fbfe3bf592e85e7635e049062e96b292988d546a33b86924c
2020,biologie,Biologie,teste-antrenament,Test de antrenament 2,barem,2020-antrenament-02-anatomie-fiziologie-barem.pdf,bac/2020/biologie/teste-antrenament/2020-antrenament-02-anatomie-fiziologie-barem.pdf,145123,7f602bcdede6c4bf9ccd2fdb6202285578148ff703f07d47d54600d91cb12da0
2020,biologie,Biologie,teste-antrenament,Test de antrenament 2,subiect,2020-antrenament-02-anatomie-fiziologie-subiect.pdf,bac/2020/biologie/teste-antrenament/2020-antrenament-02-anatomie-fiziologie-subiect.pdf,149510,f22b66213050db3698c2bc0c59ec2d295db8db74ed5c33a1f3e90d82aed10c49
2020,biologie,Biologie,teste-antrenament,Test de antrenament 2,barem,2020-antrenament-02-vegetala-animala-barem.pdf,bac/2020/biologie/teste-antrenament/2020-antrenament-02-vegetala-animala-barem.pdf,159156,7f469c813b0dae1e2059e5f9bc64344ac1b48ee72f2e2e8d50052e784d57cdef
2020,biologie,Biologie,teste-antrenament,Test de antrenament 2,subiect,2020-antrenament-02-vegetala-animala-subiect.pdf,bac/2020/biologie/teste-antrenament/2020-antrenament-02-vegetala-animala-subiect.pdf,162948,292c9d327342f45eda20c75ddcd14ce840899f618dfa267bd4226c7b75b38215
2020,biologie,Biologie,teste-antrenament,Test de antrenament 3,barem,2020-antrenament-03-anatomie-fiziologie-barem.pdf,bac/2020/biologie/teste-antrenament/2020-antrenament-03-anatomie-fiziologie-barem.pdf,144909,f44924000f7aae04de447073140168659c1ce3d15084e6b497d2305d735d92be
2020,biologie,Biologie,teste-antrenament,Test de antrenament 3,subiect,2020-antrenament-03-anatomie-fiziologie-subiect.pdf,bac/2020/biologie/teste-antrenament/2020-antrenament-03-anatomie-fiziologie-subiect.pdf,149582,beed33db0d169612dcda5b525a41c243800b4eb2251b39c696d242215a0d58b4
2020,biologie,Biologie,teste-antrenament,Test de antrenament 3,barem,2020-antrenament-03-vegetala-animala-barem.pdf,bac/2020/biologie/teste-antrenament/2020-antrenament-03-vegetala-animala-barem.pdf,158855,c20ed2c957cf75423100522a803826a01cfdc0f088e10067af519f7553984f9c
2020,biologie,Biologie,teste-antrenament,Test de antrenament 3,subiect,2020-antrenament-03-vegetala-animala-subiect.pdf,bac/2020/biologie/teste-antrenament/2020-antrenament-03-vegetala-animala-subiect.pdf,163232,0381f63c80d5c7dc55977acd5f42507652a5e29ee91e2ad542048a6b82e9e3bc
2020,biologie,Biologie,teste-antrenament,Test de antrenament 4,barem,2020-antrenament-04-anatomie-fiziologie-barem.pdf,bac/2020/biologie/teste-antrenament/2020-antrenament-04-anatomie-fiziologie-barem.pdf,145527,12da0162adb16726021ef445ce30a4d32a4fa3675f7f6a93d40b6eb86c56403f
2020,biologie,Biologie,teste-antrenament,Test de antrenament 4,subiect,2020-antrenament-04-anatomie-fiziologie-subiect.pdf,bac/2020/biologie/teste-antrenament/2020-antrenament-04-anatomie-fiziologie-subiect.pdf,149570,34d4156bd8229f213d0c426a481a98aa30399baff86b09f4e541aafbf0af7636
2020,biologie,Biologie,teste-antrenament,Test de antrenament 4,barem,2020-antrenament-04-vegetala-animala-barem.pdf,bac/2020/biologie/teste-antrenament/2020-antrenament-04-vegetala-animala-barem.pdf,159032,d6c4babc24aff384be77c1e84bf359522cd7fc2131dcbc43d0060c37daf6f933
2020,biologie,Biologie,teste-antrenament,Test de antrenament 4,subiect,2020-antrenament-04-vegetala-animala-subiect.pdf,bac/2020/biologie/teste-antrenament/2020-antrenament-04-vegetala-animala-subiect.pdf,162553,34775bf4a45655d1059a92fcafeff5ba56bbe61bedf0715664faf6b190d595c7
2020,biologie,Biologie,teste-antrenament,Test de antrenament 5,barem,2020-antrenament-05-anatomie-fiziologie-barem.pdf,bac/2020/biologie/teste-antrenament/2020-antrenament-05-anatomie-fiziologie-barem.pdf,145611,0ba0839f457c30631610e0252828977a81814a5e91b1335be5e223754cee121d
2020,biologie,Biologie,teste-antrenament,Test de antrenament 5,subiect,2020-antrenament-05-anatomie-fiziologie-subiect.pdf,bac/2020/biologie/teste-antrenament/2020-antrenament-05-anatomie-fiziologie-subiect.pdf,150635,dbf4217aecac5a38a7cf166e781b39963e4dacaf9b9ad2ad50f9c53c2eeb4a67
2020,biologie,Biologie,teste-antrenament,Test de antrenament 5,barem,2020-antrenament-05-vegetala-animala-barem.pdf,bac/2020/biologie/teste-antrenament/2020-antrenament-05-vegetala-animala-barem.pdf,159533,4f8d4db91fc9faa5a04b2c7314dde50180132eb7d424b9ee1d06a2262ce9ceeb
2020,biologie,Biologie,teste-antrenament,Test de antrenament 5,subiect,2020-antrenament-05-vegetala-animala-subiect.pdf,bac/2020/biologie/teste-antrenament/2020-antrenament-05-vegetala-animala-subiect.pdf,152917,9448dce2384e02104038a0b4600bfd7f3a1581d943a7f8993ae7bf124431f724
2020,biologie,Biologie,teste-antrenament,Test de antrenament 6,barem,2020-antrenament-06-anatomie-fiziologie-barem.pdf,bac/2020/biologie/teste-antrenament/2020-antrenament-06-anatomie-fiziologie-barem.pdf,144759,2aa8352f4726cfa728ff7be81048ed77d43a159e856ac5dc2aeaa659b58112ec
2020,biologie,Biologie,teste-antrenament,Test de antrenament 6,subiect,2020-antrenament-06-anatomie-fiziologie-subiect.pdf,bac/2020/biologie/teste-antrenament/2020-antrenament-06-anatomie-fiziologie-subiect.pdf,149537,ed2848022f4ba0aa01f697a459199ca708bd875d95d60a20611f15390f54f1f1
2020,biologie,Biologie,teste-antrenament,Test de antrenament 6,barem,2020-antrenament-06-vegetala-animala-barem.pdf,bac/2020/biologie/teste-antrenament/2020-antrenament-06-vegetala-animala-barem.pdf,159532,9f383401683c2c6010b2fce40dba6c7bd2cc3a72ac824bca2ae911d3bb9d4edd
2020,biologie,Biologie,teste-antrenament,Test de antrenament 6,subiect,2020-antrenament-06-vegetala-animala-subiect.pdf,bac/2020/biologie/teste-antrenament/2020-antrenament-06-vegetala-animala-subiect.pdf,164376,5db592402017f85f692e5e7b70ae721011a2fcb06c509e8d30fdff6132120369
2020,biologie,Biologie,teste-antrenament,Test de antrenament 7,barem,2020-antrenament-07-anatomie-fiziologie-barem.pdf,bac/2020/biologie/teste-antrenament/2020-antrenament-07-anatomie-fiziologie-barem.pdf,146515,660446bab1ebe4469be93d0f226453100bb4e735b403ff1abe84aa88fa9871cd
2020,biologie,Biologie,teste-antrenament,Test de antrenament 7,subiect,2020-antrenament-07-anatomie-fiziologie-subiect.pdf,bac/2020/biologie/teste-antrenament/2020-antrenament-07-anatomie-fiziologie-subiect.pdf,150484,6ed9d4d2f297599ea9f8e0db3030f25d5d4296adfe465a58bbb2310d6eb650ae
2020,biologie,Biologie,teste-antrenament,Test de antrenament 7,barem,2020-antrenament-07-vegetala-animala-barem.pdf,bac/2020/biologie/teste-antrenament/2020-antrenament-07-vegetala-animala-barem.pdf,159217,0a122d5c6dac2687fde6cbab615f20ebf6a262c3e1e3725324a81cae21e488f4
2020,biologie,Biologie,teste-antrenament,Test de antrenament 7,subiect,2020-antrenament-07-vegetala-animala-subiect.pdf,bac/2020/biologie/teste-antrenament/2020-antrenament-07-vegetala-animala-subiect.pdf,163378,49dfa87643592a3e0986b1770c01cd76f446c36e72048c878eecc3bf9a05eebd
2020,biologie,Biologie,teste-antrenament,Test de antrenament 8,barem,2020-antrenament-08-anatomie-fiziologie-barem.pdf,bac/2020/biologie/teste-antrenament/2020-antrenament-08-anatomie-fiziologie-barem.pdf,145600,a63338386087483c60382f1e39a0812786b4d5011c5618432d1d26364893353d
2020,biologie,Biologie,teste-antrenament,Test de antrenament 8,subiect,2020-antrenament-08-anatomie-fiziologie-subiect.pdf,bac/2020/biologie/teste-antrenament/2020-antrenament-08-anatomie-fiziologie-subiect.pdf,150445,54bf0e3f0863e4a8ba29b49f90898185b1a8e51b970273373ac8535b9d4bd296
2020,biologie,Biologie,teste-antrenament,Test de antrenament 8,barem,2020-antrenament-08-vegetala-animala-barem.pdf,bac/2020/biologie/teste-antrenament/2020-antrenament-08-vegetala-animala-barem.pdf,159561,feabc733b1911319e220b28461bdef5e73e1d7b48c96c2c7ddc36890cc9d3af4
2020,biologie,Biologie,teste-antrenament,Test de antrenament 8,subiect,2020-antrenament-08-vegetala-animala-subiect.pdf,bac/2020/biologie/teste-antrenament/2020-antrenament-08-vegetala-animala-subiect.pdf,162960,45c8139706cb85edf9fe465378950ae80ec94c7416e0716a532902bfd26420f3
2020,biologie,Biologie,teste-antrenament,Test de antrenament 9,barem,2020-antrenament-09-anatomie-fiziologie-barem.pdf,bac/2020/biologie/teste-antrenament/2020-antrenament-09-anatomie-fiziologie-barem.pdf,149143,5dbc7cdb24a54b354e49bbcb00f625bdf2df3bb8c64595df0d266b3b63a9f8b6
2020,biologie,Biologie,teste-antrenament,Test de antrenament 9,subiect,2020-antrenament-09-anatomie-fiziologie-subiect.pdf,bac/2020/biologie/teste-antrenament/2020-antrenament-09-anatomie-fiziologie-subiect.pdf,154156,c4d697bb8411fa38e7abf3f06fc4075c647d7bc015772a0173ea9208738ace25
2020,biologie,Biologie,teste-antrenament,Test de antrenament 9,barem,2020-antrenament-09-vegetala-animala-barem.pdf,bac/2020/biologie/teste-antrenament/2020-antrenament-09-vegetala-animala-barem.pdf,159800,e99528cf787c9d9fac47c90470a6c29140e9025be3d1d7221f7a83963984b9e8
2020,biologie,Biologie,teste-antrenament,Test de antrenament 9,subiect,2020-antrenament-09-vegetala-animala-subiect.pdf,bac/2020/biologie/teste-antrenament/2020-antrenament-09-vegetala-animala-subiect.pdf,162911,dbe3d24a175eb75febd0574d7d1e07c96d0a3c58df31d43cc98fe2425c67fdb5
2020,biologie,Biologie,teste-antrenament,Test de antrenament 10,barem,2020-antrenament-10-anatomie-fiziologie-barem.pdf,bac/2020/biologie/teste-antrenament/2020-antrenament-10-anatomie-fiziologie-barem.pdf,146148,bbd619987e08d575c8a5b9aea28caea51bc53d3507680833753f0d611c5feb9b
2020,biologie,Biologie,teste-antrenament,Test de antrenament 10,subiect,2020-antrenament-10-anatomie-fiziologie-subiect.pdf,bac/2020/biologie/teste-antrenament/2020-antrenament-10-anatomie-fiziologie-subiect.pdf,149938,29b6b8322424e101f73076d06a67fb17055d75bdb39d6f55c6319b0502b33373
2020,biologie,Biologie,teste-antrenament,Test de antrenament 10,barem,2020-antrenament-10-vegetala-animala-barem.pdf,bac/2020/biologie/teste-antrenament/2020-antrenament-10-vegetala-animala-barem.pdf,158779,d0e852821e7252cf974bfc99dcfa6f1b9affccd74604f381cfe6d0dd9d815ac0
2020,biologie,Biologie,teste-antrenament,Test de antrenament 10,subiect,2020-antrenament-10-vegetala-animala-subiect.pdf,bac/2020/biologie/teste-antrenament/2020-antrenament-10-vegetala-animala-subiect.pdf,164093,fc581240b6ea1d0eaa506ffc1b8530eec588ec86b42e5e0eab586e524b9f5ed2
2020,biologie,Biologie,teste-antrenament,Test de antrenament 11,barem,2020-antrenament-11-anatomie-fiziologie-barem.pdf,bac/2020/biologie/teste-antrenament/2020-antrenament-11-anatomie-fiziologie-barem.pdf,144881,86bc0dd45a923e11f8eaaf9d0047b9a69df773e414ad77081c2b1ca8403502b7
2020,biologie,Biologie,teste-antrenament,Test de antrenament 11,subiect,2020-antrenament-11-anatomie-fiziologie-subiect.pdf,bac/2020/biologie/teste-antrenament/2020-antrenament-11-anatomie-fiziologie-subiect.pdf,150614,f6d95130f8250f319755d0eeb50796239f7824178297e9a17409c2b1fe6f4554
2020,biologie,Biologie,teste-antrenament,Test de antrenament 11,barem,2020-antrenament-11-vegetala-animala-barem.pdf,bac/2020/biologie/teste-antrenament/2020-antrenament-11-vegetala-animala-barem.pdf,159100,90f5e5a8c9a311a9a01b2613f032d12fb06da6a73e843b1ae9b2e968fd205eb5
2020,biologie,Biologie,teste-antrenament,Test de antrenament 11,subiect,2020-antrenament-11-vegetala-animala-subiect.pdf,bac/2020/biologie/teste-antrenament/2020-antrenament-11-vegetala-animala-subiect.pdf,162957,e76a0fdeac32b32139cae5e4b675526fe68d17a85abef6b41684806c5983536f
2020,biologie,Biologie,teste-antrenament,Test de antrenament 12,barem,2020-antrenament-12-anatomie-fiziologie-barem.pdf,bac/2020/biologie/teste-antrenament/2020-antrenament-12-anatomie-fiziologie-barem.pdf,145635,5b32901ef68a2c7cadbc4f162c0eddd5dbefab2fef92352bbec24727cc0ef0fc
2020,biologie,Biologie,teste-antrenament,Test de antrenament 12,subiect,2020-antrenament-12-anatomie-fiziologie-subiect.pdf,bac/2020/biologie/teste-antrenament/2020-antrenament-12-anatomie-fiziologie-subiect.pdf,171846,cf2a7066cb83739b13d525899a1b62a86d6f7471ba8a8ac56891565e52911b93
2020,biologie,Biologie,teste-antrenament,Test de antrenament 12,barem,2020-antrenament-12-vegetala-animala-barem.pdf,bac/2020/biologie/teste-antrenament/2020-antrenament-12-vegetala-animala-barem.pdf,159314,805674e237ec355e2d3e016bdf0203b62733e4b736e2c675642fd5b603a3f92e
2020,biologie,Biologie,teste-antrenament,Test de antrenament 12,subiect,2020-antrenament-12-vegetala-animala-subiect.pdf,bac/2020/biologie/teste-antrenament/2020-antrenament-12-vegetala-animala-subiect.pdf,162184,255fb8d0324f6e7cb40751553fdcfd7fd9a9779dafd0bcea26d494ada36a29f5
2020,biologie,Biologie,teste-antrenament,Test de antrenament 13,barem,2020-antrenament-13-anatomie-fiziologie-barem.pdf,bac/2020/biologie/teste-antrenament/2020-antrenament-13-anatomie-fiziologie-barem.pdf,144300,04f036e03fd9e7d70dc31ec4d57be929d5787d907ecdfd63cc3813fb4dfc1ada
2020,biologie,Biologie,teste-antrenament,Test de antrenament 13,subiect,2020-antrenament-13-anatomie-fiziologie-subiect.pdf,bac/2020/biologie/teste-antrenament/2020-antrenament-13-anatomie-fiziologie-subiect.pdf,149944,bdc1a9d86762d41a0138c9d9b65e94d0f1ed813919cb3a771dcfd38dd0764b01
2020,biologie,Biologie,teste-antrenament,Test de antrenament 13,barem,2020-antrenament-13-vegetala-animala-barem.pdf,bac/2020/biologie/teste-antrenament/2020-antrenament-13-vegetala-animala-barem.pdf,160106,76ba1422835df0f292869f6685cba00bfb0e572a34175932943072292aa13114
2020,biologie,Biologie,teste-antrenament,Test de antrenament 13,subiect,2020-antrenament-13-vegetala-animala-subiect.pdf,bac/2020/biologie/teste-antrenament/2020-antrenament-13-vegetala-animala-subiect.pdf,164396,03e658c73baeb3445634807731c254004035939c6976bc8708b587ecf914fc76
2020,biologie,Biologie,teste-antrenament,Test de antrenament 14,barem,2020-antrenament-14-anatomie-fiziologie-barem.pdf,bac/2020/biologie/teste-antrenament/2020-antrenament-14-anatomie-fiziologie-barem.pdf,144677,0c0c1fbaf23d900e2874fe4247c40c819bddb07766aba55c34c649d7c6065781
2020,biologie,Biologie,teste-antrenament,Test de antrenament 14,subiect,2020-antrenament-14-anatomie-fiziologie-subiect.pdf,bac/2020/biologie/teste-antrenament/2020-antrenament-14-anatomie-fiziologie-subiect.pdf,150856,ba410c57adaeacece398f27629e78785298d945565512fc291ef880d85bf0463
2020,biologie,Biologie,teste-antrenament,Test de antrenament 14,barem,2020-antrenament-14-vegetala-animala-barem.pdf,bac/2020/biologie/teste-antrenament/2020-antrenament-14-vegetala-animala-barem.pdf,159300,5e26deedbbdae3cc72e62045f180bed478204b024000f133fb0931144937b1f2
2020,biologie,Biologie,teste-antrenament,Test de antrenament 14,subiect,2020-antrenament-14-vegetala-animala-subiect.pdf,bac/2020/biologie/teste-antrenament/2020-antrenament-14-vegetala-animala-subiect.pdf,163410,050d3fe16acbc6eb936b56f9b4bc64f4057366a79a642da56dc67827afc8ecd4
2020,biologie,Biologie,teste-antrenament,Test de antrenament 15,barem,2020-antrenament-15-anatomie-fiziologie-barem.pdf,bac/2020/biologie/teste-antrenament/2020-antrenament-15-anatomie-fiziologie-barem.pdf,145933,87e4e963edf759e3f96223ee84436f6672415f7282b476c6e8ecf5d5bbe7aae7
2020,biologie,Biologie,teste-antrenament,Test de antrenament 15,subiect,2020-antrenament-15-anatomie-fiziologie-subiect.pdf,bac/2020/biologie/teste-antrenament/2020-antrenament-15-anatomie-fiziologie-subiect.pdf,150910,0b4936d4a8eb2735a8652216891e842cfa16c9b55f3a676d77a3432a5e25aa97
2020,biologie,Biologie,teste-antrenament,Test de antrenament 15,barem,2020-antrenament-15-vegetala-animala-barem.pdf,bac/2020/biologie/teste-antrenament/2020-antrenament-15-vegetala-animala-barem.pdf,159388,4bc850b800702df4138795562724c2719dfc15e075dcc2e93b001cb987812980
2020,biologie,Biologie,teste-antrenament,Test de antrenament 15,subiect,2020-antrenament-15-vegetala-animala-subiect.pdf,bac/2020/biologie/teste-antrenament/2020-antrenament-15-vegetala-animala-subiect.pdf,163990,3d0f32b8fc2237c9b44c2e7672adae5b85b55adb7d132b03efd8a608624d990d
2020,biologie,Biologie,teste-antrenament,Test de antrenament 16,barem,2020-antrenament-16-anatomie-fiziologie-barem.pdf,bac/2020/biologie/teste-antrenament/2020-antrenament-16-anatomie-fiziologie-barem.pdf,147854,ffd704879d1db0c374b9fa130a12b51d471048cde1bbfd4a1be5b3d9af42df80
2020,biologie,Biologie,teste-antrenament,Test de antrenament 16,subiect,2020-antrenament-16-anatomie-fiziologie-subiect.pdf,bac/2020/biologie/teste-antrenament/2020-antrenament-16-anatomie-fiziologie-subiect.pdf,152429,4600df40f9b11f81a232eccb47cce58feb7daa280123c6d159703580d3ec0a6d
2020,biologie,Biologie,teste-antrenament,Test de antrenament 16,barem,2020-antrenament-16-vegetala-animala-barem.pdf,bac/2020/biologie/teste-antrenament/2020-antrenament-16-vegetala-animala-barem.pdf,159024,474f443342811820d4dd0d0852d10ccf74c929d9e55fbbed00b5e81559d19596
2020,biologie,Biologie,teste-antrenament,Test de antrenament 16,subiect,2020-antrenament-16-vegetala-animala-subiect.pdf,bac/2020/biologie/teste-antrenament/2020-antrenament-16-vegetala-animala-subiect.pdf,164458,d52cfe94f215e34ec1c2311507f19378515dd8fcf201b126f0c89c2bfbdca437
2020,biologie,Biologie,teste-antrenament,Test de antrenament 17,barem,2020-antrenament-17-anatomie-fiziologie-barem.pdf,bac/2020/biologie/teste-antrenament/2020-antrenament-17-anatomie-fiziologie-barem.pdf,145884,d3360d665c934c722ab848f18ddd5119a12aa12826013f4160f42caef9bb2abc
2020,biologie,Biologie,teste-antrenament,Test de antrenament 17,subiect,2020-antrenament-17-anatomie-fiziologie-subiect.pdf,bac/2020/biologie/teste-antrenament/2020-antrenament-17-anatomie-fiziologie-subiect.pdf,149791,7bc31a5f7dbb95ac9222fb29186e9fa0dcc37158c6c977caf7de202c60b6f896
2020,biologie,Biologie,teste-antrenament,Test de antrenament 17,barem,2020-antrenament-17-vegetala-animala-barem.pdf,bac/2020/biologie/teste-antrenament/2020-antrenament-17-vegetala-animala-barem.pdf,159536,af08ab1d1076379d667e31f6684f5b92778ca75ed5f2dc4e94130ff45cadd9dd
2020,biologie,Biologie,teste-antrenament,Test de antrenament 17,subiect,2020-antrenament-17-vegetala-animala-subiect.pdf,bac/2020/biologie/teste-antrenament/2020-antrenament-17-vegetala-animala-subiect.pdf,162529,62ebe06849d6fc34de44a25ba651da8e27a13f9efd95fa14debf951cd667763c
2020,biologie,Biologie,teste-antrenament,Test de antrenament 18,barem,2020-antrenament-18-anatomie-fiziologie-barem.pdf,bac/2020/biologie/teste-antrenament/2020-antrenament-18-anatomie-fiziologie-barem.pdf,147294,f350f150939cc160a0cf710c4f38ef03e0784fc7132935797a0cff4d268e18ef
2020,biologie,Biologie,teste-antrenament,Test de antrenament 18,subiect,2020-antrenament-18-anatomie-fiziologie-subiect.pdf,bac/2020/biologie/teste-antrenament/2020-antrenament-18-anatomie-fiziologie-subiect.pdf,150729,48a1eaa676842636055e2ee154b91e386d9aa1f11cc867084585f2c2c75a02c5
2020,biologie,Biologie,teste-antrenament,Test de antrenament 18,barem,2020-antrenament-18-vegetala-animala-barem.pdf,bac/2020/biologie/teste-antrenament/2020-antrenament-18-vegetala-animala-barem.pdf,158694,980dea2bc35708e917bb1d3500a9ffa1bb5479f82d54b34d50d033c56e7d5dda
2020,biologie,Biologie,teste-antrenament,Test de antrenament 18,subiect,2020-antrenament-18-vegetala-animala-subiect.pdf,bac/2020/biologie/teste-antrenament/2020-antrenament-18-vegetala-animala-subiect.pdf,164575,e6503a68e286591ee6729bc1cccc86793d813c8ea64d3df69a426705d38aeb55
2020,biologie,Biologie,teste-antrenament,Test de antrenament 19,barem,2020-antrenament-19-anatomie-fiziologie-barem.pdf,bac/2020/biologie/teste-antrenament/2020-antrenament-19-anatomie-fiziologie-barem.pdf,147508,67aa8ac3963671f996ec2c77fc4f3bf2e564cd17a58dafd990d8d238b7893090
2020,biologie,Biologie,teste-antrenament,Test de antrenament 19,subiect,2020-antrenament-19-anatomie-fiziologie-subiect.pdf,bac/2020/biologie/teste-antrenament/2020-antrenament-19-anatomie-fiziologie-subiect.pdf,150887,cc4dd76fe0d275bfa7213e19dc53862fad1f467bbbb7c8b4378ea36d600044b0
2020,biologie,Biologie,teste-antrenament,Test de antrenament 19,barem,2020-antrenament-19-vegetala-animala-barem.pdf,bac/2020/biologie/teste-antrenament/2020-antrenament-19-vegetala-animala-barem.pdf,160470,e8042477b8ece8c8ed74595a642720b9f21d6b3eef9288c2782bba96d4443ed2
2020,biologie,Biologie,teste-antrenament,Test de antrenament 19,subiect,2020-antrenament-19-vegetala-animala-subiect.pdf,bac/2020/biologie/teste-antrenament/2020-antrenament-19-vegetala-animala-subiect.pdf,166907,ac5ac232a359f1e9fc69451455793436a9ad9ac9d08b0926aabbb3268ddcbb86
2020,biologie,Biologie,teste-antrenament,Test de antrenament 20,barem,2020-antrenament-20-anatomie-fiziologie-barem.pdf,bac/2020/biologie/teste-antrenament/2020-antrenament-20-anatomie-fiziologie-barem.pdf,145639,2b4229f2394e4c7492bf0e1845d8c195868c7e160343f3bf2ee8276dd084c3cd
2020,biologie,Biologie,teste-antrenament,Test de antrenament 20,subiect,2020-antrenament-20-anatomie-fiziologie-subiect.pdf,bac/2020/biologie/teste-antrenament/2020-antrenament-20-anatomie-fiziologie-subiect.pdf,151337,e1d8a781126430d392a6804fba1ea51c7fdeec7f63ffd8560c3dfe0e2d7e152e
2020,biologie,Biologie,teste-antrenament,Test de antrenament 20,barem,2020-antrenament-20-vegetala-animala-barem.pdf,bac/2020/biologie/teste-antrenament/2020-antrenament-20-vegetala-animala-barem.pdf,159677,56a48d9d27fbd6b1baa0117d90fe0b17bfe5bbffd9d921300d8ec366c0a81b9a
2020,biologie,Biologie,teste-antrenament,Test de antrenament 20,subiect,2020-antrenament-20-vegetala-animala-subiect.pdf,bac/2020/biologie/teste-antrenament/2020-antrenament-20-vegetala-animala-subiect.pdf,164365,918397210f73d4bf6f346a8f64fd66038b556500b2e5abac5ef967f0e2b44cfe
2020,chimie,Chimie,sesiune-august,Sesiunea august,barem,2020-august-anorganica-barem.pdf,bac/2020/chimie/sesiune-august/2020-august-anorganica-barem.pdf,74035,5229291744c9f7be5e7e1879d5f558ed9d86bb8e7f818926db5e76681178f805
2020,chimie,Chimie,sesiune-august,Sesiunea august,subiect,2020-august-anorganica-subiect.pdf,bac/2020/chimie/sesiune-august/2020-august-anorganica-subiect.pdf,157161,509df312ff35c7f8a83a004d77ca93cf7c3d566628a1292d2619adb3c38cea6b
2020,chimie,Chimie,sesiune-august,Sesiunea august,barem,2020-august-organica-barem.pdf,bac/2020/chimie/sesiune-august/2020-august-organica-barem.pdf,95525,984ea0d8a043e7c078261065cf8daaf5e5dfa0f81a1a5e793596b94671bf2a94
2020,chimie,Chimie,sesiune-august,Sesiunea august,subiect,2020-august-organica-subiect.pdf,bac/2020/chimie/sesiune-august/2020-august-organica-subiect.pdf,130973,dd3dbdf55bf8dcf92fc6329a2b21d02fda5ae2a97ff5b4d0f33d7918668d5639
2020,chimie,Chimie,sesiune-iunie-iulie,Sesiunea iunie-iulie,barem,2020-iunie-iulie-anorganica-barem.pdf,bac/2020/chimie/sesiune-iunie-iulie/2020-iunie-iulie-anorganica-barem.pdf,76205,e2f1b18cbdfbe2a48b1713e09e1bcb86fbdb9e86f1f5f43eb7769313f37bf80a
2020,chimie,Chimie,sesiune-iunie-iulie,Sesiunea iunie-iulie,subiect,2020-iunie-iulie-anorganica-subiect.pdf,bac/2020/chimie/sesiune-iunie-iulie/2020-iunie-iulie-anorganica-subiect.pdf,155879,8c7fee90a45e285c706e463c7cf71ef4f48a09969823ccbade3c72f467ce17b1
2020,chimie,Chimie,sesiune-iunie-iulie,Sesiunea iunie-iulie,barem,2020-iunie-iulie-organica-barem.pdf,bac/2020/chimie/sesiune-iunie-iulie/2020-iunie-iulie-organica-barem.pdf,76665,cdbaccce38ceb4e546f8bd36f94bf0aab505dcef17ab388aa2510ae7ef7c1ae5
2020,chimie,Chimie,sesiune-iunie-iulie,Sesiunea iunie-iulie,subiect,2020-iunie-iulie-organica-subiect.pdf,bac/2020/chimie/sesiune-iunie-iulie/2020-iunie-iulie-organica-subiect.pdf,126365,1b1b6f44e60a25be130fb92ec3f23f5940257b02eedfb911947e8576fc13e546
2020,chimie,Chimie,sesiune-speciala,Sesiunea speciala,barem,2020-speciala-anorganica-barem.pdf,bac/2020/chimie/sesiune-speciala/2020-speciala-anorganica-barem.pdf,85524,4241207f78f231b0034f2f4b2a263cca9f3cd4d6229b21a213d5999abcfb0fc7
2020,chimie,Chimie,sesiune-speciala,Sesiunea speciala,subiect,2020-speciala-anorganica-subiect.pdf,bac/2020/chimie/sesiune-speciala/2020-speciala-anorganica-subiect.pdf,162630,246a23ecff00ea9dc1e4e556d652830c8d6841c0814e74c96be2afad6758bcef
2020,chimie,Chimie,sesiune-speciala,Sesiunea speciala,barem,2020-speciala-organica-barem.pdf,bac/2020/chimie/sesiune-speciala/2020-speciala-organica-barem.pdf,86697,a6f148c025699a669b275924e7633b8796c9c40262d27bd9b4ab8477dcec1c75
2020,chimie,Chimie,sesiune-speciala,Sesiunea speciala,subiect,2020-speciala-organica-subiect.pdf,bac/2020/chimie/sesiune-speciala/2020-speciala-organica-subiect.pdf,130053,37adaa53c9cde1ca2397ec9844dcd856c7f147344e3ff4721755b3cb0fd4452e
2020,chimie,Chimie,teste-antrenament,Test de antrenament 1,barem,2020-antrenament-01-anorganica-barem.pdf,bac/2020/chimie/teste-antrenament/2020-antrenament-01-anorganica-barem.pdf,138652,2c9fb076d9337391087ea668aaf162bbaf87032b61687ca14f1bf983d53320ed
2020,chimie,Chimie,teste-antrenament,Test de antrenament 1,subiect,2020-antrenament-01-anorganica-subiect.pdf,bac/2020/chimie/teste-antrenament/2020-antrenament-01-anorganica-subiect.pdf,158814,5d4adcbf8a222d743d8a5b14c42f0561e5921d721184e3d908ca6b142cd2750a
2020,chimie,Chimie,teste-antrenament,Test de antrenament 1,barem,2020-antrenament-01-organica-barem.pdf,bac/2020/chimie/teste-antrenament/2020-antrenament-01-organica-barem.pdf,119683,f6e35e78b7bedeeda1c0f096eedaa9aa510febfa70595fc3793c84cda00b6a87
2020,chimie,Chimie,teste-antrenament,Test de antrenament 1,subiect,2020-antrenament-01-organica-subiect.pdf,bac/2020/chimie/teste-antrenament/2020-antrenament-01-organica-subiect.pdf,131786,e347cb67e94ef9ea5a24a4de5f8436ac03c3be20f05150d2dc94d516caa7f68a
2020,chimie,Chimie,teste-antrenament,Test de antrenament 2,barem,2020-antrenament-02-anorganica-barem.pdf,bac/2020/chimie/teste-antrenament/2020-antrenament-02-anorganica-barem.pdf,143755,aa494328692d6142b901812be991048380d0be1a872e1d7bd0214cf853bd5b36
2020,chimie,Chimie,teste-antrenament,Test de antrenament 2,subiect,2020-antrenament-02-anorganica-subiect.pdf,bac/2020/chimie/teste-antrenament/2020-antrenament-02-anorganica-subiect.pdf,161377,a7ff4ff15b1ce1e7537e832d8571b9a3f5df74baa550f953e40a8007800b0f66
2020,chimie,Chimie,teste-antrenament,Test de antrenament 2,barem,2020-antrenament-02-organica-barem.pdf,bac/2020/chimie/teste-antrenament/2020-antrenament-02-organica-barem.pdf,118373,5010e72fe67b9867651b55f2b969e5c415290c10e44f3ca345c5d9fe45698b81
2020,chimie,Chimie,teste-antrenament,Test de antrenament 2,subiect,2020-antrenament-02-organica-subiect.pdf,bac/2020/chimie/teste-antrenament/2020-antrenament-02-organica-subiect.pdf,131851,42114361a7b12d7f6b5f1bb76f1c5607516b7bac9ba028412ca90b49e9077c49
2020,chimie,Chimie,teste-antrenament,Test de antrenament 3,barem,2020-antrenament-03-anorganica-barem.pdf,bac/2020/chimie/teste-antrenament/2020-antrenament-03-anorganica-barem.pdf,122918,9061ca171ed036f810a8a00daeb87b14e7223593f6c0f0dc007d0e7a766a8696
2020,chimie,Chimie,teste-antrenament,Test de antrenament 3,subiect,2020-antrenament-03-anorganica-subiect.pdf,bac/2020/chimie/teste-antrenament/2020-antrenament-03-anorganica-subiect.pdf,133839,d57c858b03c2c5519b587cd61988696ebaa0676c893f78c32aa21175b657fa4c
2020,chimie,Chimie,teste-antrenament,Test de antrenament 3,barem,2020-antrenament-03-organica-barem.pdf,bac/2020/chimie/teste-antrenament/2020-antrenament-03-organica-barem.pdf,114593,2e92d1b32bc9200074008c44209a07e80ccdebfe1702a74ab77815d57192cc29
2020,chimie,Chimie,teste-antrenament,Test de antrenament 3,subiect,2020-antrenament-03-organica-subiect.pdf,bac/2020/chimie/teste-antrenament/2020-antrenament-03-organica-subiect.pdf,125475,54ff40e8ba5ed83cd2c40812bad9f22e7a85a4125aeccc6539f9a80179c38b6e
2020,chimie,Chimie,teste-antrenament,Test de antrenament 4,barem,2020-antrenament-04-anorganica-barem.pdf,bac/2020/chimie/teste-antrenament/2020-antrenament-04-anorganica-barem.pdf,149469,79aae4254bf449612220f1b272242b8483e5fa71976a1a83728e5742ebd64480
2020,chimie,Chimie,teste-antrenament,Test de antrenament 4,subiect,2020-antrenament-04-anorganica-subiect.pdf,bac/2020/chimie/teste-antrenament/2020-antrenament-04-anorganica-subiect.pdf,176876,6814862989e2d1f65a20c531a53f03f6afc48222d042157972c03353ba297034
2020,chimie,Chimie,teste-antrenament,Test de antrenament 4,barem,2020-antrenament-04-organica-barem.pdf,bac/2020/chimie/teste-antrenament/2020-antrenament-04-organica-barem.pdf,117620,b9631288936f674b19c438045f4bb4f393d7390da1a5f881549a8172af0bda17
2020,chimie,Chimie,teste-antrenament,Test de antrenament 4,subiect,2020-antrenament-04-organica-subiect.pdf,bac/2020/chimie/teste-antrenament/2020-antrenament-04-organica-subiect.pdf,133012,e280fc1bdab1bd9bb6ad95671b23400b15645b9f48b1af1c4aea522dc2ff12dc
2020,chimie,Chimie,teste-antrenament,Test de antrenament 5,barem,2020-antrenament-05-anorganica-barem.pdf,bac/2020/chimie/teste-antrenament/2020-antrenament-05-anorganica-barem.pdf,141169,da2acda5c9da68820b4c0b97478359830b3c2ffd75c413ba30ef75a547e33a5e
2020,chimie,Chimie,teste-antrenament,Test de antrenament 5,subiect,2020-antrenament-05-anorganica-subiect.pdf,bac/2020/chimie/teste-antrenament/2020-antrenament-05-anorganica-subiect.pdf,132595,ad096764e433d1d058ac0051cc6b10df2a35ad5d9fabb11081a026058880ea45
2020,chimie,Chimie,teste-antrenament,Test de antrenament 5,barem,2020-antrenament-05-organica-barem.pdf,bac/2020/chimie/teste-antrenament/2020-antrenament-05-organica-barem.pdf,111643,1f6a73408834bf3c40465e56c9dfab1e20a569e4ee5cba7541c048cc11b24bfd
2020,chimie,Chimie,teste-antrenament,Test de antrenament 5,subiect,2020-antrenament-05-organica-subiect.pdf,bac/2020/chimie/teste-antrenament/2020-antrenament-05-organica-subiect.pdf,128992,5a6ef2fdac2afc2b49b12e11421fbe9f0b802167fcbec4081cf3f35063ab6dc1
2020,chimie,Chimie,teste-antrenament,Test de antrenament 6,barem,2020-antrenament-06-anorganica-barem.pdf,bac/2020/chimie/teste-antrenament/2020-antrenament-06-anorganica-barem.pdf,138305,66c99630eb306175365ac630a9d2add67e4dc0d35f9fccd4ca4337c93437c304
2020,chimie,Chimie,teste-antrenament,Test de antrenament 6,subiect,2020-antrenament-06-anorganica-subiect.pdf,bac/2020/chimie/teste-antrenament/2020-antrenament-06-anorganica-subiect.pdf,177832,579b2dba0a23ae150c8e50de08717ad4ce12c1905c1a456d5393f35537d59483
2020,chimie,Chimie,teste-antrenament,Test de antrenament 6,barem,2020-antrenament-06-organica-barem.pdf,bac/2020/chimie/teste-antrenament/2020-antrenament-06-organica-barem.pdf,116628,7b8db5697f407a6121519b71992a6a7712de292f7e6c1fa9156ece3082e9b2bc
2020,chimie,Chimie,teste-antrenament,Test de antrenament 6,subiect,2020-antrenament-06-organica-subiect.pdf,bac/2020/chimie/teste-antrenament/2020-antrenament-06-organica-subiect.pdf,129313,58cdcee9a05f83802224a7f022d97d86195ab336db1b833425cea33cc0e2c337
2020,chimie,Chimie,teste-antrenament,Test de antrenament 7,barem,2020-antrenament-07-anorganica-barem.pdf,bac/2020/chimie/teste-antrenament/2020-antrenament-07-anorganica-barem.pdf,142480,45ca2b4e27c5c3f646ac42dd67cd02a7e7c71f28f90bfc41f91f9405a03ba86e
2020,chimie,Chimie,teste-antrenament,Test de antrenament 7,subiect,2020-antrenament-07-anorganica-subiect.pdf,bac/2020/chimie/teste-antrenament/2020-antrenament-07-anorganica-subiect.pdf,191177,f9cebb2dc70092a2bc23222ebaed9230040a7ce5772c820fb1f1551fba2960be
2020,chimie,Chimie,teste-antrenament,Test de antrenament 7,barem,2020-antrenament-07-organica-barem.pdf,bac/2020/chimie/teste-antrenament/2020-antrenament-07-organica-barem.pdf,133326,04da16f919643141a0b2ee5551f5f5c445386fb421016166765dd1784ae99a0f
2020,chimie,Chimie,teste-antrenament,Test de antrenament 7,subiect,2020-antrenament-07-organica-subiect.pdf,bac/2020/chimie/teste-antrenament/2020-antrenament-07-organica-subiect.pdf,153056,8cfd576fd557274f454274ad84207ee3b8874045563e6fd924e30b85394e952b
2020,chimie,Chimie,teste-antrenament,Test de antrenament 8,barem,2020-antrenament-08-anorganica-barem.pdf,bac/2020/chimie/teste-antrenament/2020-antrenament-08-anorganica-barem.pdf,116392,fb1cefaed98606ec64a647edde5b9082b36b35abb50de0061ed3db5ded559c4f
2020,chimie,Chimie,teste-antrenament,Test de antrenament 8,subiect,2020-antrenament-08-anorganica-subiect.pdf,bac/2020/chimie/teste-antrenament/2020-antrenament-08-anorganica-subiect.pdf,138258,afe8badb9376dd2a4bc7966dff1fcf21ae40b454c64bdb8537e4b3e7344f5cee
2020,chimie,Chimie,teste-antrenament,Test de antrenament 8,barem,2020-antrenament-08-organica-barem.pdf,bac/2020/chimie/teste-antrenament/2020-antrenament-08-organica-barem.pdf,134959,37c8a17240be8cdf3393abd3061588b4f27770c936f67e3ed0bef545273351a8
2020,chimie,Chimie,teste-antrenament,Test de antrenament 8,subiect,2020-antrenament-08-organica-subiect.pdf,bac/2020/chimie/teste-antrenament/2020-antrenament-08-organica-subiect.pdf,178891,3c6d43217caa55b9abff3e868cefbff03d6520ce81bdde02410a48af3927a743
2020,chimie,Chimie,teste-antrenament,Test de antrenament 9,barem,2020-antrenament-09-anorganica-barem.pdf,bac/2020/chimie/teste-antrenament/2020-antrenament-09-anorganica-barem.pdf,140801,b6a7e67402778b2384395bb9b6e4f0ffd78ee4ee7dd463a1b376b0981e7790c1
2020,chimie,Chimie,teste-antrenament,Test de antrenament 9,subiect,2020-antrenament-09-anorganica-subiect.pdf,bac/2020/chimie/teste-antrenament/2020-antrenament-09-anorganica-subiect.pdf,182151,323abbadb499a190e01695c232fdf040cd7225ea3ef2bc141bee59ccb0f08970
2020,chimie,Chimie,teste-antrenament,Test de antrenament 9,barem,2020-antrenament-09-organica-barem.pdf,bac/2020/chimie/teste-antrenament/2020-antrenament-09-organica-barem.pdf,115861,e75f4a646990039a74542c49c084509975e5fcadc69614214084e7d751f69bde
2020,chimie,Chimie,teste-antrenament,Test de antrenament 9,subiect,2020-antrenament-09-organica-subiect.pdf,bac/2020/chimie/teste-antrenament/2020-antrenament-09-organica-subiect.pdf,181465,c534a6fee54e59eefdb874e1c4caa1582103c05f04ed43381d4352fdabf31d83
2020,chimie,Chimie,teste-antrenament,Test de antrenament 10,barem,2020-antrenament-10-anorganica-barem.pdf,bac/2020/chimie/teste-antrenament/2020-antrenament-10-anorganica-barem.pdf,139338,baa47e396fd808a244d8e43d92bc432db083a510032c93ae37e07bb891ad0267
2020,chimie,Chimie,teste-antrenament,Test de antrenament 10,subiect,2020-antrenament-10-anorganica-subiect.pdf,bac/2020/chimie/teste-antrenament/2020-antrenament-10-anorganica-subiect.pdf,159977,4b3c7d731780f009c5ed65469ebc53d5b49c34f67794f9b0bb28ef04cee829f4
2020,chimie,Chimie,teste-antrenament,Test de antrenament 10,barem,2020-antrenament-10-organica-barem.pdf,bac/2020/chimie/teste-antrenament/2020-antrenament-10-organica-barem.pdf,114248,eb711369c05759eadf40bb900f9fabc75366a1eeb7d0dad67cb236b2d945283a
2020,chimie,Chimie,teste-antrenament,Test de antrenament 10,subiect,2020-antrenament-10-organica-subiect.pdf,bac/2020/chimie/teste-antrenament/2020-antrenament-10-organica-subiect.pdf,133254,72e9a3644532d12950ebf5d3c2705e7b34a63871b35478442d77f78020af5c0d
2020,chimie,Chimie,teste-antrenament,Test de antrenament 11,barem,2020-antrenament-11-anorganica-barem.pdf,bac/2020/chimie/teste-antrenament/2020-antrenament-11-anorganica-barem.pdf,141871,ad6db71cb4d499fa2d2348a9fffb817a895990e03685be182c462232ae0be1b1
2020,chimie,Chimie,teste-antrenament,Test de antrenament 11,subiect,2020-antrenament-11-anorganica-subiect.pdf,bac/2020/chimie/teste-antrenament/2020-antrenament-11-anorganica-subiect.pdf,179185,d7cccbb7353170c6e4799283c96c6594aedbe7516419c17353554816abba7d77
2020,chimie,Chimie,teste-antrenament,Test de antrenament 11,barem,2020-antrenament-11-organica-barem.pdf,bac/2020/chimie/teste-antrenament/2020-antrenament-11-organica-barem.pdf,134899,31dd7bff06d6da06079d0ff3c506d19f606e1f2c7763d903c0f6a453847ce710
2020,chimie,Chimie,teste-antrenament,Test de antrenament 11,subiect,2020-antrenament-11-organica-subiect.pdf,bac/2020/chimie/teste-antrenament/2020-antrenament-11-organica-subiect.pdf,160278,635f2a0984b164659c4b90de683c580bda0c8af7ab0ef426728e995c437d15bf
2020,chimie,Chimie,teste-antrenament,Test de antrenament 12,barem,2020-antrenament-12-anorganica-barem.pdf,bac/2020/chimie/teste-antrenament/2020-antrenament-12-anorganica-barem.pdf,141742,f17c1cbd51a62bd00584fc61f6d2a0efbd6aedabe7736005eb806338b736e7cb
2020,chimie,Chimie,teste-antrenament,Test de antrenament 12,subiect,2020-antrenament-12-anorganica-subiect.pdf,bac/2020/chimie/teste-antrenament/2020-antrenament-12-anorganica-subiect.pdf,180966,e023a63f86620b997093de482b515383229e705440b27108f96e629af7fa99e7
2020,chimie,Chimie,teste-antrenament,Test de antrenament 12,barem,2020-antrenament-12-organica-barem.pdf,bac/2020/chimie/teste-antrenament/2020-antrenament-12-organica-barem.pdf,135355,26ae546a04bfda06aec07b9ebda62656c2bbef222500dcabe4313bdfea92db98
2020,chimie,Chimie,teste-antrenament,Test de antrenament 12,subiect,2020-antrenament-12-organica-subiect.pdf,bac/2020/chimie/teste-antrenament/2020-antrenament-12-organica-subiect.pdf,155290,7f3369df0a1e757b46e2a3eaee45979bf3dee361ed2ea9af0461c688efd6bf84
2020,chimie,Chimie,teste-antrenament,Test de antrenament 13,barem,2020-antrenament-13-anorganica-barem.pdf,bac/2020/chimie/teste-antrenament/2020-antrenament-13-anorganica-barem.pdf,139208,b3e88f70be799cd423128ee9c4df9a718ebed5f72e8a029f59ad1ef0ca376f9b
2020,chimie,Chimie,teste-antrenament,Test de antrenament 13,subiect,2020-antrenament-13-anorganica-subiect.pdf,bac/2020/chimie/teste-antrenament/2020-antrenament-13-anorganica-subiect.pdf,180985,de239b79250538900961a4842609ff0b432364b12b4f9ce18938afd34549f32d
2020,chimie,Chimie,teste-antrenament,Test de antrenament 13,barem,2020-antrenament-13-organica-barem.pdf,bac/2020/chimie/teste-antrenament/2020-antrenament-13-organica-barem.pdf,115847,a24bd626522c9dda4a10afe710373871ae99d7c4c68d43a0cb5f131ce3aa8f0c
2020,chimie,Chimie,teste-antrenament,Test de antrenament 13,subiect,2020-antrenament-13-organica-subiect.pdf,bac/2020/chimie/teste-antrenament/2020-antrenament-13-organica-subiect.pdf,171155,258660a333174402952205a3ab8fd22c94fbf727dd7b6fd1dabfdd017637e54b
2020,chimie,Chimie,teste-antrenament,Test de antrenament 14,barem,2020-antrenament-14-anorganica-barem.pdf,bac/2020/chimie/teste-antrenament/2020-antrenament-14-anorganica-barem.pdf,138738,47d844a2c0ae5b6c30e002b199e34299cd90ca8ccaa0617855c82989000b4bb0
2020,chimie,Chimie,teste-antrenament,Test de antrenament 14,subiect,2020-antrenament-14-anorganica-subiect.pdf,bac/2020/chimie/teste-antrenament/2020-antrenament-14-anorganica-subiect.pdf,185285,ca435a76c3b806f529aee377d30c773e08a24aa2ea8fb2481db6cad0c7b9292e
2020,chimie,Chimie,teste-antrenament,Test de antrenament 14,barem,2020-antrenament-14-organica-barem.pdf,bac/2020/chimie/teste-antrenament/2020-antrenament-14-organica-barem.pdf,136253,e4627346c3a595f93bb96c87981a70dd7d421260c571fb55c080b2a7e15ffb93
2020,chimie,Chimie,teste-antrenament,Test de antrenament 14,subiect,2020-antrenament-14-organica-subiect.pdf,bac/2020/chimie/teste-antrenament/2020-antrenament-14-organica-subiect.pdf,176740,86a1cf92cbf79e9c361993d4bc9982fd09eb2b90f2f316ed8f96a5f98aa41129
2020,chimie,Chimie,teste-antrenament,Test de antrenament 15,barem,2020-antrenament-15-anorganica-barem.pdf,bac/2020/chimie/teste-antrenament/2020-antrenament-15-anorganica-barem.pdf,141318,70e8b6b6d9c6ba7e2c6ad14714df0c8834e2436aabdc7da01e617f855609b80d
2020,chimie,Chimie,teste-antrenament,Test de antrenament 15,subiect,2020-antrenament-15-anorganica-subiect.pdf,bac/2020/chimie/teste-antrenament/2020-antrenament-15-anorganica-subiect.pdf,181667,462a66b0ba2175b38e98978fe8ef9a059e85864fe9cc0199ed98929e6cab0415
2020,chimie,Chimie,teste-antrenament,Test de antrenament 15,barem,2020-antrenament-15-organica-barem.pdf,bac/2020/chimie/teste-antrenament/2020-antrenament-15-organica-barem.pdf,115808,a23bed9b8052e606da0b5fe5b4284c16e4c652d8b0894c77848c6ce39f745415
2020,chimie,Chimie,teste-antrenament,Test de antrenament 15,subiect,2020-antrenament-15-organica-subiect.pdf,bac/2020/chimie/teste-antrenament/2020-antrenament-15-organica-subiect.pdf,180286,c4f51c7b9f5ef39944ed8154089420876d2cad91d6a8f4056ba2716932deb0dc
2020,chimie,Chimie,teste-antrenament,Test de antrenament 16,barem,2020-antrenament-16-anorganica-barem.pdf,bac/2020/chimie/teste-antrenament/2020-antrenament-16-anorganica-barem.pdf,122160,c8e17a1acee0b4c172d1122b4012e145dea52125b9cc16861a33fa2965cdf243
2020,chimie,Chimie,teste-antrenament,Test de antrenament 16,subiect,2020-antrenament-16-anorganica-subiect.pdf,bac/2020/chimie/teste-antrenament/2020-antrenament-16-anorganica-subiect.pdf,139197,c71463e1e46f8fa088dfa96e51202afb99466a04b7f80c80e88d87d7e50b6d1c
2020,chimie,Chimie,teste-antrenament,Test de antrenament 16,barem,2020-antrenament-16-organica-barem.pdf,bac/2020/chimie/teste-antrenament/2020-antrenament-16-organica-barem.pdf,116912,a94d281431fd94fee9c89b80b7618fc42fce3718db0c34b859000e6c2c854b6e
2020,chimie,Chimie,teste-antrenament,Test de antrenament 16,subiect,2020-antrenament-16-organica-subiect.pdf,bac/2020/chimie/teste-antrenament/2020-antrenament-16-organica-subiect.pdf,188205,f9002985e1fee0097c3a549d24dccf5e407100b03e33d298b38a44d1d91d8d2b
2020,chimie,Chimie,teste-antrenament,Test de antrenament 17,barem,2020-antrenament-17-anorganica-barem.pdf,bac/2020/chimie/teste-antrenament/2020-antrenament-17-anorganica-barem.pdf,119211,6ed868c27a4466dd5a73a88ea3f2facb2844a7be5eff4b6c94a43114136d82ac
2020,chimie,Chimie,teste-antrenament,Test de antrenament 17,subiect,2020-antrenament-17-anorganica-subiect.pdf,bac/2020/chimie/teste-antrenament/2020-antrenament-17-anorganica-subiect.pdf,141739,e37c5f168b11119a679ec9380cb9d3d46ad77708040fcf7a2f5be3e74eb7e015
2020,chimie,Chimie,teste-antrenament,Test de antrenament 17,barem,2020-antrenament-17-organica-barem.pdf,bac/2020/chimie/teste-antrenament/2020-antrenament-17-organica-barem.pdf,112125,f54323cf8cad76e8f5893b14f09042c701ec473aad253030172155737f168223
2020,chimie,Chimie,teste-antrenament,Test de antrenament 17,subiect,2020-antrenament-17-organica-subiect.pdf,bac/2020/chimie/teste-antrenament/2020-antrenament-17-organica-subiect.pdf,162522,3d0ebde0e0ff9a6b1b05563e7d1291c168ab6d1f35efa044ce5b7afdc7bc32f7
2020,chimie,Chimie,teste-antrenament,Test de antrenament 18,barem,2020-antrenament-18-anorganica-barem.pdf,bac/2020/chimie/teste-antrenament/2020-antrenament-18-anorganica-barem.pdf,118360,3fd45e649fe79e79112a5e9beeb4a438fb18422533b3d10fa17ab582f319998d
2020,chimie,Chimie,teste-antrenament,Test de antrenament 18,subiect,2020-antrenament-18-anorganica-subiect.pdf,bac/2020/chimie/teste-antrenament/2020-antrenament-18-anorganica-subiect.pdf,139613,4cdafc806d793c58d23800d8acb9331544a8e36f5979e3fb30c0be1147935e7c
2020,chimie,Chimie,teste-antrenament,Test de antrenament 18,barem,2020-antrenament-18-organica-barem.pdf,bac/2020/chimie/teste-antrenament/2020-antrenament-18-organica-barem.pdf,118165,c07441713a7cb7314db3b65a3d36806d1a7bfc85b3571094d157deaa15c01fe8
2020,chimie,Chimie,teste-antrenament,Test de antrenament 18,subiect,2020-antrenament-18-organica-subiect.pdf,bac/2020/chimie/teste-antrenament/2020-antrenament-18-organica-subiect.pdf,162730,83cb63cbd62528fd8167440f0835999be2d3e203eaa24a0916838218611be9b4
2020,chimie,Chimie,teste-antrenament,Test de antrenament 19,barem,2020-antrenament-19-anorganica-barem.pdf,bac/2020/chimie/teste-antrenament/2020-antrenament-19-anorganica-barem.pdf,119409,59b56a26f91e4def06f7a2b8341495a2df780422ec4f94d3d17d62a95c1f223e
2020,chimie,Chimie,teste-antrenament,Test de antrenament 19,subiect,2020-antrenament-19-anorganica-subiect.pdf,bac/2020/chimie/teste-antrenament/2020-antrenament-19-anorganica-subiect.pdf,139975,4c701da293724d8da0f45f7cebf1bbda93d29ee262663eb369e77a4871d949c9
2020,chimie,Chimie,teste-antrenament,Test de antrenament 19,barem,2020-antrenament-19-organica-barem.pdf,bac/2020/chimie/teste-antrenament/2020-antrenament-19-organica-barem.pdf,116893,6548fa9613cfe1e3a6ab764935581003658858b0d0b6eb99b784ae60cdab8ad4
2020,chimie,Chimie,teste-antrenament,Test de antrenament 19,subiect,2020-antrenament-19-organica-subiect.pdf,bac/2020/chimie/teste-antrenament/2020-antrenament-19-organica-subiect.pdf,136795,7de0f59af02d25b7ae979b404dd4b3496bd1e576a0ddcf8a693d65ec66c6a17b
2020,chimie,Chimie,teste-antrenament,Test de antrenament 20,barem,2020-antrenament-20-anorganica-barem.pdf,bac/2020/chimie/teste-antrenament/2020-antrenament-20-anorganica-barem.pdf,116803,6a15ea7e7d1c8a1467ca0ef71159f8189cb57013ed05219ff6ddd315792d3975
2020,chimie,Chimie,teste-antrenament,Test de antrenament 20,subiect,2020-antrenament-20-anorganica-subiect.pdf,bac/2020/chimie/teste-antrenament/2020-antrenament-20-anorganica-subiect.pdf,137707,8e09bafd1f1bda6c71a124fea95329928303279e8454fd851183b7b7d833d8ab
2020,chimie,Chimie,teste-antrenament,Test de antrenament 20,barem,2020-antrenament-20-organica-barem.pdf,bac/2020/chimie/teste-antrenament/2020-antrenament-20-organica-barem.pdf,137158,5b2e6f56af6b9a95cade5629cafe87f495ea0551f78599b83e29f80d613b6deb
2020,chimie,Chimie,teste-antrenament,Test de antrenament 20,subiect,2020-antrenament-20-organica-subiect.pdf,bac/2020/chimie/teste-antrenament/2020-antrenament-20-organica-subiect.pdf,156062,d17a6d6c1483b676221f8fe3a1d636aa3d47e2fa44995c7bfed6ca4fa3a8b601
2020,economie,Economie,sesiune-august,Sesiunea august,barem,2020-august-barem.pdf,bac/2020/economie/sesiune-august/2020-august-barem.pdf,78065,3980ab360b35f31df58d510ec13298caebc8874a01e0725aad36d4b1d421818c
2020,economie,Economie,sesiune-august,Sesiunea august,subiect,2020-august-subiect.pdf,bac/2020/economie/sesiune-august/2020-august-subiect.pdf,134542,1ddb475646c95b915613e10a382a98f53ceab02be4e5a7f2496f6067b434724c
2020,economie,Economie,sesiune-iunie-iulie,Sesiunea iunie-iulie,barem,2020-iunie-iulie-barem.pdf,bac/2020/economie/sesiune-iunie-iulie/2020-iunie-iulie-barem.pdf,72963,32df7012ed63f98091c31c07be46d1d143f3924d9b69c649946ec2fd23f189f6
2020,economie,Economie,sesiune-iunie-iulie,Sesiunea iunie-iulie,subiect,2020-iunie-iulie-subiect.pdf,bac/2020/economie/sesiune-iunie-iulie/2020-iunie-iulie-subiect.pdf,127111,b17c04734ea739b78453c605ec4d88435fb08974063b4a27584b0a542be88a6c
2020,economie,Economie,sesiune-speciala,Sesiunea speciala,barem,2020-speciala-barem.pdf,bac/2020/economie/sesiune-speciala/2020-speciala-barem.pdf,73733,79b1b28f1ea343c1534d7f8e9e1196947661995ff34d2db1a7657f808ca75127
2020,economie,Economie,sesiune-speciala,Sesiunea speciala,subiect,2020-speciala-subiect.pdf,bac/2020/economie/sesiune-speciala/2020-speciala-subiect.pdf,133712,372e6ba06841521facede49b777b78d90454e72193b5bf6cba5c93a8b8ee1b46
2020,economie,Economie,teste-antrenament,Test de antrenament 1,barem,2020-antrenament-01-barem.pdf,bac/2020/economie/teste-antrenament/2020-antrenament-01-barem.pdf,172339,5bfbac8b2d5b18b326d2359159c484d3d95c999c30f93ebc9f64b48fbf8e9c9d
2020,economie,Economie,teste-antrenament,Test de antrenament 1,subiect,2020-antrenament-01-subiect.pdf,bac/2020/economie/teste-antrenament/2020-antrenament-01-subiect.pdf,189415,2159353ccc919719cd6c1eb4338716327435c2ab4355e899973812b0fe99ea12
2020,economie,Economie,teste-antrenament,Test de antrenament 2,barem,2020-antrenament-02-barem.pdf,bac/2020/economie/teste-antrenament/2020-antrenament-02-barem.pdf,170665,508b09438e029ba347413f3ad558567aab499807bf80a8b25eb9cde1db65fa90
2020,economie,Economie,teste-antrenament,Test de antrenament 2,subiect,2020-antrenament-02-subiect.pdf,bac/2020/economie/teste-antrenament/2020-antrenament-02-subiect.pdf,200719,6c3dd01bcc3210ac517cbce448bf3f0e6988f93b5702ee5ccaf757eca767c76f
2020,economie,Economie,teste-antrenament,Test de antrenament 3,barem,2020-antrenament-03-barem.pdf,bac/2020/economie/teste-antrenament/2020-antrenament-03-barem.pdf,171133,4a979757599a585eb61965a629806d701e8866d574117582c85715f5607ea5a4
2020,economie,Economie,teste-antrenament,Test de antrenament 3,subiect,2020-antrenament-03-subiect.pdf,bac/2020/economie/teste-antrenament/2020-antrenament-03-subiect.pdf,190189,191310a57f9d52f0d71555b3bd37304c236570e03736415087529df7911b3535
2020,economie,Economie,teste-antrenament,Test de antrenament 4,barem,2020-antrenament-04-barem.pdf,bac/2020/economie/teste-antrenament/2020-antrenament-04-barem.pdf,172240,14eb892199590dd42822802f136d2ec5db4db8dca7175339fec5fbb432324803
2020,economie,Economie,teste-antrenament,Test de antrenament 4,subiect,2020-antrenament-04-subiect.pdf,bac/2020/economie/teste-antrenament/2020-antrenament-04-subiect.pdf,190798,8ad2c36abb117cba1363c155e36cc45b95f21a31fb2f4b84f414a1ebc9635b0b
2020,economie,Economie,teste-antrenament,Test de antrenament 5,barem,2020-antrenament-05-barem.pdf,bac/2020/economie/teste-antrenament/2020-antrenament-05-barem.pdf,172522,d30b7fef71e86ab230a2ba6f83c0fabdb9834f2a3deab2abf79ffe9408709d7d
2020,economie,Economie,teste-antrenament,Test de antrenament 5,subiect,2020-antrenament-05-subiect.pdf,bac/2020/economie/teste-antrenament/2020-antrenament-05-subiect.pdf,189681,238eeac2ebcc9db059adcc88b9202428bbd9f0c2fcdcf3a2202be6027bf8f151
2020,economie,Economie,teste-antrenament,Test de antrenament 6,barem,2020-antrenament-06-barem.pdf,bac/2020/economie/teste-antrenament/2020-antrenament-06-barem.pdf,174274,eec6ff1dc726ec15959e6aa2c7b1c437610791660b4e2b069c7b6647a86a3d69
2020,economie,Economie,teste-antrenament,Test de antrenament 6,subiect,2020-antrenament-06-subiect.pdf,bac/2020/economie/teste-antrenament/2020-antrenament-06-subiect.pdf,189934,cdfb6f9cb7de22d9f2a5da41c9810c8765434d02a0fde96f0441dcfbb928a822
2020,economie,Economie,teste-antrenament,Test de antrenament 7,barem,2020-antrenament-07-barem.pdf,bac/2020/economie/teste-antrenament/2020-antrenament-07-barem.pdf,173992,fe4f7fa2e5ffef18f6a071a86248dd554441198d2e22df92d66a60a3d1beb15d
2020,economie,Economie,teste-antrenament,Test de antrenament 7,subiect,2020-antrenament-07-subiect.pdf,bac/2020/economie/teste-antrenament/2020-antrenament-07-subiect.pdf,188235,cfd44a07fd9c46b767d71240dd9c5599944ff802971f090c29754600dcf4e28f
2020,economie,Economie,teste-antrenament,Test de antrenament 8,barem,2020-antrenament-08-barem.pdf,bac/2020/economie/teste-antrenament/2020-antrenament-08-barem.pdf,173338,864048f7d9a2a22d77586c7e665edff06d7c5a852b28a4ce5e35741e62e35c1e
2020,economie,Economie,teste-antrenament,Test de antrenament 8,subiect,2020-antrenament-08-subiect.pdf,bac/2020/economie/teste-antrenament/2020-antrenament-08-subiect.pdf,201321,9c3d1b59113bfd1d53a48f77ba059191ef3b087fc1ab2096b6a72ce295ab4288
2020,economie,Economie,teste-antrenament,Test de antrenament 9,barem,2020-antrenament-09-barem.pdf,bac/2020/economie/teste-antrenament/2020-antrenament-09-barem.pdf,177474,41647ea538f64040778a24b2565b776da817ed82b51aae3cc292a682d35e746a
2020,economie,Economie,teste-antrenament,Test de antrenament 9,subiect,2020-antrenament-09-subiect.pdf,bac/2020/economie/teste-antrenament/2020-antrenament-09-subiect.pdf,202271,bb65fb763ae7d9c12ad23b60181f2d28588db4b9712a4d5c2ba2528705a96fd9
2020,economie,Economie,teste-antrenament,Test de antrenament 10,barem,2020-antrenament-10-barem.pdf,bac/2020/economie/teste-antrenament/2020-antrenament-10-barem.pdf,175166,93e7d880540bac3a5a003e42f8cc8cf9a2b8b5b85a795d9313bacb288891d2bf
2020,economie,Economie,teste-antrenament,Test de antrenament 10,subiect,2020-antrenament-10-subiect.pdf,bac/2020/economie/teste-antrenament/2020-antrenament-10-subiect.pdf,201588,9199f0bf340f30c5371fe1168f1fa606d0f64746ec12bb98f1938a3b6a5e08e8
2020,economie,Economie,teste-antrenament,Test de antrenament 11,barem,2020-antrenament-11-barem.pdf,bac/2020/economie/teste-antrenament/2020-antrenament-11-barem.pdf,172564,97a4e023e1ad53281756be92866e3825ee707b7c147dd5dc3b8efb4057f38846
2020,economie,Economie,teste-antrenament,Test de antrenament 11,subiect,2020-antrenament-11-subiect.pdf,bac/2020/economie/teste-antrenament/2020-antrenament-11-subiect.pdf,190593,dc43591fe7814767e46cb20fa063b187822039f430a4c809cc7ff0b1f5d2696e
2020,economie,Economie,teste-antrenament,Test de antrenament 12,barem,2020-antrenament-12-barem.pdf,bac/2020/economie/teste-antrenament/2020-antrenament-12-barem.pdf,170582,8ea515d54d2ba8e1ebddd26ca9a9ba38e67ef446ef8f29ffabc18972300fa8d4
2020,economie,Economie,teste-antrenament,Test de antrenament 12,subiect,2020-antrenament-12-subiect.pdf,bac/2020/economie/teste-antrenament/2020-antrenament-12-subiect.pdf,201384,00f670bfb028cc7a94f5d28b3d928c933f0e544a197d794599c992e9f71a62f6
2020,economie,Economie,teste-antrenament,Test de antrenament 13,barem,2020-antrenament-13-barem.pdf,bac/2020/economie/teste-antrenament/2020-antrenament-13-barem.pdf,171418,4421ca718824dcd4301aff4921c9586f72db01c37328c302dcca583c6d2039bd
2020,economie,Economie,teste-antrenament,Test de antrenament 13,subiect,2020-antrenament-13-subiect.pdf,bac/2020/economie/teste-antrenament/2020-antrenament-13-subiect.pdf,190736,29767b4398e04f513decab106d7f60baaf79e8036d075c8ed53cc6cc97390ae8
2020,economie,Economie,teste-antrenament,Test de antrenament 14,barem,2020-antrenament-14-barem.pdf,bac/2020/economie/teste-antrenament/2020-antrenament-14-barem.pdf,169397,9678ce3a4a25dabe52461cb2af6cb05d732c5c20283ed7f122dc8ab2ad59b997
2020,economie,Economie,teste-antrenament,Test de antrenament 14,subiect,2020-antrenament-14-subiect.pdf,bac/2020/economie/teste-antrenament/2020-antrenament-14-subiect.pdf,191758,c500e62235a707f8123a8aee8203be114cd99a621cdae28c15fb727924e318a1
2020,economie,Economie,teste-antrenament,Test de antrenament 15,barem,2020-antrenament-15-barem.pdf,bac/2020/economie/teste-antrenament/2020-antrenament-15-barem.pdf,172453,eb6743cd54ce3aee970a3905dfbae67032be109fe01ff70e8d56411680088f9a
2020,economie,Economie,teste-antrenament,Test de antrenament 15,subiect,2020-antrenament-15-subiect.pdf,bac/2020/economie/teste-antrenament/2020-antrenament-15-subiect.pdf,192522,1c132dec9b7305f7f5bae362414658d9d8e4f9ba3818b22f5f7ad7577f553fa1
2020,economie,Economie,teste-antrenament,Test de antrenament 16,barem,2020-antrenament-16-barem.pdf,bac/2020/economie/teste-antrenament/2020-antrenament-16-barem.pdf,174622,47c3b1e315ec48613a304bb5885e4ec26fd1dba7d5791d4082301236478a204f
2020,economie,Economie,teste-antrenament,Test de antrenament 16,subiect,2020-antrenament-16-subiect.pdf,bac/2020/economie/teste-antrenament/2020-antrenament-16-subiect.pdf,192211,35a82c38a8c93379062e8b53fe02377373a35ff4e68aed73a31c30f318e6d8bd
2020,economie,Economie,teste-antrenament,Test de antrenament 17,barem,2020-antrenament-17-barem.pdf,bac/2020/economie/teste-antrenament/2020-antrenament-17-barem.pdf,171803,e8b77559475cc525d000f57701196fc5414da85b0bfb10bdcb180359b285330b
2020,economie,Economie,teste-antrenament,Test de antrenament 17,subiect,2020-antrenament-17-subiect.pdf,bac/2020/economie/teste-antrenament/2020-antrenament-17-subiect.pdf,192241,68f1fd535977ba49d68f0a5a8bf2542b56a39940946fd6e5acd5347c174c705c
2020,economie,Economie,teste-antrenament,Test de antrenament 18,barem,2020-antrenament-18-barem.pdf,bac/2020/economie/teste-antrenament/2020-antrenament-18-barem.pdf,171995,edb1675bdd01347cc66f66f970935bc6f825b90aab2f6026c23062940cb43ae2
2020,economie,Economie,teste-antrenament,Test de antrenament 18,subiect,2020-antrenament-18-subiect.pdf,bac/2020/economie/teste-antrenament/2020-antrenament-18-subiect.pdf,203034,0353067fd916b5a682f67cc26b38f827a4e6c1f7055c65e06034642aa4dc3536
2020,economie,Economie,teste-antrenament,Test de antrenament 19,barem,2020-antrenament-19-barem.pdf,bac/2020/economie/teste-antrenament/2020-antrenament-19-barem.pdf,172653,7ee8099a568bf8e5abed0a0f85007620e05314819352a57f3f20451152ce61bf
2020,economie,Economie,teste-antrenament,Test de antrenament 19,subiect,2020-antrenament-19-subiect.pdf,bac/2020/economie/teste-antrenament/2020-antrenament-19-subiect.pdf,203699,d54e2b8b6ac0e5d9df848c09241a7ce71d0ac50fd558ebe501524fbc7cf8d2f5
2020,economie,Economie,teste-antrenament,Test de antrenament 20,barem,2020-antrenament-20-barem.pdf,bac/2020/economie/teste-antrenament/2020-antrenament-20-barem.pdf,172040,fb154cfae91552d17601806f667eb7b7fa92baa26aa3e406cae69a31de44f983
2020,economie,Economie,teste-antrenament,Test de antrenament 20,subiect,2020-antrenament-20-subiect.pdf,bac/2020/economie/teste-antrenament/2020-antrenament-20-subiect.pdf,202067,1f9113b91b6f2faa9757c25f3399be9113b632eff27e62fd261498effa3c8d1b
2020,filosofie,Filosofie,sesiune-august,Sesiunea august,barem,2020-august-barem.pdf,bac/2020/filosofie/sesiune-august/2020-august-barem.pdf,54421,fe2861cadd8e96986c82634529d62bdff7a43d618f6322a370628bf426595c68
2020,filosofie,Filosofie,sesiune-august,Sesiunea august,subiect,2020-august-subiect.pdf,bac/2020/filosofie/sesiune-august/2020-august-subiect.pdf,112327,cbf08b4d0aab0c4ed82492da4141c0ff83a607064f8fc945e87ace196658a166
2020,filosofie,Filosofie,sesiune-iunie-iulie,Sesiunea iunie-iulie,barem,2020-iunie-iulie-barem.pdf,bac/2020/filosofie/sesiune-iunie-iulie/2020-iunie-iulie-barem.pdf,53437,d66918dbe5f6c75b831b0367980c9c4789e9f6e73e67b5fabdba0d102548dc5e
2020,filosofie,Filosofie,sesiune-iunie-iulie,Sesiunea iunie-iulie,subiect,2020-iunie-iulie-subiect.pdf,bac/2020/filosofie/sesiune-iunie-iulie/2020-iunie-iulie-subiect.pdf,108246,a2f6073f301fecf1a00b7fb92d9e9c339d95fe2fc4dea5d07fc84701744ba3b1
2020,filosofie,Filosofie,teste-antrenament,Test de antrenament 1,barem,2020-antrenament-01-barem.pdf,bac/2020/filosofie/teste-antrenament/2020-antrenament-01-barem.pdf,132173,bae8fc3ccd7588ad1fe280e08ee03c681943e0856a60281a877f4b53aacb6005
2020,filosofie,Filosofie,teste-antrenament,Test de antrenament 1,subiect,2020-antrenament-01-subiect.pdf,bac/2020/filosofie/teste-antrenament/2020-antrenament-01-subiect.pdf,180106,86bd4b01129cf64e2a0c3c21bbe15b0277607957d609fdff35ffb70fb8647364
2020,filosofie,Filosofie,teste-antrenament,Test de antrenament 2,barem,2020-antrenament-02-barem.pdf,bac/2020/filosofie/teste-antrenament/2020-antrenament-02-barem.pdf,104556,7e73cefa0738f1f60b37998e8b8a3e2537870ae79e2a5eb3952fc065757540cc
2020,filosofie,Filosofie,teste-antrenament,Test de antrenament 2,subiect,2020-antrenament-02-subiect.pdf,bac/2020/filosofie/teste-antrenament/2020-antrenament-02-subiect.pdf,177697,fb032b84216d3268f38eb5eff5c48355e9b68b4d5f277fa263bbf200a2ba826f
2020,filosofie,Filosofie,teste-antrenament,Test de antrenament 3,barem,2020-antrenament-03-barem.pdf,bac/2020/filosofie/teste-antrenament/2020-antrenament-03-barem.pdf,105363,d8feab87337d3203801fc156c7571f68f4411211a6188dea87f7f09288b956b7
2020,filosofie,Filosofie,teste-antrenament,Test de antrenament 3,subiect,2020-antrenament-03-subiect.pdf,bac/2020/filosofie/teste-antrenament/2020-antrenament-03-subiect.pdf,177346,e9cf8e8f8360d26b577ae80380d32b5476329f078bfdd790974f5c3484aca661
2020,filosofie,Filosofie,teste-antrenament,Test de antrenament 4,barem,2020-antrenament-04-barem.pdf,bac/2020/filosofie/teste-antrenament/2020-antrenament-04-barem.pdf,131604,f8dbe591360032bc4404fddbce67535d570526f1eb885b6b936c2fb184943e70
2020,filosofie,Filosofie,teste-antrenament,Test de antrenament 4,subiect,2020-antrenament-04-subiect.pdf,bac/2020/filosofie/teste-antrenament/2020-antrenament-04-subiect.pdf,171458,3e5d2c0e545aef9bde38bf20ea0cd1b837c42d2203f04becbcb7e762094726be
2020,filosofie,Filosofie,teste-antrenament,Test de antrenament 5,barem,2020-antrenament-05-barem.pdf,bac/2020/filosofie/teste-antrenament/2020-antrenament-05-barem.pdf,133389,5d7e8d5c9e0ff5ef39da67dfdd6dffbab2345e4a99a9054e28bdad99366c1499
2020,filosofie,Filosofie,teste-antrenament,Test de antrenament 5,subiect,2020-antrenament-05-subiect.pdf,bac/2020/filosofie/teste-antrenament/2020-antrenament-05-subiect.pdf,174754,5421a64bf64828fcc8dd53c5f83f998826209dabdbf74947ac587785f7200b66
2020,filosofie,Filosofie,teste-antrenament,Test de antrenament 6,barem,2020-antrenament-06-barem.pdf,bac/2020/filosofie/teste-antrenament/2020-antrenament-06-barem.pdf,134231,52812afd3d3f7c8b14871589b83dbed8b059e229e5ab4b8d2c285fd21b93736d
2020,filosofie,Filosofie,teste-antrenament,Test de antrenament 6,subiect,2020-antrenament-06-subiect.pdf,bac/2020/filosofie/teste-antrenament/2020-antrenament-06-subiect.pdf,172820,74e6b353fa47d42bae82172da1f4919620ab925f2aa4866ba5618852e5473cf4
2020,filosofie,Filosofie,teste-antrenament,Test de antrenament 7,barem,2020-antrenament-07-barem.pdf,bac/2020/filosofie/teste-antrenament/2020-antrenament-07-barem.pdf,133634,157fa758420f05970809a72dc69528b30dcb43355145e322f4968daa7ae6bb4f
2020,filosofie,Filosofie,teste-antrenament,Test de antrenament 7,subiect,2020-antrenament-07-subiect.pdf,bac/2020/filosofie/teste-antrenament/2020-antrenament-07-subiect.pdf,176945,58766b605e2ec67ecfda9327c9f23562d1672ae08bf23ccb72cd9cae68e74451
2020,filosofie,Filosofie,teste-antrenament,Test de antrenament 8,barem,2020-antrenament-08-barem.pdf,bac/2020/filosofie/teste-antrenament/2020-antrenament-08-barem.pdf,133389,a79ef10a8deb95d599a434ad6ae8b1394fadf0fc243c8acbc937a8c65c92d43b
2020,filosofie,Filosofie,teste-antrenament,Test de antrenament 8,subiect,2020-antrenament-08-subiect.pdf,bac/2020/filosofie/teste-antrenament/2020-antrenament-08-subiect.pdf,177818,9c7cdd1eb89fb01a57eb45eee108ba581475f614d0e40e5d778ad13c286ed39e
2020,filosofie,Filosofie,teste-antrenament,Test de antrenament 9,barem,2020-antrenament-09-barem.pdf,bac/2020/filosofie/teste-antrenament/2020-antrenament-09-barem.pdf,133732,9fed29b40a498aae3c3cb452f2a6664c66716672cb497280df88c361787c61d3
2020,filosofie,Filosofie,teste-antrenament,Test de antrenament 9,subiect,2020-antrenament-09-subiect.pdf,bac/2020/filosofie/teste-antrenament/2020-antrenament-09-subiect.pdf,176412,35a210eb3da669e880270fa5559d9470cd21406601a8a1037e038e6eee589795
2020,filosofie,Filosofie,teste-antrenament,Test de antrenament 10,barem,2020-antrenament-10-barem.pdf,bac/2020/filosofie/teste-antrenament/2020-antrenament-10-barem.pdf,131722,abfce531718eab88d6b72f7f1412501ef290ccc13ee5be8a58fd9cfc072d4d72
2020,filosofie,Filosofie,teste-antrenament,Test de antrenament 10,subiect,2020-antrenament-10-subiect.pdf,bac/2020/filosofie/teste-antrenament/2020-antrenament-10-subiect.pdf,169551,18744b44a97264612e4bba470993167ab51b2431afe4d8424d8957639b4d94c4
2020,filosofie,Filosofie,teste-antrenament,Test de antrenament 11,barem,2020-antrenament-11-barem.pdf,bac/2020/filosofie/teste-antrenament/2020-antrenament-11-barem.pdf,105329,e8f19a7b33ec82beb12308ef359890373c9e26ceced74bd696a9d7e3897a5acc
2020,filosofie,Filosofie,teste-antrenament,Test de antrenament 11,subiect,2020-antrenament-11-subiect.pdf,bac/2020/filosofie/teste-antrenament/2020-antrenament-11-subiect.pdf,173243,ad91299072e82f874826d974308d4b7ae669bde1556a08f705f9d53a4ce2af2f
2020,filosofie,Filosofie,teste-antrenament,Test de antrenament 12,barem,2020-antrenament-12-barem.pdf,bac/2020/filosofie/teste-antrenament/2020-antrenament-12-barem.pdf,106011,3298720c643f0ebfa94a2785e5e3ae4081d46855ffb084e01aa4731da7765641
2020,filosofie,Filosofie,teste-antrenament,Test de antrenament 12,subiect,2020-antrenament-12-subiect.pdf,bac/2020/filosofie/teste-antrenament/2020-antrenament-12-subiect.pdf,176845,64b58c94b227ede5484edbd027d1b9b9791d7f925af261d966b6aa834084b58e
2020,filosofie,Filosofie,teste-antrenament,Test de antrenament 13,barem,2020-antrenament-13-barem.pdf,bac/2020/filosofie/teste-antrenament/2020-antrenament-13-barem.pdf,108700,e917edfe7465320acc7c47e62d3b53c89c417e9db2f2466a33a7f0f042dc1521
2020,filosofie,Filosofie,teste-antrenament,Test de antrenament 13,subiect,2020-antrenament-13-subiect.pdf,bac/2020/filosofie/teste-antrenament/2020-antrenament-13-subiect.pdf,175129,0ae58377cf115dcca834289f4266f14f2db3b507d83644e87fe80296c83c7195
2020,filosofie,Filosofie,teste-antrenament,Test de antrenament 14,barem,2020-antrenament-14-barem.pdf,bac/2020/filosofie/teste-antrenament/2020-antrenament-14-barem.pdf,131808,452887396764088f2cd6e2f7500a78215e8f52eaae258d704b8a22e85d66027e
2020,filosofie,Filosofie,teste-antrenament,Test de antrenament 14,subiect,2020-antrenament-14-subiect.pdf,bac/2020/filosofie/teste-antrenament/2020-antrenament-14-subiect.pdf,177086,4b96127c9cd5a9cbd8c081032d49e7beac0896240afc7c1afb30fb320006f927
2020,filosofie,Filosofie,teste-antrenament,Test de antrenament 15,barem,2020-antrenament-15-barem.pdf,bac/2020/filosofie/teste-antrenament/2020-antrenament-15-barem.pdf,107871,6f86167ef307241ce2dcaef85e435bf81f308612af7208dc6b561bdad6cc6d7f
2020,filosofie,Filosofie,teste-antrenament,Test de antrenament 15,subiect,2020-antrenament-15-subiect.pdf,bac/2020/filosofie/teste-antrenament/2020-antrenament-15-subiect.pdf,176010,cba617ccf59ef6b1841e8d3d02051cf7ba78658a00f4321c4f0ac60a5ce6d604
2020,filosofie,Filosofie,teste-antrenament,Test de antrenament 16,barem,2020-antrenament-16-barem.pdf,bac/2020/filosofie/teste-antrenament/2020-antrenament-16-barem.pdf,133183,8519c599e98b13a8ecb57d080a05db8408b4e5c36f90a99fadffe68c8d8fb04d
2020,filosofie,Filosofie,teste-antrenament,Test de antrenament 16,subiect,2020-antrenament-16-subiect.pdf,bac/2020/filosofie/teste-antrenament/2020-antrenament-16-subiect.pdf,170927,ad3dcd0b3e5a7a3134ceb0a002085c7745b04be6ff22ff7e848374e0151c8aed
2020,filosofie,Filosofie,teste-antrenament,Test de antrenament 17,barem,2020-antrenament-17-barem.pdf,bac/2020/filosofie/teste-antrenament/2020-antrenament-17-barem.pdf,108063,0555b5efbc3f401d8fb5d90bc2a478510a1a3026bb3b0ee501a0e4c62e7a5ae4
2020,filosofie,Filosofie,teste-antrenament,Test de antrenament 17,subiect,2020-antrenament-17-subiect.pdf,bac/2020/filosofie/teste-antrenament/2020-antrenament-17-subiect.pdf,177777,8fccefcd9f1a0bdd39bb0748a7d1a5a6d567a1ddef2ae2847d8fa9d6ac01e79e
2020,filosofie,Filosofie,teste-antrenament,Test de antrenament 18,barem,2020-antrenament-18-barem.pdf,bac/2020/filosofie/teste-antrenament/2020-antrenament-18-barem.pdf,134711,5005863a246b9e848a43bdce3c990bc487bf20aa4b82d31175400443e694db60
2020,filosofie,Filosofie,teste-antrenament,Test de antrenament 18,subiect,2020-antrenament-18-subiect.pdf,bac/2020/filosofie/teste-antrenament/2020-antrenament-18-subiect.pdf,177682,25e519a33522ab8c7b071c54061fe42a08bae8a737b6530586875215c6a5279f
2020,filosofie,Filosofie,teste-antrenament,Test de antrenament 19,barem,2020-antrenament-19-barem.pdf,bac/2020/filosofie/teste-antrenament/2020-antrenament-19-barem.pdf,147796,d6ba5b923f90c5db43cae3a70ec715422fee876e1e3d6046b4d23efebb341551
2020,filosofie,Filosofie,teste-antrenament,Test de antrenament 19,subiect,2020-antrenament-19-subiect.pdf,bac/2020/filosofie/teste-antrenament/2020-antrenament-19-subiect.pdf,175015,5b44ef05d56faf6d184b7842d26b197ff60851ebc3695556ea71887cb95350c0
2020,filosofie,Filosofie,teste-antrenament,Test de antrenament 20,barem,2020-antrenament-20-barem.pdf,bac/2020/filosofie/teste-antrenament/2020-antrenament-20-barem.pdf,132338,def943260789cd8f401890965e1e94534e3e53b9792f6b02940b9fe3bc314891
2020,filosofie,Filosofie,teste-antrenament,Test de antrenament 20,subiect,2020-antrenament-20-subiect.pdf,bac/2020/filosofie/teste-antrenament/2020-antrenament-20-subiect.pdf,171315,27d5a53a9fcccc6c58121d440ebd98e18c145b46036caf6ae3802ceac9edb95a
2020,fizica,Fizica,sesiune-august,Sesiunea august,barem,2020-august-tehnologic-barem.pdf,bac/2020/fizica/sesiune-august/2020-august-tehnologic-barem.pdf,218641,734a2a4430103c54d7563e094806dd047692b09c68064ad29cda3c7f0c48e77f
2020,fizica,Fizica,sesiune-august,Sesiunea august,subiect,2020-august-tehnologic-subiect.pdf,bac/2020/fizica/sesiune-august/2020-august-tehnologic-subiect.pdf,345291,96f652cb903e5900c511f004a3052082b2a344239e4d1c384ae87054bf869fde
2020,fizica,Fizica,sesiune-august,Sesiunea august,barem,2020-august-teoretic-vocational-barem.pdf,bac/2020/fizica/sesiune-august/2020-august-teoretic-vocational-barem.pdf,236680,2e6453ca06d85681d8a3d945abd303c22b70b00ed4f000a81b7a36363eb90379
2020,fizica,Fizica,sesiune-august,Sesiunea august,subiect,2020-august-teoretic-vocational-subiect.pdf,bac/2020/fizica/sesiune-august/2020-august-teoretic-vocational-subiect.pdf,354017,02a262bd61029c48d304797d587743a71b5191e8558b55b7e58fbcfea1f36063
2020,fizica,Fizica,sesiune-iunie-iulie,Sesiunea iunie-iulie,barem,2020-iunie-iulie-tehnologic-barem.pdf,bac/2020/fizica/sesiune-iunie-iulie/2020-iunie-iulie-tehnologic-barem.pdf,205622,1162e42e0029814754ba7710ecee2ad7f76c46c4d0e45357f9dbbebf28c27190
2020,fizica,Fizica,sesiune-iunie-iulie,Sesiunea iunie-iulie,subiect,2020-iunie-iulie-tehnologic-subiect.pdf,bac/2020/fizica/sesiune-iunie-iulie/2020-iunie-iulie-tehnologic-subiect.pdf,366992,0dabedbe96f09945207bf78532c8a1ff6c709e7a04fb58ecf74cb7af6883d889
2020,fizica,Fizica,sesiune-iunie-iulie,Sesiunea iunie-iulie,barem,2020-iunie-iulie-teoretic-vocational-barem.pdf,bac/2020/fizica/sesiune-iunie-iulie/2020-iunie-iulie-teoretic-vocational-barem.pdf,227105,514ff2ce0e3ff85c88a04803eac41f5e4b5fc6dc0decbbee20e7a8f7f68c452c
2020,fizica,Fizica,sesiune-iunie-iulie,Sesiunea iunie-iulie,subiect,2020-iunie-iulie-teoretic-vocational-subiect.pdf,bac/2020/fizica/sesiune-iunie-iulie/2020-iunie-iulie-teoretic-vocational-subiect.pdf,371274,ff25b53a87ed9d901f6ca68304c57f0767adf0eab555c5d6fa53d92399b3705f
2020,fizica,Fizica,sesiune-speciala,Sesiunea speciala,barem,2020-speciala-tehnologic-barem.pdf,bac/2020/fizica/sesiune-speciala/2020-speciala-tehnologic-barem.pdf,205575,90f553b30f3770430e250d512c423222c1b43c099eee393b512211a1ba4e475f
2020,fizica,Fizica,sesiune-speciala,Sesiunea speciala,subiect,2020-speciala-tehnologic-subiect.pdf,bac/2020/fizica/sesiune-speciala/2020-speciala-tehnologic-subiect.pdf,442512,74a06d499ea42ed2400572b8739905ee7f9f129a7b1c7edcc9807c268342b22c
2020,fizica,Fizica,sesiune-speciala,Sesiunea speciala,barem,2020-speciala-teoretic-vocational-barem.pdf,bac/2020/fizica/sesiune-speciala/2020-speciala-teoretic-vocational-barem.pdf,222343,1775c613cfba05fab0e64c6fcd0b0fc2fd4ca1a4d20790f452da1e86c3412ae6
2020,fizica,Fizica,sesiune-speciala,Sesiunea speciala,subiect,2020-speciala-teoretic-vocational-subiect.pdf,bac/2020/fizica/sesiune-speciala/2020-speciala-teoretic-vocational-subiect.pdf,627728,6f911344b7c68ca795be955fe9307bb40b8b7ae10a5dd0bac613cd06a568b5be
2020,fizica,Fizica,teste-antrenament,Test de antrenament 1,barem,2020-antrenament-01-tehnologic-barem.pdf,bac/2020/fizica/teste-antrenament/2020-antrenament-01-tehnologic-barem.pdf,231538,4a502a918c85418789da440850a608a6899cf8a44b3bd859f27430c88fe6c5ae
2020,fizica,Fizica,teste-antrenament,Test de antrenament 1,subiect,2020-antrenament-01-tehnologic-subiect.pdf,bac/2020/fizica/teste-antrenament/2020-antrenament-01-tehnologic-subiect.pdf,263039,0e983c0d508df488ce1c577ce138a5f1b54dca1b2c22d9a1a55a14329e50bcf0
2020,fizica,Fizica,teste-antrenament,Test de antrenament 1,barem,2020-antrenament-01-teoretic-vocational-barem.pdf,bac/2020/fizica/teste-antrenament/2020-antrenament-01-teoretic-vocational-barem.pdf,234868,ae3f3383dd796f12e9d9ce373d618605970b7340c89b8f744b6954ef5018b97b
2020,fizica,Fizica,teste-antrenament,Test de antrenament 1,subiect,2020-antrenament-01-teoretic-vocational-subiect.pdf,bac/2020/fizica/teste-antrenament/2020-antrenament-01-teoretic-vocational-subiect.pdf,272214,973af0c8694451ada1066d78d39a83a966882e9a070fca52ed740579dcd85973
2020,fizica,Fizica,teste-antrenament,Test de antrenament 2,barem,2020-antrenament-02-tehnologic-barem.pdf,bac/2020/fizica/teste-antrenament/2020-antrenament-02-tehnologic-barem.pdf,228409,3126fbf27afbb276a45e8a3a002fd143de70875810c2243326468e9c9008b5ec
2020,fizica,Fizica,teste-antrenament,Test de antrenament 2,subiect,2020-antrenament-02-tehnologic-subiect.pdf,bac/2020/fizica/teste-antrenament/2020-antrenament-02-tehnologic-subiect.pdf,267003,12c2b804a49d8ec3f84964e6430543b2b54e0849213b92ec80905a3d38dd8a17
2020,fizica,Fizica,teste-antrenament,Test de antrenament 2,barem,2020-antrenament-02-teoretic-vocational-barem.pdf,bac/2020/fizica/teste-antrenament/2020-antrenament-02-teoretic-vocational-barem.pdf,243010,3330e751fb2bed5956693d507ac304f97c5b9e44eb17cdd4bd1d8e11b00b408a
2020,fizica,Fizica,teste-antrenament,Test de antrenament 2,subiect,2020-antrenament-02-teoretic-vocational-subiect.pdf,bac/2020/fizica/teste-antrenament/2020-antrenament-02-teoretic-vocational-subiect.pdf,287583,ca5f6c2e299fbf724e99bb79d4d3eb1da8fd4985b0a4254b1e42dd5d8cddfe29
2020,fizica,Fizica,teste-antrenament,Test de antrenament 3,barem,2020-antrenament-03-tehnologic-barem.pdf,bac/2020/fizica/teste-antrenament/2020-antrenament-03-tehnologic-barem.pdf,262211,5ad25236e6b0f53cc120efd22c882186d8e1dedb3d3ae478d43ab8c08fe3d2ab
2020,fizica,Fizica,teste-antrenament,Test de antrenament 3,subiect,2020-antrenament-03-tehnologic-subiect.pdf,bac/2020/fizica/teste-antrenament/2020-antrenament-03-tehnologic-subiect.pdf,300585,bd2a3ae01c93fa37b672e2b07a58c450d652e29a98054fc8a5aa3ae93144b604
2020,fizica,Fizica,teste-antrenament,Test de antrenament 3,barem,2020-antrenament-03-teoretic-vocational-barem.pdf,bac/2020/fizica/teste-antrenament/2020-antrenament-03-teoretic-vocational-barem.pdf,274087,6152e11003d485baa06c0a3f4454576286a0bb81a950a2b9b2a4455e4cc986ef
2020,fizica,Fizica,teste-antrenament,Test de antrenament 3,subiect,2020-antrenament-03-teoretic-vocational-subiect.pdf,bac/2020/fizica/teste-antrenament/2020-antrenament-03-teoretic-vocational-subiect.pdf,285890,1ec5de245d0d2676d2ba5716454ba650dbe3c1b3518024ee6849cb994528689e
2020,fizica,Fizica,teste-antrenament,Test de antrenament 4,barem,2020-antrenament-04-tehnologic-barem.pdf,bac/2020/fizica/teste-antrenament/2020-antrenament-04-tehnologic-barem.pdf,235552,635d41b686e61d26404843ac1782ddbe718b05056c97277d4b769ce6e0b53ee6
2020,fizica,Fizica,teste-antrenament,Test de antrenament 4,subiect,2020-antrenament-04-tehnologic-subiect.pdf,bac/2020/fizica/teste-antrenament/2020-antrenament-04-tehnologic-subiect.pdf,307255,6b40582b37f023f2dc53cd8a153bc91e8d4d05d3334a6300cbc3e73eaeb80437
2020,fizica,Fizica,teste-antrenament,Test de antrenament 4,barem,2020-antrenament-04-teoretic-vocational-barem.pdf,bac/2020/fizica/teste-antrenament/2020-antrenament-04-teoretic-vocational-barem.pdf,232116,7458aa980b78500ce94a206fa91506bc3a20e7a000c83eac76e39ad16535bec0
2020,fizica,Fizica,teste-antrenament,Test de antrenament 4,subiect,2020-antrenament-04-teoretic-vocational-subiect.pdf,bac/2020/fizica/teste-antrenament/2020-antrenament-04-teoretic-vocational-subiect.pdf,307566,e63054be212f173a236bf00706b319de60640ea8ca30db8458d997a02fc96f99
2020,fizica,Fizica,teste-antrenament,Test de antrenament 5,barem,2020-antrenament-05-tehnologic-barem.pdf,bac/2020/fizica/teste-antrenament/2020-antrenament-05-tehnologic-barem.pdf,251159,79b11f6df2d98f97383098b4eb95f9212e9016b4a3057d6c0c5cdc158851e357
2020,fizica,Fizica,teste-antrenament,Test de antrenament 5,subiect,2020-antrenament-05-tehnologic-subiect.pdf,bac/2020/fizica/teste-antrenament/2020-antrenament-05-tehnologic-subiect.pdf,251633,71acef7d5239926ea70101dc9d6e8895bf2ac0898614b07b0406578c189d6055
2020,fizica,Fizica,teste-antrenament,Test de antrenament 5,barem,2020-antrenament-05-teoretic-vocational-barem.pdf,bac/2020/fizica/teste-antrenament/2020-antrenament-05-teoretic-vocational-barem.pdf,238372,c9685be0138221c1ffefa338346951202810f36c7c85636d06f4369ab53dd8c3
2020,fizica,Fizica,teste-antrenament,Test de antrenament 5,subiect,2020-antrenament-05-teoretic-vocational-subiect.pdf,bac/2020/fizica/teste-antrenament/2020-antrenament-05-teoretic-vocational-subiect.pdf,277605,b99da31f9b80f2837d177af068d567379b19a819e4dcb0c413ae36bd22ed1c06
2020,fizica,Fizica,teste-antrenament,Test de antrenament 6,barem,2020-antrenament-06-tehnologic-barem.pdf,bac/2020/fizica/teste-antrenament/2020-antrenament-06-tehnologic-barem.pdf,245074,10dc116c330e4f33bb6752368df7782f38157230b6f07e7a8e4ed8a0b1ca4971
2020,fizica,Fizica,teste-antrenament,Test de antrenament 6,subiect,2020-antrenament-06-tehnologic-subiect.pdf,bac/2020/fizica/teste-antrenament/2020-antrenament-06-tehnologic-subiect.pdf,284523,5343944f641302c5d7ed682253108826fafd571514e45a4ab07b48e79728c628
2020,fizica,Fizica,teste-antrenament,Test de antrenament 6,barem,2020-antrenament-06-teoretic-vocational-barem.pdf,bac/2020/fizica/teste-antrenament/2020-antrenament-06-teoretic-vocational-barem.pdf,233344,22e8f8b6a3d26916b9aae022ae1cf8e6370f5d85f5b391e30261dd7842533a4e
2020,fizica,Fizica,teste-antrenament,Test de antrenament 6,subiect,2020-antrenament-06-teoretic-vocational-subiect.pdf,bac/2020/fizica/teste-antrenament/2020-antrenament-06-teoretic-vocational-subiect.pdf,269732,c8236eadf9aa1b1ec24fa95fd6b8b52b8d0bda461fd955967d0e5c8939306e28
2020,fizica,Fizica,teste-antrenament,Test de antrenament 7,barem,2020-antrenament-07-tehnologic-barem.pdf,bac/2020/fizica/teste-antrenament/2020-antrenament-07-tehnologic-barem.pdf,227075,0bc0a5786d224e6b7c57a9a77f6c74eca82f3ab359c8434f7be61982cf55395f
2020,fizica,Fizica,teste-antrenament,Test de antrenament 7,subiect,2020-antrenament-07-tehnologic-subiect.pdf,bac/2020/fizica/teste-antrenament/2020-antrenament-07-tehnologic-subiect.pdf,282513,96275bdf067104bb1a49c4fa09bc97261da2992d50052d7a832d309b2f9edc3c
2020,fizica,Fizica,teste-antrenament,Test de antrenament 7,barem,2020-antrenament-07-teoretic-vocational-barem.pdf,bac/2020/fizica/teste-antrenament/2020-antrenament-07-teoretic-vocational-barem.pdf,247389,8dcd2859a44edc520043bcd7f5663ec8df40578486a2c20fd0598913235a75a4
2020,fizica,Fizica,teste-antrenament,Test de antrenament 7,subiect,2020-antrenament-07-teoretic-vocational-subiect.pdf,bac/2020/fizica/teste-antrenament/2020-antrenament-07-teoretic-vocational-subiect.pdf,282007,4038e0bc71340670f5411802535e926b425b2e0970a816e9cda32062bd25dab5
2020,fizica,Fizica,teste-antrenament,Test de antrenament 8,barem,2020-antrenament-08-tehnologic-barem.pdf,bac/2020/fizica/teste-antrenament/2020-antrenament-08-tehnologic-barem.pdf,239461,aa5138a447363e86320081899f7ed6265597ccd65a735cd8332265ae4dc2d415
2020,fizica,Fizica,teste-antrenament,Test de antrenament 8,subiect,2020-antrenament-08-tehnologic-subiect.pdf,bac/2020/fizica/teste-antrenament/2020-antrenament-08-tehnologic-subiect.pdf,362599,273a3156af77ae888801475c37914c7a34a014738a2c634db496657d599648f7
2020,fizica,Fizica,teste-antrenament,Test de antrenament 8,barem,2020-antrenament-08-teoretic-vocational-barem.pdf,bac/2020/fizica/teste-antrenament/2020-antrenament-08-teoretic-vocational-barem.pdf,244422,caf03e7aa3af93908e4ada57dd28f64b6bf7d8ca4ae2b82b56d379821dd8ec91
2020,fizica,Fizica,teste-antrenament,Test de antrenament 8,subiect,2020-antrenament-08-teoretic-vocational-subiect.pdf,bac/2020/fizica/teste-antrenament/2020-antrenament-08-teoretic-vocational-subiect.pdf,385530,5ceb1b390798205ce2b1752c539a3d577e78ec4cd04059443ad75cf1fd4cce02
2020,fizica,Fizica,teste-antrenament,Test de antrenament 9,barem,2020-antrenament-09-tehnologic-barem.pdf,bac/2020/fizica/teste-antrenament/2020-antrenament-09-tehnologic-barem.pdf,240705,caef29235e299b1507a7d662f90e52e5b1afb85cbb4279dbc5321823a1e88380
2020,fizica,Fizica,teste-antrenament,Test de antrenament 9,subiect,2020-antrenament-09-tehnologic-subiect.pdf,bac/2020/fizica/teste-antrenament/2020-antrenament-09-tehnologic-subiect.pdf,274873,b5edecd000a8dfaf6f14a15f1ad25076e7c5ba30e3d7168747b0a49819e9a32e
2020,fizica,Fizica,teste-antrenament,Test de antrenament 9,barem,2020-antrenament-09-teoretic-vocational-barem.pdf,bac/2020/fizica/teste-antrenament/2020-antrenament-09-teoretic-vocational-barem.pdf,243305,29efbb43a39812e49644ac91272e9a5e7dcd9161300e224210d32f94121abb10
2020,fizica,Fizica,teste-antrenament,Test de antrenament 9,subiect,2020-antrenament-09-teoretic-vocational-subiect.pdf,bac/2020/fizica/teste-antrenament/2020-antrenament-09-teoretic-vocational-subiect.pdf,280623,f45a48c25806cb0dabdb77c245221efc55f2fa713aa8b5d3dd2ea05be335df87
2020,fizica,Fizica,teste-antrenament,Test de antrenament 10,barem,2020-antrenament-10-tehnologic-barem.pdf,bac/2020/fizica/teste-antrenament/2020-antrenament-10-tehnologic-barem.pdf,234811,aadab329ba323e6e12abd0e28735bfa302874aa68f24e56e294bb86d41cf9742
2020,fizica,Fizica,teste-antrenament,Test de antrenament 10,subiect,2020-antrenament-10-tehnologic-subiect.pdf,bac/2020/fizica/teste-antrenament/2020-antrenament-10-tehnologic-subiect.pdf,264982,363c31cba6a1ad29505da2921e6eff408ae051196e88f3263b7925d5fde5dfe2
2020,fizica,Fizica,teste-antrenament,Test de antrenament 10,barem,2020-antrenament-10-teoretic-vocational-barem.pdf,bac/2020/fizica/teste-antrenament/2020-antrenament-10-teoretic-vocational-barem.pdf,264233,95e74915d1dcb4fcdd597c93ae1ed313918d33d9ece20f448bed4f93be253fff
2020,fizica,Fizica,teste-antrenament,Test de antrenament 10,subiect,2020-antrenament-10-teoretic-vocational-subiect.pdf,bac/2020/fizica/teste-antrenament/2020-antrenament-10-teoretic-vocational-subiect.pdf,265472,9a29c3a451634f314f154e86f05239c0d28efd93679b76bdc2e309e31efe6180
2020,fizica,Fizica,teste-antrenament,Test de antrenament 11,barem,2020-antrenament-11-tehnologic-barem.pdf,bac/2020/fizica/teste-antrenament/2020-antrenament-11-tehnologic-barem.pdf,226216,a76ec0b1f6498c7a1ae6bb1a23488e25a77b0294fc634da558546f543a35ffee
2020,fizica,Fizica,teste-antrenament,Test de antrenament 11,subiect,2020-antrenament-11-tehnologic-subiect.pdf,bac/2020/fizica/teste-antrenament/2020-antrenament-11-tehnologic-subiect.pdf,298660,cc35bebebe2811cb0d1577a7ff1a540e8f39fa1835293dd412e753272f615873
2020,fizica,Fizica,teste-antrenament,Test de antrenament 11,barem,2020-antrenament-11-teoretic-vocational-barem.pdf,bac/2020/fizica/teste-antrenament/2020-antrenament-11-teoretic-vocational-barem.pdf,237012,e5f828c8020b9cae33e5a609234df9ce8f33c54eea6a19074de366f374c6a9d5
2020,fizica,Fizica,teste-antrenament,Test de antrenament 11,subiect,2020-antrenament-11-teoretic-vocational-subiect.pdf,bac/2020/fizica/teste-antrenament/2020-antrenament-11-teoretic-vocational-subiect.pdf,300879,429207f6cf0850502b022b260f0f567c0852ca54d18fe8f7dc1556df0d115d33
2020,fizica,Fizica,teste-antrenament,Test de antrenament 12,barem,2020-antrenament-12-tehnologic-barem.pdf,bac/2020/fizica/teste-antrenament/2020-antrenament-12-tehnologic-barem.pdf,236148,ddb4d4eaf57cebdb38e0d5db4ea8827a5331994c06d299d65edc559350ad8e53
2020,fizica,Fizica,teste-antrenament,Test de antrenament 12,subiect,2020-antrenament-12-tehnologic-subiect.pdf,bac/2020/fizica/teste-antrenament/2020-antrenament-12-tehnologic-subiect.pdf,280803,2921cfaa8054c489c6338f911ff71ffe0a2bec4a444eb97a95209dc846ee581f
2020,fizica,Fizica,teste-antrenament,Test de antrenament 12,barem,2020-antrenament-12-teoretic-vocational-barem.pdf,bac/2020/fizica/teste-antrenament/2020-antrenament-12-teoretic-vocational-barem.pdf,261210,1bc37c5e166de6305807609d21ea508b8f7a06d82517a408a27073401ca779d8
2020,fizica,Fizica,teste-antrenament,Test de antrenament 12,subiect,2020-antrenament-12-teoretic-vocational-subiect.pdf,bac/2020/fizica/teste-antrenament/2020-antrenament-12-teoretic-vocational-subiect.pdf,290489,27c98df50585fe19a12f17ba0cfea53fa1e259f5bdfa07988bf7c8c7a4d7cebd
2020,fizica,Fizica,teste-antrenament,Test de antrenament 13,barem,2020-antrenament-13-tehnologic-barem.pdf,bac/2020/fizica/teste-antrenament/2020-antrenament-13-tehnologic-barem.pdf,262121,f13d2d5ca89713b18e38e0d9ce3cd39c22d80b04d2e0dda94406c06c94e4db6c
2020,fizica,Fizica,teste-antrenament,Test de antrenament 13,subiect,2020-antrenament-13-tehnologic-subiect.pdf,bac/2020/fizica/teste-antrenament/2020-antrenament-13-tehnologic-subiect.pdf,310153,ddfcdacd01accf68f58e33802323f5247b64afca701356e35d813ec48b6fad99
2020,fizica,Fizica,teste-antrenament,Test de antrenament 13,barem,2020-antrenament-13-teoretic-vocational-barem.pdf,bac/2020/fizica/teste-antrenament/2020-antrenament-13-teoretic-vocational-barem.pdf,264122,cff8bf991d0b9637f9a8a67ab983ce288691919fbea5490dc299b3cadbc84477
2020,fizica,Fizica,teste-antrenament,Test de antrenament 13,subiect,2020-antrenament-13-teoretic-vocational-subiect.pdf,bac/2020/fizica/teste-antrenament/2020-antrenament-13-teoretic-vocational-subiect.pdf,294287,cc89dab39f61b03a55387cc5f9788835e91e3c84b110212ceb6f4c4ea0177db6
2020,fizica,Fizica,teste-antrenament,Test de antrenament 14,barem,2020-antrenament-14-tehnologic-barem.pdf,bac/2020/fizica/teste-antrenament/2020-antrenament-14-tehnologic-barem.pdf,230919,b20b0c2e6f1246fb2dac2b70193842cca31ca85fe4572068bd849a801804569a
2020,fizica,Fizica,teste-antrenament,Test de antrenament 14,subiect,2020-antrenament-14-tehnologic-subiect.pdf,bac/2020/fizica/teste-antrenament/2020-antrenament-14-tehnologic-subiect.pdf,277716,6538ef8f68dcc8732e31c90e8f4570bc8fb52fc105497d13daf9c6421c17a3c8
2020,fizica,Fizica,teste-antrenament,Test de antrenament 14,barem,2020-antrenament-14-teoretic-vocational-barem.pdf,bac/2020/fizica/teste-antrenament/2020-antrenament-14-teoretic-vocational-barem.pdf,249813,163ab974a7718b12ab2c6efbcb828ca372fdd01f0bcf8c317f6d5910832cea35
2020,fizica,Fizica,teste-antrenament,Test de antrenament 14,subiect,2020-antrenament-14-teoretic-vocational-subiect.pdf,bac/2020/fizica/teste-antrenament/2020-antrenament-14-teoretic-vocational-subiect.pdf,278679,04e749736790ba66e858425cd8292482fca6f2aaeb8f210ff544232a64cf3948
2020,fizica,Fizica,teste-antrenament,Test de antrenament 15,barem,2020-antrenament-15-tehnologic-barem.pdf,bac/2020/fizica/teste-antrenament/2020-antrenament-15-tehnologic-barem.pdf,253413,7b78fb6f08e95d20d2b5410dfbc694b5e2c7c99f846c3ca5dc80e5f5af83e6a1
2020,fizica,Fizica,teste-antrenament,Test de antrenament 15,subiect,2020-antrenament-15-tehnologic-subiect.pdf,bac/2020/fizica/teste-antrenament/2020-antrenament-15-tehnologic-subiect.pdf,339443,5c7a686e735bc4c1141c456b41c7d0b50d17999d89812207cb7601fadf119440
2020,fizica,Fizica,teste-antrenament,Test de antrenament 15,barem,2020-antrenament-15-teoretic-vocational-barem.pdf,bac/2020/fizica/teste-antrenament/2020-antrenament-15-teoretic-vocational-barem.pdf,242371,96be055c3a372518c40e5a5e814f3008b8991d2cfe147689e6944d7398374e40
2020,fizica,Fizica,teste-antrenament,Test de antrenament 15,subiect,2020-antrenament-15-teoretic-vocational-subiect.pdf,bac/2020/fizica/teste-antrenament/2020-antrenament-15-teoretic-vocational-subiect.pdf,341999,952ebbe7d978283ef7e32f340f4e9fe02dab95d10806bbd83e85b144c2ac2bb0
2020,fizica,Fizica,teste-antrenament,Test de antrenament 16,barem,2020-antrenament-16-tehnologic-barem.pdf,bac/2020/fizica/teste-antrenament/2020-antrenament-16-tehnologic-barem.pdf,225384,d0498e183a685e773b8468b6bab4a973732149eaa87ea40f6027997526696df6
2020,fizica,Fizica,teste-antrenament,Test de antrenament 16,subiect,2020-antrenament-16-tehnologic-subiect.pdf,bac/2020/fizica/teste-antrenament/2020-antrenament-16-tehnologic-subiect.pdf,291062,a22fd612a1c40408d0c131447c42b8a658cb8ccc8aacbbb76eb2f1cf3791c3f8
2020,fizica,Fizica,teste-antrenament,Test de antrenament 16,barem,2020-antrenament-16-teoretic-vocational-barem.pdf,bac/2020/fizica/teste-antrenament/2020-antrenament-16-teoretic-vocational-barem.pdf,261599,d8ef2b760ae0a2a9eb197ec9be61bd0f2931ad0ee8f46164072392b77d784dc5
2020,fizica,Fizica,teste-antrenament,Test de antrenament 16,subiect,2020-antrenament-16-teoretic-vocational-subiect.pdf,bac/2020/fizica/teste-antrenament/2020-antrenament-16-teoretic-vocational-subiect.pdf,292467,30e1735c07d05d22e4d3ccf500e4cf294d74b5827ddbd5a659e9a6019db44010
2020,fizica,Fizica,teste-antrenament,Test de antrenament 17,barem,2020-antrenament-17-tehnologic-barem.pdf,bac/2020/fizica/teste-antrenament/2020-antrenament-17-tehnologic-barem.pdf,241077,a307b7b34ad383e6de735e8b25f81c490cec4b9ba59d5d5c39c78f14f805acf6
2020,fizica,Fizica,teste-antrenament,Test de antrenament 17,subiect,2020-antrenament-17-tehnologic-subiect.pdf,bac/2020/fizica/teste-antrenament/2020-antrenament-17-tehnologic-subiect.pdf,283827,6c76b53abb5131e7a6bd88c14ef3b5aa9c09a1ae89ede3bfe16cd116b65021b0
2020,fizica,Fizica,teste-antrenament,Test de antrenament 17,barem,2020-antrenament-17-teoretic-vocational-barem.pdf,bac/2020/fizica/teste-antrenament/2020-antrenament-17-teoretic-vocational-barem.pdf,246546,ac72c694c55385251ddfae4869310204113e825631f7a21388d01f3b3fafcfeb
2020,fizica,Fizica,teste-antrenament,Test de antrenament 17,subiect,2020-antrenament-17-teoretic-vocational-subiect.pdf,bac/2020/fizica/teste-antrenament/2020-antrenament-17-teoretic-vocational-subiect.pdf,284544,a9c2a51b80acb44f33d5f12851a4cf5221dd28b3a005fe55607f4db7977b8a08
2020,fizica,Fizica,teste-antrenament,Test de antrenament 18,barem,2020-antrenament-18-tehnologic-barem.pdf,bac/2020/fizica/teste-antrenament/2020-antrenament-18-tehnologic-barem.pdf,232201,1e2e932eabc147e375ad50415e65864c2046b528031e2085c2fca44f080810ba
2020,fizica,Fizica,teste-antrenament,Test de antrenament 18,subiect,2020-antrenament-18-tehnologic-subiect.pdf,bac/2020/fizica/teste-antrenament/2020-antrenament-18-tehnologic-subiect.pdf,307944,0ab330a5afd0c4f2348876710f07596316d5dc6f9cf9fbb167e2f0a417bc265e
2020,fizica,Fizica,teste-antrenament,Test de antrenament 18,barem,2020-antrenament-18-teoretic-vocational-barem.pdf,bac/2020/fizica/teste-antrenament/2020-antrenament-18-teoretic-vocational-barem.pdf,237225,93af6a917e54150b475d70cedd672f8e7d7927b774b943e8055440d65f57fbc5
2020,fizica,Fizica,teste-antrenament,Test de antrenament 18,subiect,2020-antrenament-18-teoretic-vocational-subiect.pdf,bac/2020/fizica/teste-antrenament/2020-antrenament-18-teoretic-vocational-subiect.pdf,326654,a65369b09254753fd0b4cf4917266a1e3ece15e0329161853978e7421029d4cf
2020,fizica,Fizica,teste-antrenament,Test de antrenament 19,barem,2020-antrenament-19-tehnologic-barem.pdf,bac/2020/fizica/teste-antrenament/2020-antrenament-19-tehnologic-barem.pdf,231376,9cfaa9416220e7312da36c7122d9df8840654005ee2a474e7ddb283695ab1d0c
2020,fizica,Fizica,teste-antrenament,Test de antrenament 19,subiect,2020-antrenament-19-tehnologic-subiect.pdf,bac/2020/fizica/teste-antrenament/2020-antrenament-19-tehnologic-subiect.pdf,278528,0cf098d404263f756459c8c45a92ec5a5294c360e0d9480ff37c5c81130ae818
2020,fizica,Fizica,teste-antrenament,Test de antrenament 19,barem,2020-antrenament-19-teoretic-vocational-barem.pdf,bac/2020/fizica/teste-antrenament/2020-antrenament-19-teoretic-vocational-barem.pdf,243285,a1a600be1a323a8d1071e8ff893a4c5c61ade519234293cda4169fa9cfaecb30
2020,fizica,Fizica,teste-antrenament,Test de antrenament 19,subiect,2020-antrenament-19-teoretic-vocational-subiect.pdf,bac/2020/fizica/teste-antrenament/2020-antrenament-19-teoretic-vocational-subiect.pdf,256847,fa039ba1e9bbad63f4904fb5f30ae5ad04bb69b80fbe393aa915229c666cc05b
2020,fizica,Fizica,teste-antrenament,Test de antrenament 20,barem,2020-antrenament-20-tehnologic-barem.pdf,bac/2020/fizica/teste-antrenament/2020-antrenament-20-tehnologic-barem.pdf,246399,b55f30241497830ad88930146eb703b84a8249e6096e365a7a375b0a3af3c9f7
2020,fizica,Fizica,teste-antrenament,Test de antrenament 20,subiect,2020-antrenament-20-tehnologic-subiect.pdf,bac/2020/fizica/teste-antrenament/2020-antrenament-20-tehnologic-subiect.pdf,307013,f81f8ac4eb94c1589c32425a82c49591d71aab180f7b0ccbd5eaaa7d8724c3c7
2020,fizica,Fizica,teste-antrenament,Test de antrenament 20,barem,2020-antrenament-20-teoretic-vocational-barem.pdf,bac/2020/fizica/teste-antrenament/2020-antrenament-20-teoretic-vocational-barem.pdf,237622,2a3d6e180cb22833476e1c7f65f040c5381732b1e312be22f9651980ae818471
2020,fizica,Fizica,teste-antrenament,Test de antrenament 20,subiect,2020-antrenament-20-teoretic-vocational-subiect.pdf,bac/2020/fizica/teste-antrenament/2020-antrenament-20-teoretic-vocational-subiect.pdf,284660,b73c85b96b3f81869e569f1f097d03cc4f6697eb359b3069b07a838c5e538636
2020,geografie,Geografie,sesiune-august,Sesiunea august,barem,2020-august-barem.pdf,bac/2020/geografie/sesiune-august/2020-august-barem.pdf,101465,9540ea7a8f7f3ad246111deae0c29e63d9fbed61149650e092351e00d6840879
2020,geografie,Geografie,sesiune-august,Sesiunea august,subiect,2020-august-subiect.pdf,bac/2020/geografie/sesiune-august/2020-august-subiect.pdf,318544,1cf477b1c60dc5c1ac6b1f7dbac6444c36fef389e3b0c9ed8c0914e9aeb2c939
2020,geografie,Geografie,sesiune-iunie-iulie,Sesiunea iunie-iulie,barem,2020-iunie-iulie-barem.pdf,bac/2020/geografie/sesiune-iunie-iulie/2020-iunie-iulie-barem.pdf,103942,d21890152e11132ea099a26d61ab022f3e8c04ee14266b3c75c48abb64f2049c
2020,geografie,Geografie,sesiune-iunie-iulie,Sesiunea iunie-iulie,subiect,2020-iunie-iulie-subiect.pdf,bac/2020/geografie/sesiune-iunie-iulie/2020-iunie-iulie-subiect.pdf,318349,2893e16f883393c80d2b2ebfc20bc59635e31053cab5c9c376048f3e5c4b4654
2020,geografie,Geografie,sesiune-speciala,Sesiunea speciala,barem,2020-speciala-barem.pdf,bac/2020/geografie/sesiune-speciala/2020-speciala-barem.pdf,104434,a2d6d73b4d7d18d0ad40ae7ced5bde4ec2931c8e4e6572acb147d3b0a96fccb2
2020,geografie,Geografie,sesiune-speciala,Sesiunea speciala,subiect,2020-speciala-subiect.pdf,bac/2020/geografie/sesiune-speciala/2020-speciala-subiect.pdf,295716,83cee3d31a52d0887bb26d6e6ef0312eca128feb20129d0d657b6f4fee90d876
2020,geografie,Geografie,teste-antrenament,Test de antrenament 1,barem,2020-antrenament-01-barem.pdf,bac/2020/geografie/teste-antrenament/2020-antrenament-01-barem.pdf,370614,3fe37105564506f932199b65348b1d3cfeec4462261720aae249ad22ebb9824c
2020,geografie,Geografie,teste-antrenament,Test de antrenament 1,subiect,2020-antrenament-01-subiect.pdf,bac/2020/geografie/teste-antrenament/2020-antrenament-01-subiect.pdf,530786,7f78df6aa0988889d598ca44c13c53e11a6c23ebe6471e3035a8283137304cf3
2020,geografie,Geografie,teste-antrenament,Test de antrenament 2,barem,2020-antrenament-02-barem.pdf,bac/2020/geografie/teste-antrenament/2020-antrenament-02-barem.pdf,371969,b930a4e845c02b44d044a01270b076cf7ea97ac3a81f6810985d0ebab0bc158b
2020,geografie,Geografie,teste-antrenament,Test de antrenament 2,subiect,2020-antrenament-02-subiect.pdf,bac/2020/geografie/teste-antrenament/2020-antrenament-02-subiect.pdf,507808,8acb3bae92b5852c4129827df84f5d3e684312cf98f4aad0db18fecc1f62ddb6
2020,geografie,Geografie,teste-antrenament,Test de antrenament 3,barem,2020-antrenament-03-barem.pdf,bac/2020/geografie/teste-antrenament/2020-antrenament-03-barem.pdf,373489,f299bfcea61edbf820df1fa4f5208d2608b81dd944831e6ec384b8a3504e7e4e
2020,geografie,Geografie,teste-antrenament,Test de antrenament 3,subiect,2020-antrenament-03-subiect.pdf,bac/2020/geografie/teste-antrenament/2020-antrenament-03-subiect.pdf,508359,5d9ed66a8cebbb18a414b7f3e82b90556073e2408342c600d561dbf24d12e9ab
2020,geografie,Geografie,teste-antrenament,Test de antrenament 4,barem,2020-antrenament-04-barem.pdf,bac/2020/geografie/teste-antrenament/2020-antrenament-04-barem.pdf,370035,92213ad9c32f061715db38f0f209938ff65e8516e30830f1a6b0db8566c0abcd
2020,geografie,Geografie,teste-antrenament,Test de antrenament 4,subiect,2020-antrenament-04-subiect.pdf,bac/2020/geografie/teste-antrenament/2020-antrenament-04-subiect.pdf,534093,d6d03ddeebda2d8809a2efbba222dae8815e25ac297c55c37367ec448583c45f
2020,geografie,Geografie,teste-antrenament,Test de antrenament 5,barem,2020-antrenament-05-barem.pdf,bac/2020/geografie/teste-antrenament/2020-antrenament-05-barem.pdf,374226,9b9febe7373d7a9416ce8cdb0d98225403017b60de581e13fd54532b5c7dc88d
2020,geografie,Geografie,teste-antrenament,Test de antrenament 5,subiect,2020-antrenament-05-subiect.pdf,bac/2020/geografie/teste-antrenament/2020-antrenament-05-subiect.pdf,527886,4c4176a3fa93d51cb7eb1c390ac7adca9fa03047a6509b72a8ba07353250a043
2020,geografie,Geografie,teste-antrenament,Test de antrenament 6,barem,2020-antrenament-06-barem.pdf,bac/2020/geografie/teste-antrenament/2020-antrenament-06-barem.pdf,372360,427b21886bf4387922dc6d604102489e5c31e9a59c3b979656cc17ff2b33bc33
2020,geografie,Geografie,teste-antrenament,Test de antrenament 6,subiect,2020-antrenament-06-subiect.pdf,bac/2020/geografie/teste-antrenament/2020-antrenament-06-subiect.pdf,613433,6ad580655d3b04999b797739d5056e19eef9996d49cb25e2eb297084f8465350
2020,geografie,Geografie,teste-antrenament,Test de antrenament 7,barem,2020-antrenament-07-barem.pdf,bac/2020/geografie/teste-antrenament/2020-antrenament-07-barem.pdf,373407,ac51f0c8aacf7f8c226f0fa65c4f0583c9a0d778d3aa22e092e53e50128927f1
2020,geografie,Geografie,teste-antrenament,Test de antrenament 7,subiect,2020-antrenament-07-subiect.pdf,bac/2020/geografie/teste-antrenament/2020-antrenament-07-subiect.pdf,526906,07dbf4a59a5de328877b319e0c5c65af59f424431a1138ba281526aaf1f3fd0c
2020,geografie,Geografie,teste-antrenament,Test de antrenament 8,barem,2020-antrenament-08-barem.pdf,bac/2020/geografie/teste-antrenament/2020-antrenament-08-barem.pdf,371314,395b42b9ee6f73d66d9367692f7dcd2d2e54bd7732ac8b24824b499216d850cd
2020,geografie,Geografie,teste-antrenament,Test de antrenament 8,subiect,2020-antrenament-08-subiect.pdf,bac/2020/geografie/teste-antrenament/2020-antrenament-08-subiect.pdf,500447,a27a2d3ab5964c4a2d0603937dd52f5cdb785098cabb0c97998cbd2cf4316d04
2020,geografie,Geografie,teste-antrenament,Test de antrenament 9,barem,2020-antrenament-09-barem.pdf,bac/2020/geografie/teste-antrenament/2020-antrenament-09-barem.pdf,373569,24cce2122a2803433542c6d7f6beaef914889c8ac3a582344edb14ed4bb26b44
2020,geografie,Geografie,teste-antrenament,Test de antrenament 9,subiect,2020-antrenament-09-subiect.pdf,bac/2020/geografie/teste-antrenament/2020-antrenament-09-subiect.pdf,653834,e44923d6717daa224a67c7d1ec9502bf81e1488fd6b6033eeaef893b4ae9d070
2020,geografie,Geografie,teste-antrenament,Test de antrenament 10,barem,2020-antrenament-10-barem.pdf,bac/2020/geografie/teste-antrenament/2020-antrenament-10-barem.pdf,372202,2e69209b61097a3b46edc78e156da7ab0a734aeed92bfe5ae708f3e1cc94b7fc
2020,geografie,Geografie,teste-antrenament,Test de antrenament 10,subiect,2020-antrenament-10-subiect.pdf,bac/2020/geografie/teste-antrenament/2020-antrenament-10-subiect.pdf,523724,6678b7d7f574ad03ccdb27b71b4c28a2c41b024039146b857b1b9668637f34e5
2020,geografie,Geografie,teste-antrenament,Test de antrenament 11,barem,2020-antrenament-11-barem.pdf,bac/2020/geografie/teste-antrenament/2020-antrenament-11-barem.pdf,372750,7ffe76b001002dc42080507fe3a07ada8524e88e6a4bc0bdf06cd610a12540be
2020,geografie,Geografie,teste-antrenament,Test de antrenament 11,subiect,2020-antrenament-11-subiect.pdf,bac/2020/geografie/teste-antrenament/2020-antrenament-11-subiect.pdf,502750,a2907e771fb033a956e771c0d53e8dde5d181f15f595bcd755b0086021883cba
2020,geografie,Geografie,teste-antrenament,Test de antrenament 12,barem,2020-antrenament-12-barem.pdf,bac/2020/geografie/teste-antrenament/2020-antrenament-12-barem.pdf,372045,68f90c2896ce9a9ac49c1d1f250f792d167edd63370e85e336dc54ee4d8d228a
2020,geografie,Geografie,teste-antrenament,Test de antrenament 12,subiect,2020-antrenament-12-subiect.pdf,bac/2020/geografie/teste-antrenament/2020-antrenament-12-subiect.pdf,498544,31396b89e9fd1aba15dde4407a25b7ef0945f5cc09a863de40186ac431ce3bc0
2020,geografie,Geografie,teste-antrenament,Test de antrenament 13,barem,2020-antrenament-13-barem.pdf,bac/2020/geografie/teste-antrenament/2020-antrenament-13-barem.pdf,372622,80959bb5a256be2e8184a52d6fb885450d7657022823ed9cdf19e1024dff941b
2020,geografie,Geografie,teste-antrenament,Test de antrenament 13,subiect,2020-antrenament-13-subiect.pdf,bac/2020/geografie/teste-antrenament/2020-antrenament-13-subiect.pdf,511316,3832102de2e89c2139c3aba7523c526c6cae8491f112ed022c5d574d8ce9d4ee
2020,geografie,Geografie,teste-antrenament,Test de antrenament 14,barem,2020-antrenament-14-barem.pdf,bac/2020/geografie/teste-antrenament/2020-antrenament-14-barem.pdf,373250,8f5105d0e10e54c454bef03d1c29bc53cd07fe0c6ea350d3939066667896fb35
2020,geografie,Geografie,teste-antrenament,Test de antrenament 14,subiect,2020-antrenament-14-subiect.pdf,bac/2020/geografie/teste-antrenament/2020-antrenament-14-subiect.pdf,510829,6d2d51abbcf8faef8ea326e2ac18f8c4a66254f52ba5be42b75bf8243510fbde
2020,geografie,Geografie,teste-antrenament,Test de antrenament 15,barem,2020-antrenament-15-barem.pdf,bac/2020/geografie/teste-antrenament/2020-antrenament-15-barem.pdf,371043,3a35910dfb65f6b270c9d9940a129ceb50c29eb1f5665b37308a311a8e70e20e
2020,geografie,Geografie,teste-antrenament,Test de antrenament 15,subiect,2020-antrenament-15-subiect.pdf,bac/2020/geografie/teste-antrenament/2020-antrenament-15-subiect.pdf,500601,2c3a839cc38a46e85bff83a60373acaa13a2538ae6e22b51f4e41b5a88607a7a
2020,geografie,Geografie,teste-antrenament,Test de antrenament 16,barem,2020-antrenament-16-barem.pdf,bac/2020/geografie/teste-antrenament/2020-antrenament-16-barem.pdf,370934,a071bee6bd39f5bd660447d9cd73d9e8fc61e29b70f0c28e340e6fffe25043d8
2020,geografie,Geografie,teste-antrenament,Test de antrenament 16,subiect,2020-antrenament-16-subiect.pdf,bac/2020/geografie/teste-antrenament/2020-antrenament-16-subiect.pdf,493355,4cae272e2add6447cf6fe17d3bd8d0f43714663ec9b0f551e3d81915c291116e
2020,geografie,Geografie,teste-antrenament,Test de antrenament 17,barem,2020-antrenament-17-barem.pdf,bac/2020/geografie/teste-antrenament/2020-antrenament-17-barem.pdf,372132,0ee6e799a5f745bef51eb710738a73337d21f3f3c6f35e59df29524502fa8307
2020,geografie,Geografie,teste-antrenament,Test de antrenament 17,subiect,2020-antrenament-17-subiect.pdf,bac/2020/geografie/teste-antrenament/2020-antrenament-17-subiect.pdf,497677,cf3e3eeca6a5e391cca92c8f8f05bc04f9846b6152ac622232148c2c32b1d466
2020,geografie,Geografie,teste-antrenament,Test de antrenament 18,barem,2020-antrenament-18-barem.pdf,bac/2020/geografie/teste-antrenament/2020-antrenament-18-barem.pdf,371435,6c0bbc1404232fc56c4b7b3742670a0f59ebb8aed41d3a35ba5eabd7f64f8438
2020,geografie,Geografie,teste-antrenament,Test de antrenament 18,subiect,2020-antrenament-18-subiect.pdf,bac/2020/geografie/teste-antrenament/2020-antrenament-18-subiect.pdf,525927,63b0b01cea895e918083df4d4d54a583d37ec30af7829121486f4d958415bacc
2020,geografie,Geografie,teste-antrenament,Test de antrenament 19,barem,2020-antrenament-19-barem.pdf,bac/2020/geografie/teste-antrenament/2020-antrenament-19-barem.pdf,371993,a98d0c66846ce27e89a691d6aa385beff0a0a50502951a57418ba4dc32c584d7
2020,geografie,Geografie,teste-antrenament,Test de antrenament 19,subiect,2020-antrenament-19-subiect.pdf,bac/2020/geografie/teste-antrenament/2020-antrenament-19-subiect.pdf,516482,25b247ccc8607302d60e6968f37b86c4bc004f766e8aff4f33f44bf0c1b24189
2020,geografie,Geografie,teste-antrenament,Test de antrenament 20,barem,2020-antrenament-20-barem.pdf,bac/2020/geografie/teste-antrenament/2020-antrenament-20-barem.pdf,373300,76ac73ddc2fbe9014288d66b976ef96238f4e9de10a2915e931c2e3ee1f2e837
2020,geografie,Geografie,teste-antrenament,Test de antrenament 20,subiect,2020-antrenament-20-subiect.pdf,bac/2020/geografie/teste-antrenament/2020-antrenament-20-subiect.pdf,495963,862629e5f78c0f28ef885dfcbbb5b2db99f99262b799cf02f68672ceb09aa559
2020,informatica,Informatica,sesiune-august,Sesiunea august,barem,2020-august-mate-info-barem.pdf,bac/2020/informatica/sesiune-august/2020-august-mate-info-barem.pdf,136050,39a74875aa8ec876230e88940dd3c10082e672325865afcceb5cf2325255a6ec
2020,informatica,Informatica,sesiune-august,Sesiunea august,subiect,2020-august-mate-info-subiect.pdf,bac/2020/informatica/sesiune-august/2020-august-mate-info-subiect.pdf,174135,d97227dd7451ce5b9562583be7b1555725cf105726c6bf867bbf7826a0733e71
2020,informatica,Informatica,sesiune-august,Sesiunea august,barem,2020-august-stiinte-naturii-barem.pdf,bac/2020/informatica/sesiune-august/2020-august-stiinte-naturii-barem.pdf,131095,40b389129520521d0156f1a10642577ab7d9a460b4dac443a39956bc37766b7e
2020,informatica,Informatica,sesiune-august,Sesiunea august,subiect,2020-august-stiinte-naturii-subiect.pdf,bac/2020/informatica/sesiune-august/2020-august-stiinte-naturii-subiect.pdf,153648,82df7cff2b1df7208c2d69095a47ac1135e184bc4cd7d0527e90c8a082e4d607
2020,informatica,Informatica,sesiune-iunie-iulie,Sesiunea iunie-iulie,barem,2020-iunie-iulie-mate-info-barem.pdf,bac/2020/informatica/sesiune-iunie-iulie/2020-iunie-iulie-mate-info-barem.pdf,137850,45db5221d830ac36005936f49410c46c29850e19344c9214d7002a7ac32c4bdd
2020,informatica,Informatica,sesiune-iunie-iulie,Sesiunea iunie-iulie,subiect,2020-iunie-iulie-mate-info-subiect.pdf,bac/2020/informatica/sesiune-iunie-iulie/2020-iunie-iulie-mate-info-subiect.pdf,160931,4af7befec88c1d6131c12bf5a681da2c8a98dd5d006343307da8981ad281e0ae
2020,informatica,Informatica,sesiune-iunie-iulie,Sesiunea iunie-iulie,barem,2020-iunie-iulie-stiinte-naturii-barem.pdf,bac/2020/informatica/sesiune-iunie-iulie/2020-iunie-iulie-stiinte-naturii-barem.pdf,131525,7b6475011a7219626ae7db208a059338233a3e52b4b7c8351fd6989e37be3d7b
2020,informatica,Informatica,sesiune-iunie-iulie,Sesiunea iunie-iulie,subiect,2020-iunie-iulie-stiinte-naturii-subiect.pdf,bac/2020/informatica/sesiune-iunie-iulie/2020-iunie-iulie-stiinte-naturii-subiect.pdf,153299,1856e251d0ebf048d45eaaacd9242868337df3ad997a888d9f28163891db178c
2020,informatica,Informatica,sesiune-speciala,Sesiunea speciala,barem,2020-speciala-mate-info-barem.pdf,bac/2020/informatica/sesiune-speciala/2020-speciala-mate-info-barem.pdf,136318,d799fe9e468699a0de6e9598cd7fd67eff62bee2212f5739c845a1b92d5937bb
2020,informatica,Informatica,sesiune-speciala,Sesiunea speciala,subiect,2020-speciala-mate-info-subiect.pdf,bac/2020/informatica/sesiune-speciala/2020-speciala-mate-info-subiect.pdf,218818,6b95ebc449d98761c434742942c21eeccdccbde03c6a8f3f1261abb9ca2f0d60
2020,informatica,Informatica,teste-antrenament,Test de antrenament 1,barem,2020-antrenament-01-mate-info-barem.pdf,bac/2020/informatica/teste-antrenament/2020-antrenament-01-mate-info-barem.pdf,199883,41220a84cbc926e54aa5d7fac839d7497df2cbd2fe0c3eb0bab47fe94768d318
2020,informatica,Informatica,teste-antrenament,Test de antrenament 1,subiect,2020-antrenament-01-mate-info-subiect.pdf,bac/2020/informatica/teste-antrenament/2020-antrenament-01-mate-info-subiect.pdf,272867,4e15733284da2d71137c65011d251c54f4e824e9e78393b5f3c68b17becd68a2
2020,informatica,Informatica,teste-antrenament,Test de antrenament 1,barem,2020-antrenament-01-stiinte-naturii-barem.pdf,bac/2020/informatica/teste-antrenament/2020-antrenament-01-stiinte-naturii-barem.pdf,194360,50abb057bdbeedf90d6393e817efd5fe7cfceffca87f1e5f9de721806df7d14a
2020,informatica,Informatica,teste-antrenament,Test de antrenament 1,subiect,2020-antrenament-01-stiinte-naturii-subiect.pdf,bac/2020/informatica/teste-antrenament/2020-antrenament-01-stiinte-naturii-subiect.pdf,244024,891f417ab6d8a895dd7ce99d128cbbf0c19d2506e439eb5e4a0dc3ba0a21522e
2020,informatica,Informatica,teste-antrenament,Test de antrenament 2,barem,2020-antrenament-02-mate-info-barem.pdf,bac/2020/informatica/teste-antrenament/2020-antrenament-02-mate-info-barem.pdf,198706,4e7008636f72cb4cb296f7aa1f063784467233489b2ba6232517dfd738ff83f1
2020,informatica,Informatica,teste-antrenament,Test de antrenament 2,subiect,2020-antrenament-02-mate-info-subiect.pdf,bac/2020/informatica/teste-antrenament/2020-antrenament-02-mate-info-subiect.pdf,247074,d21dab78825ebcfd26fc92ce7182344b6586b3d68f6de5b02b9ff7dd1b71fbcd
2020,informatica,Informatica,teste-antrenament,Test de antrenament 2,barem,2020-antrenament-02-stiinte-naturii-barem.pdf,bac/2020/informatica/teste-antrenament/2020-antrenament-02-stiinte-naturii-barem.pdf,197973,7e4154387daff9fbd86d051f1908e75a346f8a798c7c02d1d6cb548f434adb59
2020,informatica,Informatica,teste-antrenament,Test de antrenament 2,subiect,2020-antrenament-02-stiinte-naturii-subiect.pdf,bac/2020/informatica/teste-antrenament/2020-antrenament-02-stiinte-naturii-subiect.pdf,245167,1f557a26bd6f7cd17ff0d164cc67a0db629dabe746a0e2ee0eaae2c959463b3e
2020,informatica,Informatica,teste-antrenament,Test de antrenament 3,barem,2020-antrenament-03-mate-info-barem.pdf,bac/2020/informatica/teste-antrenament/2020-antrenament-03-mate-info-barem.pdf,196229,f3845d027e106bcbdda53775982c1725c74c46113c2ff74b5e624acddf576372
2020,informatica,Informatica,teste-antrenament,Test de antrenament 3,subiect,2020-antrenament-03-mate-info-subiect.pdf,bac/2020/informatica/teste-antrenament/2020-antrenament-03-mate-info-subiect.pdf,251763,7f2d0d367f486f42620b6e9348c1b56e2a43d372d31ef31f667d4225803d98be
2020,informatica,Informatica,teste-antrenament,Test de antrenament 3,barem,2020-antrenament-03-stiinte-naturii-barem.pdf,bac/2020/informatica/teste-antrenament/2020-antrenament-03-stiinte-naturii-barem.pdf,194998,41008239e688dab1e42d711621afdab12fdfa74005d5fcd668ee6cb60daad012
2020,informatica,Informatica,teste-antrenament,Test de antrenament 3,subiect,2020-antrenament-03-stiinte-naturii-subiect.pdf,bac/2020/informatica/teste-antrenament/2020-antrenament-03-stiinte-naturii-subiect.pdf,248078,f4b8d9abd518dfed930f9b5aa6c70061e7e143bbce7de67a62bfe1996073ac9b
2020,informatica,Informatica,teste-antrenament,Test de antrenament 4,barem,2020-antrenament-04-mate-info-barem.pdf,bac/2020/informatica/teste-antrenament/2020-antrenament-04-mate-info-barem.pdf,200874,4c8e1354e2f9d9ea067cf9f403da62064124314c67fc6180ff88d242d21127ba
2020,informatica,Informatica,teste-antrenament,Test de antrenament 4,subiect,2020-antrenament-04-mate-info-subiect.pdf,bac/2020/informatica/teste-antrenament/2020-antrenament-04-mate-info-subiect.pdf,252393,f7ba83061f2062d0b4291d1d1e60ceefa36eda8ddf4f5cab2fb01da3ceef4d1d
2020,informatica,Informatica,teste-antrenament,Test de antrenament 4,barem,2020-antrenament-04-stiinte-naturii-barem.pdf,bac/2020/informatica/teste-antrenament/2020-antrenament-04-stiinte-naturii-barem.pdf,198170,bef3e1f904591266da7dfe5bd7aa8b7d0e4f099b1c96d479922a0cbd6b0996c8
2020,informatica,Informatica,teste-antrenament,Test de antrenament 4,subiect,2020-antrenament-04-stiinte-naturii-subiect.pdf,bac/2020/informatica/teste-antrenament/2020-antrenament-04-stiinte-naturii-subiect.pdf,242022,35e0e1fec5940af3f1d2c4bfb24dc3431af1fb8553306988951fe74df77dbf91
2020,informatica,Informatica,teste-antrenament,Test de antrenament 5,barem,2020-antrenament-05-mate-info-barem.pdf,bac/2020/informatica/teste-antrenament/2020-antrenament-05-mate-info-barem.pdf,197362,15ed87dea99569cb8fdd12a59c35d72720a50d458c3972d50c13b4b539bfdcda
2020,informatica,Informatica,teste-antrenament,Test de antrenament 5,subiect,2020-antrenament-05-mate-info-subiect.pdf,bac/2020/informatica/teste-antrenament/2020-antrenament-05-mate-info-subiect.pdf,247228,9361c98ecac7823658251a39565a8e9b81208977a565421fd47d94f224d77d93
2020,informatica,Informatica,teste-antrenament,Test de antrenament 5,barem,2020-antrenament-05-stiinte-naturii-barem.pdf,bac/2020/informatica/teste-antrenament/2020-antrenament-05-stiinte-naturii-barem.pdf,193992,fdfb54949d3995fee56b20b0f309e4b9eadf93a1665f79c212c3c782f9b05c0c
2020,informatica,Informatica,teste-antrenament,Test de antrenament 5,subiect,2020-antrenament-05-stiinte-naturii-subiect.pdf,bac/2020/informatica/teste-antrenament/2020-antrenament-05-stiinte-naturii-subiect.pdf,239868,edde62b65a4fc45d0e83f7d338c9540e42294fbc4aacb4ad783c39bc7389d855
2020,informatica,Informatica,teste-antrenament,Test de antrenament 6,barem,2020-antrenament-06-mate-info-barem.pdf,bac/2020/informatica/teste-antrenament/2020-antrenament-06-mate-info-barem.pdf,198010,95064f9eac4cad6f23e6bf6a1c302bffaa1924aa874135c1459fe436df74b652
2020,informatica,Informatica,teste-antrenament,Test de antrenament 6,subiect,2020-antrenament-06-mate-info-subiect.pdf,bac/2020/informatica/teste-antrenament/2020-antrenament-06-mate-info-subiect.pdf,246110,e4929aa7f55aa55a160841cc1016064aa2398b51ebe4a0f1a89332346e68b7ce
2020,informatica,Informatica,teste-antrenament,Test de antrenament 6,barem,2020-antrenament-06-stiinte-naturii-barem.pdf,bac/2020/informatica/teste-antrenament/2020-antrenament-06-stiinte-naturii-barem.pdf,195442,29d057f8b8d56bd41be5b1040b87c8b482da079f446104ff7dbec7a4d8cd5ef7
2020,informatica,Informatica,teste-antrenament,Test de antrenament 6,subiect,2020-antrenament-06-stiinte-naturii-subiect.pdf,bac/2020/informatica/teste-antrenament/2020-antrenament-06-stiinte-naturii-subiect.pdf,267420,7135622f12c7c4373d4d8458e078ebdc7fa62570dbc8adb57c1f6733b4393313
2020,informatica,Informatica,teste-antrenament,Test de antrenament 7,barem,2020-antrenament-07-mate-info-barem.pdf,bac/2020/informatica/teste-antrenament/2020-antrenament-07-mate-info-barem.pdf,199963,cc34205273aaf8fe81e09372bdcf7ec08765c9627cf42efad3a321e4811d0cc5
2020,informatica,Informatica,teste-antrenament,Test de antrenament 7,subiect,2020-antrenament-07-mate-info-subiect.pdf,bac/2020/informatica/teste-antrenament/2020-antrenament-07-mate-info-subiect.pdf,250104,0a872ae6a08f305c06b58511c71aaac5898a9a4e194694671f18cc7694088771
2020,informatica,Informatica,teste-antrenament,Test de antrenament 7,barem,2020-antrenament-07-stiinte-naturii-barem.pdf,bac/2020/informatica/teste-antrenament/2020-antrenament-07-stiinte-naturii-barem.pdf,198949,a298fcbcaa6db332e09f7f012778ab44556a1a4ed14005fa9057ecc5b7491c36
2020,informatica,Informatica,teste-antrenament,Test de antrenament 7,subiect,2020-antrenament-07-stiinte-naturii-subiect.pdf,bac/2020/informatica/teste-antrenament/2020-antrenament-07-stiinte-naturii-subiect.pdf,241104,6a2df6e8b9c1a5f8a50bd7097ab917e78b7e130f94f31b806ef6a1ed1ed626c0
2020,informatica,Informatica,teste-antrenament,Test de antrenament 8,barem,2020-antrenament-08-mate-info-barem.pdf,bac/2020/informatica/teste-antrenament/2020-antrenament-08-mate-info-barem.pdf,198677,4320b922eb1ae4ee24fb1ca2b47ce90cc191c4714d479c78a1d24a88b0d7ca69
2020,informatica,Informatica,teste-antrenament,Test de antrenament 8,subiect,2020-antrenament-08-mate-info-subiect.pdf,bac/2020/informatica/teste-antrenament/2020-antrenament-08-mate-info-subiect.pdf,248511,19779b7c74958d88c39ad81f308d940e6f89c81c8ca43d8b14aa648baebed828
2020,informatica,Informatica,teste-antrenament,Test de antrenament 8,barem,2020-antrenament-08-stiinte-naturii-barem.pdf,bac/2020/informatica/teste-antrenament/2020-antrenament-08-stiinte-naturii-barem.pdf,198649,645dafcfb9b9022450dd4f1726285608c6074a10454262ae9254a729d28a99f0
2020,informatica,Informatica,teste-antrenament,Test de antrenament 8,subiect,2020-antrenament-08-stiinte-naturii-subiect.pdf,bac/2020/informatica/teste-antrenament/2020-antrenament-08-stiinte-naturii-subiect.pdf,242757,a825b8bbfb2e28dabc452074e9e11c061101f1df8dea229ea707928992a97e02
2020,informatica,Informatica,teste-antrenament,Test de antrenament 9,barem,2020-antrenament-09-mate-info-barem.pdf,bac/2020/informatica/teste-antrenament/2020-antrenament-09-mate-info-barem.pdf,200248,6c6955b0182f02dd2ee1c7359c2f87f568f3a283bef00390bd94161d42e1f3f5
2020,informatica,Informatica,teste-antrenament,Test de antrenament 9,subiect,2020-antrenament-09-mate-info-subiect.pdf,bac/2020/informatica/teste-antrenament/2020-antrenament-09-mate-info-subiect.pdf,246946,3c85016f7032177dc587f31957c6097ac4ebd7ead3ddbe41921d3749a063e0b9
2020,informatica,Informatica,teste-antrenament,Test de antrenament 9,barem,2020-antrenament-09-stiinte-naturii-barem.pdf,bac/2020/informatica/teste-antrenament/2020-antrenament-09-stiinte-naturii-barem.pdf,199181,a6d754d557521831d3d53924b80d0b09ca6041b2019b7643bb7fa4fae1dc9cbd
2020,informatica,Informatica,teste-antrenament,Test de antrenament 9,subiect,2020-antrenament-09-stiinte-naturii-subiect.pdf,bac/2020/informatica/teste-antrenament/2020-antrenament-09-stiinte-naturii-subiect.pdf,243238,71e9ee8188bd7da520f944de22414fa4fac7379793c8ea51628effec5f1c80c9
2020,informatica,Informatica,teste-antrenament,Test de antrenament 10,barem,2020-antrenament-10-mate-info-barem.pdf,bac/2020/informatica/teste-antrenament/2020-antrenament-10-mate-info-barem.pdf,199950,df235f119e73e8a5732805f8d7319e099a6c44271d229663e071f5d82b9d2861
2020,informatica,Informatica,teste-antrenament,Test de antrenament 10,subiect,2020-antrenament-10-mate-info-subiect.pdf,bac/2020/informatica/teste-antrenament/2020-antrenament-10-mate-info-subiect.pdf,246877,8328868b89e89b887802560ac15478748a51884d0b5a05465c019fcf0f543d52
2020,informatica,Informatica,teste-antrenament,Test de antrenament 10,barem,2020-antrenament-10-stiinte-naturii-barem.pdf,bac/2020/informatica/teste-antrenament/2020-antrenament-10-stiinte-naturii-barem.pdf,200668,d288d05297dde1c12cc368ef3eed8b0d94f253454d5a85b3bb664324ca8fb166
2020,informatica,Informatica,teste-antrenament,Test de antrenament 10,subiect,2020-antrenament-10-stiinte-naturii-subiect.pdf,bac/2020/informatica/teste-antrenament/2020-antrenament-10-stiinte-naturii-subiect.pdf,241302,2f494b018318e8a7ba434ad2f9d49d74964fdb5bede6ea41d1f7aa491d8c9706
2020,informatica,Informatica,teste-antrenament,Test de antrenament 11,barem,2020-antrenament-11-mate-info-barem.pdf,bac/2020/informatica/teste-antrenament/2020-antrenament-11-mate-info-barem.pdf,195932,8b6269ac9c0acea2c46b9dd3dd7b5a2abe2cf2ed6f76d4c84bae35b8433639e3
2020,informatica,Informatica,teste-antrenament,Test de antrenament 11,subiect,2020-antrenament-11-mate-info-subiect.pdf,bac/2020/informatica/teste-antrenament/2020-antrenament-11-mate-info-subiect.pdf,231216,16f697212b9bbe8fd784ec636c028f415ffc56675a9b5bb1fdaede0ffba32ec9
2020,informatica,Informatica,teste-antrenament,Test de antrenament 11,barem,2020-antrenament-11-stiinte-naturii-barem.pdf,bac/2020/informatica/teste-antrenament/2020-antrenament-11-stiinte-naturii-barem.pdf,193203,e6d745ce394b8150c919b0a774fda6784751278752c43d9dfb0c4725fcb0c34e
2020,informatica,Informatica,teste-antrenament,Test de antrenament 11,subiect,2020-antrenament-11-stiinte-naturii-subiect.pdf,bac/2020/informatica/teste-antrenament/2020-antrenament-11-stiinte-naturii-subiect.pdf,225636,a3678344ea52a66d3ca777ce1b0784cfa36015d4b0d3fba100b40794a90e38ae
2020,informatica,Informatica,teste-antrenament,Test de antrenament 12,barem,2020-antrenament-12-mate-info-barem.pdf,bac/2020/informatica/teste-antrenament/2020-antrenament-12-mate-info-barem.pdf,195822,db885d53bf86183fdaed10ac1d1264ca67cc170c9f3d56692f95f5fb7d7a86fb
2020,informatica,Informatica,teste-antrenament,Test de antrenament 12,subiect,2020-antrenament-12-mate-info-subiect.pdf,bac/2020/informatica/teste-antrenament/2020-antrenament-12-mate-info-subiect.pdf,269409,195e23317ef2679afd9397853547429f0e48319ccaa688c0f2bce8087243522e
2020,informatica,Informatica,teste-antrenament,Test de antrenament 12,barem,2020-antrenament-12-stiinte-naturii-barem.pdf,bac/2020/informatica/teste-antrenament/2020-antrenament-12-stiinte-naturii-barem.pdf,194394,6a050639d6bbdfe279cef5ce326fa073005f24113b3bf217bed0e25a131ce340
2020,informatica,Informatica,teste-antrenament,Test de antrenament 12,subiect,2020-antrenament-12-stiinte-naturii-subiect.pdf,bac/2020/informatica/teste-antrenament/2020-antrenament-12-stiinte-naturii-subiect.pdf,268107,ed145db7f1d010443849c446e83ea942cdbe8f03841ba537687f9076c088c33f
2020,informatica,Informatica,teste-antrenament,Test de antrenament 13,barem,2020-antrenament-13-mate-info-barem.pdf,bac/2020/informatica/teste-antrenament/2020-antrenament-13-mate-info-barem.pdf,196396,cc818551bca38526c70f5d8eef8a9b0dcabb19d7d6433f1974183a55d3ceb472
2020,informatica,Informatica,teste-antrenament,Test de antrenament 13,subiect,2020-antrenament-13-mate-info-subiect.pdf,bac/2020/informatica/teste-antrenament/2020-antrenament-13-mate-info-subiect.pdf,270286,ee0657a965c9ff1fc1a637d74eebea221d3c352ff22be36defe4e8c3787dedeb
2020,informatica,Informatica,teste-antrenament,Test de antrenament 13,barem,2020-antrenament-13-stiinte-naturii-barem.pdf,bac/2020/informatica/teste-antrenament/2020-antrenament-13-stiinte-naturii-barem.pdf,195446,b3bbe786989644afaa9d704cb5754d955bf6fb124f8c33913c8e1f8f5e2290fa
2020,informatica,Informatica,teste-antrenament,Test de antrenament 13,subiect,2020-antrenament-13-stiinte-naturii-subiect.pdf,bac/2020/informatica/teste-antrenament/2020-antrenament-13-stiinte-naturii-subiect.pdf,243819,714b8e24bf67b41cc2e335ff43ad96518289db06d21f8ded97b472afc1c178cb
2020,informatica,Informatica,teste-antrenament,Test de antrenament 14,barem,2020-antrenament-14-mate-info-barem.pdf,bac/2020/informatica/teste-antrenament/2020-antrenament-14-mate-info-barem.pdf,199864,a01dcbb3a66e4f34ed5657f577dc4bff0d9c4e5f5afb4c480b9c79ccd1af0a81
2020,informatica,Informatica,teste-antrenament,Test de antrenament 14,subiect,2020-antrenament-14-mate-info-subiect.pdf,bac/2020/informatica/teste-antrenament/2020-antrenament-14-mate-info-subiect.pdf,250246,d443b50ff338b107a43bfa993d07efee19a2cb2db5a1f64a4becba8142ddc22f
2020,informatica,Informatica,teste-antrenament,Test de antrenament 14,barem,2020-antrenament-14-stiinte-naturii-barem.pdf,bac/2020/informatica/teste-antrenament/2020-antrenament-14-stiinte-naturii-barem.pdf,198139,95ffe1e31d8713f16f4c7ab1dd3369b35527d215b7929a85e922c0aa06439e18
2020,informatica,Informatica,teste-antrenament,Test de antrenament 14,subiect,2020-antrenament-14-stiinte-naturii-subiect.pdf,bac/2020/informatica/teste-antrenament/2020-antrenament-14-stiinte-naturii-subiect.pdf,244832,25886b7b6cec5fb856deb3534d575aeac90f531b27bb58c2e1aa4bdab22e5f95
2020,informatica,Informatica,teste-antrenament,Test de antrenament 15,barem,2020-antrenament-15-mate-info-barem.pdf,bac/2020/informatica/teste-antrenament/2020-antrenament-15-mate-info-barem.pdf,196470,0010107483d101bdc9f365a3f48a1cc15553d4c4c50827d637ca293221e414a8
2020,informatica,Informatica,teste-antrenament,Test de antrenament 15,subiect,2020-antrenament-15-mate-info-subiect.pdf,bac/2020/informatica/teste-antrenament/2020-antrenament-15-mate-info-subiect.pdf,246984,5e35c8cadc5c55b4553057209ee0e84a56710c9da150a89541745b0ccc2d53bc
2020,informatica,Informatica,teste-antrenament,Test de antrenament 15,barem,2020-antrenament-15-stiinte-naturii-barem.pdf,bac/2020/informatica/teste-antrenament/2020-antrenament-15-stiinte-naturii-barem.pdf,194743,11a6c3e150da656e6d511aeab5ccd16198c12c6ef7f000a9e7e17846b03c6e08
2020,informatica,Informatica,teste-antrenament,Test de antrenament 15,subiect,2020-antrenament-15-stiinte-naturii-subiect.pdf,bac/2020/informatica/teste-antrenament/2020-antrenament-15-stiinte-naturii-subiect.pdf,266104,89dc2d9fc45aa88c21a9e38cf92ca66ac8b0dcc22afb654001e59cfe2f589a72
2020,informatica,Informatica,teste-antrenament,Test de antrenament 16,barem,2020-antrenament-16-mate-info-barem.pdf,bac/2020/informatica/teste-antrenament/2020-antrenament-16-mate-info-barem.pdf,197033,4dd5dbf9415df6de92e06f552309d8e86464b92c7359333ccef07ae76de286e5
2020,informatica,Informatica,teste-antrenament,Test de antrenament 16,subiect,2020-antrenament-16-mate-info-subiect.pdf,bac/2020/informatica/teste-antrenament/2020-antrenament-16-mate-info-subiect.pdf,225870,14873b6dd5ff2d129249ab7aa5ad18ec499c8a02641baa493577f61b8c179410
2020,informatica,Informatica,teste-antrenament,Test de antrenament 16,barem,2020-antrenament-16-stiinte-naturii-barem.pdf,bac/2020/informatica/teste-antrenament/2020-antrenament-16-stiinte-naturii-barem.pdf,194967,b9fbe5b024fbd62a26066d33ee30c8a59488d4a713eb838a5edf90d1d0e8999f
2020,informatica,Informatica,teste-antrenament,Test de antrenament 16,subiect,2020-antrenament-16-stiinte-naturii-subiect.pdf,bac/2020/informatica/teste-antrenament/2020-antrenament-16-stiinte-naturii-subiect.pdf,221928,f9fb940d21a9e5e68ac46333d5fa4c5b0cd94beb0e96758708a9c3e97e7bb5a9
2020,informatica,Informatica,teste-antrenament,Test de antrenament 17,barem,2020-antrenament-17-mate-info-barem.pdf,bac/2020/informatica/teste-antrenament/2020-antrenament-17-mate-info-barem.pdf,202920,2b67c014f9209390de6bdd901d922dda827eb2ed2ff9aba6569b6535ed3b3803
2020,informatica,Informatica,teste-antrenament,Test de antrenament 17,subiect,2020-antrenament-17-mate-info-subiect.pdf,bac/2020/informatica/teste-antrenament/2020-antrenament-17-mate-info-subiect.pdf,249247,9e9734baa386e89a961a12b951b8bdb973a6161ddedef36a57b0e4ce4260a606
2020,informatica,Informatica,teste-antrenament,Test de antrenament 17,barem,2020-antrenament-17-stiinte-naturii-barem.pdf,bac/2020/informatica/teste-antrenament/2020-antrenament-17-stiinte-naturii-barem.pdf,202120,500fae2122358505695a56d3c5db7e5592902ae233cce2c93f25feb4bed6ecd7
2020,informatica,Informatica,teste-antrenament,Test de antrenament 17,subiect,2020-antrenament-17-stiinte-naturii-subiect.pdf,bac/2020/informatica/teste-antrenament/2020-antrenament-17-stiinte-naturii-subiect.pdf,243785,95754ca533eee863ee5cb0ed1fb73b123712f4f254eb2d2ccc3b6bcd0522a582
2020,informatica,Informatica,teste-antrenament,Test de antrenament 18,barem,2020-antrenament-18-mate-info-barem.pdf,bac/2020/informatica/teste-antrenament/2020-antrenament-18-mate-info-barem.pdf,204440,5da9f2a067696bfd9386d4d4222d87669906fd48452977f9d90404c62b480d24
2020,informatica,Informatica,teste-antrenament,Test de antrenament 18,subiect,2020-antrenament-18-mate-info-subiect.pdf,bac/2020/informatica/teste-antrenament/2020-antrenament-18-mate-info-subiect.pdf,246224,3a210eee55f1fc51364feba0327da4f20b5b7d3bcae914240288b1c295b8a360
2020,informatica,Informatica,teste-antrenament,Test de antrenament 18,barem,2020-antrenament-18-stiinte-naturii-barem.pdf,bac/2020/informatica/teste-antrenament/2020-antrenament-18-stiinte-naturii-barem.pdf,201641,52ccf25993e372c7a0537c120561fb840f3ecd14d4197a5d644046d275b6d7df
2020,informatica,Informatica,teste-antrenament,Test de antrenament 18,subiect,2020-antrenament-18-stiinte-naturii-subiect.pdf,bac/2020/informatica/teste-antrenament/2020-antrenament-18-stiinte-naturii-subiect.pdf,240341,e2f9a63497c82c7c879e131a2d6776d37855acd431989241f908b34ac0dee6cd
2020,informatica,Informatica,teste-antrenament,Test de antrenament 19,barem,2020-antrenament-19-mate-info-barem.pdf,bac/2020/informatica/teste-antrenament/2020-antrenament-19-mate-info-barem.pdf,200298,63fe55a982382c0b6c8b845166a107b0162e58f63c6a80c13b144f83f6e47629
2020,informatica,Informatica,teste-antrenament,Test de antrenament 19,subiect,2020-antrenament-19-mate-info-subiect.pdf,bac/2020/informatica/teste-antrenament/2020-antrenament-19-mate-info-subiect.pdf,257127,0e26e47fa5f65cbf2e22d07bebe6f6fbb36b238cb8b2170262d187bc5c10b577
2020,informatica,Informatica,teste-antrenament,Test de antrenament 19,barem,2020-antrenament-19-stiinte-naturii-barem.pdf,bac/2020/informatica/teste-antrenament/2020-antrenament-19-stiinte-naturii-barem.pdf,198468,d0dbe498eefd7e55cb61aa672c1b96cf90b253a70965949cb7ea284865adb065
2020,informatica,Informatica,teste-antrenament,Test de antrenament 19,subiect,2020-antrenament-19-stiinte-naturii-subiect.pdf,bac/2020/informatica/teste-antrenament/2020-antrenament-19-stiinte-naturii-subiect.pdf,242189,8061872a15f547ad0b08bb673ba10fdd993dc172c25cdddead6a0371906cbd0f
2020,informatica,Informatica,teste-antrenament,Test de antrenament 20,barem,2020-antrenament-20-mate-info-barem.pdf,bac/2020/informatica/teste-antrenament/2020-antrenament-20-mate-info-barem.pdf,198297,f6f64cee802d336ec7eeb8927be586ec75690421c3bcc28e5cf0b74ae84c6359
2020,informatica,Informatica,teste-antrenament,Test de antrenament 20,subiect,2020-antrenament-20-mate-info-subiect.pdf,bac/2020/informatica/teste-antrenament/2020-antrenament-20-mate-info-subiect.pdf,248574,a3ccab80273aec021657072f319b6b0d320b9c395fbe8847e2ed16a04e0e58ca
2020,informatica,Informatica,teste-antrenament,Test de antrenament 20,barem,2020-antrenament-20-stiinte-naturii-barem.pdf,bac/2020/informatica/teste-antrenament/2020-antrenament-20-stiinte-naturii-barem.pdf,194879,99dc46198ab5da6eb040d56395ff702074893408914e0a2482d0c378dfdf2e7b
2020,informatica,Informatica,teste-antrenament,Test de antrenament 20,subiect,2020-antrenament-20-stiinte-naturii-subiect.pdf,bac/2020/informatica/teste-antrenament/2020-antrenament-20-stiinte-naturii-subiect.pdf,242613,6b4c0ca341c528114d81a8a30f37ece2f2ee4cd3c883b9610710a347c85cd1d3
2020,istorie,Istorie,sesiune-august,Sesiunea august,barem,2020-august-barem.pdf,bac/2020/istorie/sesiune-august/2020-august-barem.pdf,251162,b58a830831bfd7fe383ebd5bcb06a512ed5ec85929c639d25fe01e21f5f475cc
2020,istorie,Istorie,sesiune-august,Sesiunea august,subiect,2020-august-subiect.pdf,bac/2020/istorie/sesiune-august/2020-august-subiect.pdf,144843,5ff6334d6b2ec341dfe8413cefb2c22fbfff9f7f5271e7d0f810bea12e7a3a0a
2020,istorie,Istorie,sesiune-iunie-iulie,Sesiunea iunie-iulie,barem,2020-iunie-iulie-barem.pdf,bac/2020/istorie/sesiune-iunie-iulie/2020-iunie-iulie-barem.pdf,72946,6eaec38bb7dbd2d6356faad20e8ca44e64a67d2f87a881c3ae1f62d3653507ca
2020,istorie,Istorie,sesiune-iunie-iulie,Sesiunea iunie-iulie,subiect,2020-iunie-iulie-subiect.pdf,bac/2020/istorie/sesiune-iunie-iulie/2020-iunie-iulie-subiect.pdf,71272,10644eeb7e4510f0e0f723992ac7bc11017cf8cd7e3a18ac57d14f4908821d19
2020,istorie,Istorie,sesiune-speciala,Sesiunea speciala,barem,2020-speciala-barem.pdf,bac/2020/istorie/sesiune-speciala/2020-speciala-barem.pdf,70660,d83aaf384b8e39df0c8355b8bc7d3cad72bcbe34b1008e67f6a2e15696bacf66
2020,istorie,Istorie,sesiune-speciala,Sesiunea speciala,subiect,2020-speciala-subiect.pdf,bac/2020/istorie/sesiune-speciala/2020-speciala-subiect.pdf,72160,1a769726a50c93eec4385430b15d93f995bf4b312b6945198109cdd87e6d594e
2020,istorie,Istorie,teste-antrenament,Test de antrenament 1,barem,2020-antrenament-01-barem.pdf,bac/2020/istorie/teste-antrenament/2020-antrenament-01-barem.pdf,197738,07e415c871a43902adf2dda6d223624fdc8dd017c23658ec7012f087632285d9
2020,istorie,Istorie,teste-antrenament,Test de antrenament 1,subiect,2020-antrenament-01-subiect.pdf,bac/2020/istorie/teste-antrenament/2020-antrenament-01-subiect.pdf,196229,f375e485039fcbb597217a97e5b3a34d39cff407b796ee47cb7d200d44bf85a5
2020,istorie,Istorie,teste-antrenament,Test de antrenament 2,barem,2020-antrenament-02-barem.pdf,bac/2020/istorie/teste-antrenament/2020-antrenament-02-barem.pdf,205230,7bbf7c1e599161db8c31ecd50549e4a0c1fd25a059c30d03b4beababc7474dcc
2020,istorie,Istorie,teste-antrenament,Test de antrenament 2,subiect,2020-antrenament-02-subiect.pdf,bac/2020/istorie/teste-antrenament/2020-antrenament-02-subiect.pdf,198462,39e9d74705ba538a0c6abb75934e4f7a37dcfa5fc8c79125c946168179eecfb7
2020,istorie,Istorie,teste-antrenament,Test de antrenament 3,barem,2020-antrenament-03-barem.pdf,bac/2020/istorie/teste-antrenament/2020-antrenament-03-barem.pdf,194520,935615fba90ca342c38ff79e4e4f05febb63d5d6e9a1a64561698cc2e973304e
2020,istorie,Istorie,teste-antrenament,Test de antrenament 3,subiect,2020-antrenament-03-subiect.pdf,bac/2020/istorie/teste-antrenament/2020-antrenament-03-subiect.pdf,198051,991fd461e3799647f2a819bc4a5a4ab337ef39b4f9332f7ab29b770ab20b03e2
2020,istorie,Istorie,teste-antrenament,Test de antrenament 4,barem,2020-antrenament-04-barem.pdf,bac/2020/istorie/teste-antrenament/2020-antrenament-04-barem.pdf,208826,597c5943576d3e8f95fbafa3068ec6487c938d6eae4c19981e8e4f1edfbb6dfe
2020,istorie,Istorie,teste-antrenament,Test de antrenament 4,subiect,2020-antrenament-04-subiect.pdf,bac/2020/istorie/teste-antrenament/2020-antrenament-04-subiect.pdf,198379,1fca340c1c1d4702f358e509bc1debb6be8c7bad14a9cf394332e55e8864554d
2020,istorie,Istorie,teste-antrenament,Test de antrenament 5,barem,2020-antrenament-05-barem.pdf,bac/2020/istorie/teste-antrenament/2020-antrenament-05-barem.pdf,206066,90d058b12dd4083d5e119fb23f45d6bd673f0fc90f0959f30f63633204b28c82
2020,istorie,Istorie,teste-antrenament,Test de antrenament 5,subiect,2020-antrenament-05-subiect.pdf,bac/2020/istorie/teste-antrenament/2020-antrenament-05-subiect.pdf,196183,2fb0a39cb96f710074f1b5b09944f1d1575fac02b14873ff5596e77cc591c939
2020,istorie,Istorie,teste-antrenament,Test de antrenament 6,barem,2020-antrenament-06-barem.pdf,bac/2020/istorie/teste-antrenament/2020-antrenament-06-barem.pdf,207377,e127a5326c58b1653fe7c255e735256d5a8c9cdb0080f4febb4120bf5e91da49
2020,istorie,Istorie,teste-antrenament,Test de antrenament 6,subiect,2020-antrenament-06-subiect.pdf,bac/2020/istorie/teste-antrenament/2020-antrenament-06-subiect.pdf,198702,77376185a4f938d057bf780310c788d155b857192c029eb948f6b8377c814f88
2020,istorie,Istorie,teste-antrenament,Test de antrenament 7,barem,2020-antrenament-07-barem.pdf,bac/2020/istorie/teste-antrenament/2020-antrenament-07-barem.pdf,195474,1a9c976f1c65562aba138945579e52dbbda61077a2527824fa1c053cbae85e2a
2020,istorie,Istorie,teste-antrenament,Test de antrenament 7,subiect,2020-antrenament-07-subiect.pdf,bac/2020/istorie/teste-antrenament/2020-antrenament-07-subiect.pdf,195042,957ca4771a60eb06699d8c751c89b7fb3cebcd4b77389ced939ccdfb9bb1d238
2020,istorie,Istorie,teste-antrenament,Test de antrenament 8,barem,2020-antrenament-08-barem.pdf,bac/2020/istorie/teste-antrenament/2020-antrenament-08-barem.pdf,192561,1da78dfe07606c680d02f69682f62250c2f64ff5f1e1b1d69c70665df47c7132
2020,istorie,Istorie,teste-antrenament,Test de antrenament 8,subiect,2020-antrenament-08-subiect.pdf,bac/2020/istorie/teste-antrenament/2020-antrenament-08-subiect.pdf,196084,db987256c640bd8df4103ac3bc6e43b1bdbff104fd1cb0b7b18f049fbbf4e37c
2020,istorie,Istorie,teste-antrenament,Test de antrenament 9,barem,2020-antrenament-09-barem.pdf,bac/2020/istorie/teste-antrenament/2020-antrenament-09-barem.pdf,217449,e782f30ae6e2077e39e42dd4dec134bc26ef1d113f63e47614d837f1c99d0037
2020,istorie,Istorie,teste-antrenament,Test de antrenament 9,subiect,2020-antrenament-09-subiect.pdf,bac/2020/istorie/teste-antrenament/2020-antrenament-09-subiect.pdf,186752,4a9a5d491b3f97aa8c7b74c7eb2f2d8ee3e6fbf904d9b7c73a97b365a99428fd
2020,istorie,Istorie,teste-antrenament,Test de antrenament 10,barem,2020-antrenament-10-barem.pdf,bac/2020/istorie/teste-antrenament/2020-antrenament-10-barem.pdf,198641,6593d797f315cf2925539d81bad1373246324d812e51a59a32f04dbd6669753c
2020,istorie,Istorie,teste-antrenament,Test de antrenament 10,subiect,2020-antrenament-10-subiect.pdf,bac/2020/istorie/teste-antrenament/2020-antrenament-10-subiect.pdf,199962,d60056b7d3cf07a9446cf605966da0b7983de012542142a0dca343cd8474dc48
2020,istorie,Istorie,teste-antrenament,Test de antrenament 11,barem,2020-antrenament-11-barem.pdf,bac/2020/istorie/teste-antrenament/2020-antrenament-11-barem.pdf,191318,613232b63707476e3bc7752a446cd9ea98673ae0b70ee345aa5e979830a7f562
2020,istorie,Istorie,teste-antrenament,Test de antrenament 11,subiect,2020-antrenament-11-subiect.pdf,bac/2020/istorie/teste-antrenament/2020-antrenament-11-subiect.pdf,200942,f1d0a079612ba563a91d5272c19275c649968f06fc550b80660948292d5c7b93
2020,istorie,Istorie,teste-antrenament,Test de antrenament 12,barem,2020-antrenament-12-barem.pdf,bac/2020/istorie/teste-antrenament/2020-antrenament-12-barem.pdf,191722,2bc3b9937dae20ac7455b4f0890254a3b907e603bc8d8da8f15f269225198d74
2020,istorie,Istorie,teste-antrenament,Test de antrenament 12,subiect,2020-antrenament-12-subiect.pdf,bac/2020/istorie/teste-antrenament/2020-antrenament-12-subiect.pdf,197974,3f3c2a8649043b34e8e6f9116fb960103fad47a5f847126de4840ea4121ae043
2020,istorie,Istorie,teste-antrenament,Test de antrenament 13,barem,2020-antrenament-13-barem.pdf,bac/2020/istorie/teste-antrenament/2020-antrenament-13-barem.pdf,194423,4716e1e5e07efa5f692a2adb882c2c0003aec143f1ab8b80409b734c86557eba
2020,istorie,Istorie,teste-antrenament,Test de antrenament 13,subiect,2020-antrenament-13-subiect.pdf,bac/2020/istorie/teste-antrenament/2020-antrenament-13-subiect.pdf,195235,07fe87bcd6dfc6f5faaa93b490f52a7c6e1664f520b54439dd30e28ded123248
2020,istorie,Istorie,teste-antrenament,Test de antrenament 14,barem,2020-antrenament-14-barem.pdf,bac/2020/istorie/teste-antrenament/2020-antrenament-14-barem.pdf,188524,ac61f5a62d604307da466ac2e0ecfcc567450e9d2342ba8066266d7dbf47d00c
2020,istorie,Istorie,teste-antrenament,Test de antrenament 14,subiect,2020-antrenament-14-subiect.pdf,bac/2020/istorie/teste-antrenament/2020-antrenament-14-subiect.pdf,194948,15005a90271c35d06f679eb87d4f6f4bf3e3e13e5a024efa0995be955dc048de
2020,istorie,Istorie,teste-antrenament,Test de antrenament 15,barem,2020-antrenament-15-barem.pdf,bac/2020/istorie/teste-antrenament/2020-antrenament-15-barem.pdf,187130,b267f9dc25590cc8769588d715d8daa8de404bcdf37ac2fa23c73ffeb5320d1f
2020,istorie,Istorie,teste-antrenament,Test de antrenament 15,subiect,2020-antrenament-15-subiect.pdf,bac/2020/istorie/teste-antrenament/2020-antrenament-15-subiect.pdf,196122,49c566ce88066d8ba8d474d87c0176117674b44a2089fc1d8ee0a72579558976
2020,istorie,Istorie,teste-antrenament,Test de antrenament 16,barem,2020-antrenament-16-barem.pdf,bac/2020/istorie/teste-antrenament/2020-antrenament-16-barem.pdf,192247,2ab2daaf78aa9bae8dba8d459961b173983cdd7230e304316a7ffbc9b159b73f
2020,istorie,Istorie,teste-antrenament,Test de antrenament 16,subiect,2020-antrenament-16-subiect.pdf,bac/2020/istorie/teste-antrenament/2020-antrenament-16-subiect.pdf,198888,c1af9b0c60c722432e787fafa0a786d54bb92d2f77f426428c4d26c1ee7a0713
2020,istorie,Istorie,teste-antrenament,Test de antrenament 17,barem,2020-antrenament-17-barem.pdf,bac/2020/istorie/teste-antrenament/2020-antrenament-17-barem.pdf,188357,237a4aeaf91d7c407aa43ccf5227240b98e5a538474a3e02d5af3b8d12ebfb59
2020,istorie,Istorie,teste-antrenament,Test de antrenament 17,subiect,2020-antrenament-17-subiect.pdf,bac/2020/istorie/teste-antrenament/2020-antrenament-17-subiect.pdf,186928,74ca8c65796ae11041f6d729a537411d1ecad6b7e929cee7eb6ca93551700643
2020,istorie,Istorie,teste-antrenament,Test de antrenament 18,barem,2020-antrenament-18-barem.pdf,bac/2020/istorie/teste-antrenament/2020-antrenament-18-barem.pdf,190240,4828121503e09d92fc63639bb18fab3e8006b2b1ae62af2edf7cc837fb4eaa8f
2020,istorie,Istorie,teste-antrenament,Test de antrenament 18,subiect,2020-antrenament-18-subiect.pdf,bac/2020/istorie/teste-antrenament/2020-antrenament-18-subiect.pdf,201022,4eeaa350999adfa29b5c93beea4404a48691b4a0ecc993a2e0763128a121c06c
2020,istorie,Istorie,teste-antrenament,Test de antrenament 19,barem,2020-antrenament-19-barem.pdf,bac/2020/istorie/teste-antrenament/2020-antrenament-19-barem.pdf,194330,6c01128fbd8ef30850334c2a2b5db1be0d4acd173bb9d3e9e78f48fee3ddea83
2020,istorie,Istorie,teste-antrenament,Test de antrenament 19,subiect,2020-antrenament-19-subiect.pdf,bac/2020/istorie/teste-antrenament/2020-antrenament-19-subiect.pdf,205529,b807e57b36c6dc4ab5a72d62f4941f70d434c771d3168e38b48f28b0cf83b026
2020,istorie,Istorie,teste-antrenament,Test de antrenament 20,barem,2020-antrenament-20-barem.pdf,bac/2020/istorie/teste-antrenament/2020-antrenament-20-barem.pdf,192051,181fbfe97b0ac708d1101f15d78eea512b4ee03872894384f3282b46319b14c7
2020,istorie,Istorie,teste-antrenament,Test de antrenament 20,subiect,2020-antrenament-20-subiect.pdf,bac/2020/istorie/teste-antrenament/2020-antrenament-20-subiect.pdf,198669,77bac8e0728871040a6e8736b03654ddfbc7a404dbc71dc699430f9c5cf36d79
2020,logica,Logica,sesiune-august,Sesiunea august,barem,2020-august-barem.pdf,bac/2020/logica/sesiune-august/2020-august-barem.pdf,86558,7a07a3504328f6c65b217c3914132090e35c1c6aa7667a17727d98a3aebc00cb
2020,logica,Logica,sesiune-august,Sesiunea august,subiect,2020-august-subiect.pdf,bac/2020/logica/sesiune-august/2020-august-subiect.pdf,138283,5b206bd1f7ad0ebd775a05d6cf628a583bdbb0adfb5a88b79a95b3ca96f15d8d
2020,logica,Logica,sesiune-iunie-iulie,Sesiunea iunie-iulie,barem,2020-iunie-iulie-barem.pdf,bac/2020/logica/sesiune-iunie-iulie/2020-iunie-iulie-barem.pdf,92905,38aa7491fb2e88d0fd03e24eb7cffaec0de1c67fd8f22a8cf723890050134ddd
2020,logica,Logica,sesiune-iunie-iulie,Sesiunea iunie-iulie,subiect,2020-iunie-iulie-subiect.pdf,bac/2020/logica/sesiune-iunie-iulie/2020-iunie-iulie-subiect.pdf,124664,7cbf6dfc37809c44f9cffbbe68923d756b857f95988437645ac08ae6203b4724
2020,logica,Logica,sesiune-speciala,Sesiunea speciala,barem,2020-speciala-barem.pdf,bac/2020/logica/sesiune-speciala/2020-speciala-barem.pdf,92304,867196535e5bedef9a2c8940fab78536b000d770a0648b019bec7d374dc227ef
2020,logica,Logica,sesiune-speciala,Sesiunea speciala,subiect,2020-speciala-subiect.pdf,bac/2020/logica/sesiune-speciala/2020-speciala-subiect.pdf,133676,92a457e1dbcc89de566df037e4d09a0362ee40d06f3a54eab8f4482ab0ac238a
2020,logica,Logica,teste-antrenament,Test de antrenament 1,barem,2020-antrenament-01-barem.pdf,bac/2020/logica/teste-antrenament/2020-antrenament-01-barem.pdf,149127,6bbf5790dabca67286303af3287e385a98e4b74098f4d2989a5edf5adf22aacc
2020,logica,Logica,teste-antrenament,Test de antrenament 1,subiect,2020-antrenament-01-subiect.pdf,bac/2020/logica/teste-antrenament/2020-antrenament-01-subiect.pdf,171985,186413e4842cd6c98420bd7330aa9b7fe5bd5517c809254e86bfe98257782002
2020,logica,Logica,teste-antrenament,Test de antrenament 2,barem,2020-antrenament-02-barem.pdf,bac/2020/logica/teste-antrenament/2020-antrenament-02-barem.pdf,147235,b82959b01cbf07ff664d2655d0946e794e5779ba867317d3f95e0ba22c11fe59
2020,logica,Logica,teste-antrenament,Test de antrenament 2,subiect,2020-antrenament-02-subiect.pdf,bac/2020/logica/teste-antrenament/2020-antrenament-02-subiect.pdf,169003,51e1e1330ff2fcb63fc9e311069a6ddd995f1b214233a40fe42d1956ff917ee4
2020,logica,Logica,teste-antrenament,Test de antrenament 3,barem,2020-antrenament-03-barem.pdf,bac/2020/logica/teste-antrenament/2020-antrenament-03-barem.pdf,150170,9c948e8c0d0e577202f272a10bace6f15c86d73fce073993750c0d952528b531
2020,logica,Logica,teste-antrenament,Test de antrenament 3,subiect,2020-antrenament-03-subiect.pdf,bac/2020/logica/teste-antrenament/2020-antrenament-03-subiect.pdf,168771,782447e2d42f927ea90eea2ecec1464ab347ff87d5ce7310b2bdbe753e33c69d
2020,logica,Logica,teste-antrenament,Test de antrenament 4,barem,2020-antrenament-04-barem.pdf,bac/2020/logica/teste-antrenament/2020-antrenament-04-barem.pdf,148317,d1befd430f47122f5a03c5a50530fa3a28d8a269670ffcf5455d857499e9a51c
2020,logica,Logica,teste-antrenament,Test de antrenament 4,subiect,2020-antrenament-04-subiect.pdf,bac/2020/logica/teste-antrenament/2020-antrenament-04-subiect.pdf,166443,b9939094bbbc9870ba96ef33cb5cd908da08d5d53c508a36000a04467a91c9ef
2020,logica,Logica,teste-antrenament,Test de antrenament 5,barem,2020-antrenament-05-barem.pdf,bac/2020/logica/teste-antrenament/2020-antrenament-05-barem.pdf,144793,82e0939c448999e8d27c29cf52cbc8ee0e004cda18f9aad28585c4399cbd008a
2020,logica,Logica,teste-antrenament,Test de antrenament 5,subiect,2020-antrenament-05-subiect.pdf,bac/2020/logica/teste-antrenament/2020-antrenament-05-subiect.pdf,169739,3bc8dedd9c99522b95fbacf786d635bf4758e1ad2bbbedd80f196f207cad7f9f
2020,logica,Logica,teste-antrenament,Test de antrenament 6,barem,2020-antrenament-06-barem.pdf,bac/2020/logica/teste-antrenament/2020-antrenament-06-barem.pdf,153890,c2b44d2977cf46a98142a8a00263cbd732ddc3e25ee014811699d3f3d754a67c
2020,logica,Logica,teste-antrenament,Test de antrenament 6,subiect,2020-antrenament-06-subiect.pdf,bac/2020/logica/teste-antrenament/2020-antrenament-06-subiect.pdf,167177,aeb977f062f7f7359835f73b8e53b9f5e587c6cfef6af8bc4deb034aec10ed76
2020,logica,Logica,teste-antrenament,Test de antrenament 7,barem,2020-antrenament-07-barem.pdf,bac/2020/logica/teste-antrenament/2020-antrenament-07-barem.pdf,149225,a22781833cba2c564cf0a4f0bb284a934d366941a655c7eba3871cf6ddc63300
2020,logica,Logica,teste-antrenament,Test de antrenament 7,subiect,2020-antrenament-07-subiect.pdf,bac/2020/logica/teste-antrenament/2020-antrenament-07-subiect.pdf,167761,6102e98eaacc879092d6a75fa20693ac2735f0cfff527f425f08c2fac405bc61
2020,logica,Logica,teste-antrenament,Test de antrenament 8,barem,2020-antrenament-08-barem.pdf,bac/2020/logica/teste-antrenament/2020-antrenament-08-barem.pdf,153182,62c47d82ce6bd9f910a74dc133682f723638142b81795f03a02b4a9fcf074b9f
2020,logica,Logica,teste-antrenament,Test de antrenament 8,subiect,2020-antrenament-08-subiect.pdf,bac/2020/logica/teste-antrenament/2020-antrenament-08-subiect.pdf,168162,2ee444ee78dc964e7285271aacb186383391b673250430fe99fe91ab24aaa249
2020,logica,Logica,teste-antrenament,Test de antrenament 9,barem,2020-antrenament-09-barem.pdf,bac/2020/logica/teste-antrenament/2020-antrenament-09-barem.pdf,155023,a2a45a2ffe7023e0a75496ca360272bd8d6c983002d1e1d4e9c7919ee5bf07a0
2020,logica,Logica,teste-antrenament,Test de antrenament 9,subiect,2020-antrenament-09-subiect.pdf,bac/2020/logica/teste-antrenament/2020-antrenament-09-subiect.pdf,168509,cb1af7c3b561e6f20a9a97fdb03cd589ef5777ea162a7a49a4cb496bb28b91a6
2020,logica,Logica,teste-antrenament,Test de antrenament 10,barem,2020-antrenament-10-barem.pdf,bac/2020/logica/teste-antrenament/2020-antrenament-10-barem.pdf,155684,f9c064f3b85062e815e65a691540c41403eeb4694c0eb73fb734d7824e71e60e
2020,logica,Logica,teste-antrenament,Test de antrenament 10,subiect,2020-antrenament-10-subiect.pdf,bac/2020/logica/teste-antrenament/2020-antrenament-10-subiect.pdf,170065,8772cda43f8c1f4fd4d4e8738ebf33f77ccf0db70be68b263ce747d061bae1f9
2020,logica,Logica,teste-antrenament,Test de antrenament 11,barem,2020-antrenament-11-barem.pdf,bac/2020/logica/teste-antrenament/2020-antrenament-11-barem.pdf,150602,58453fe799e5a51e2ff3f696e62dc75cb1257d406ab5c792814f5fbbf3f723a3
2020,logica,Logica,teste-antrenament,Test de antrenament 11,subiect,2020-antrenament-11-subiect.pdf,bac/2020/logica/teste-antrenament/2020-antrenament-11-subiect.pdf,169953,24d07e8921050be258b8e8e98f1b668fe0185e684e79a016d3bed9e3e2d586c4
2020,logica,Logica,teste-antrenament,Test de antrenament 12,barem,2020-antrenament-12-barem.pdf,bac/2020/logica/teste-antrenament/2020-antrenament-12-barem.pdf,149706,2bbfd6b13d8ad1324e87c3e8030696dc239b4d65271cd146610eedf2c5f4497e
2020,logica,Logica,teste-antrenament,Test de antrenament 12,subiect,2020-antrenament-12-subiect.pdf,bac/2020/logica/teste-antrenament/2020-antrenament-12-subiect.pdf,171398,791edbd644851b1ff828e2a60ec81f595b4614572b3920a345243a939e246a43
2020,logica,Logica,teste-antrenament,Test de antrenament 13,barem,2020-antrenament-13-barem.pdf,bac/2020/logica/teste-antrenament/2020-antrenament-13-barem.pdf,152065,aac4531c99049545f218ec3017c8f6a279d6e1cb8f8cd930033502d6870356f2
2020,logica,Logica,teste-antrenament,Test de antrenament 13,subiect,2020-antrenament-13-subiect.pdf,bac/2020/logica/teste-antrenament/2020-antrenament-13-subiect.pdf,165751,ce05cfa44aed7f36711b73fea59637ce7236249ef487b49cb7eaa1d4fe587b56
2020,logica,Logica,teste-antrenament,Test de antrenament 14,barem,2020-antrenament-14-barem.pdf,bac/2020/logica/teste-antrenament/2020-antrenament-14-barem.pdf,148797,18beba91dd524834e1a5fdc5be8c580baaf60fee7363fe1ea759709fa2ca66dd
2020,logica,Logica,teste-antrenament,Test de antrenament 14,subiect,2020-antrenament-14-subiect.pdf,bac/2020/logica/teste-antrenament/2020-antrenament-14-subiect.pdf,163548,d93fa1060b115a2715811482e9e14bed779b473040635209aac3eeafdf00829a
2020,logica,Logica,teste-antrenament,Test de antrenament 15,barem,2020-antrenament-15-barem.pdf,bac/2020/logica/teste-antrenament/2020-antrenament-15-barem.pdf,154828,ff4b414a9e1b08601bd94198a69f89a4da710c300b0c1a9ff23b1469ac0ac6b1
2020,logica,Logica,teste-antrenament,Test de antrenament 15,subiect,2020-antrenament-15-subiect.pdf,bac/2020/logica/teste-antrenament/2020-antrenament-15-subiect.pdf,167219,5dd2ee7dda34b794db5c0cbdca1e488f5e5c252f37c679be7d8af14bfaf4a4cb
2020,logica,Logica,teste-antrenament,Test de antrenament 16,barem,2020-antrenament-16-barem.pdf,bac/2020/logica/teste-antrenament/2020-antrenament-16-barem.pdf,150306,69077da354ba830ba11fa41073137a5ed70faad0fb5afc7b8d5ae6a4fc0c12d6
2020,logica,Logica,teste-antrenament,Test de antrenament 16,subiect,2020-antrenament-16-subiect.pdf,bac/2020/logica/teste-antrenament/2020-antrenament-16-subiect.pdf,173311,fbefd5bff9619f819630d659807e69f27ec6fc009a27ed2d25f3ef38616fac9a
2020,logica,Logica,teste-antrenament,Test de antrenament 17,barem,2020-antrenament-17-barem.pdf,bac/2020/logica/teste-antrenament/2020-antrenament-17-barem.pdf,149026,3b6977e74c8b371ee3bc8c83eaeae41987f8fd142c5b08360a340fe68039bc28
2020,logica,Logica,teste-antrenament,Test de antrenament 17,subiect,2020-antrenament-17-subiect.pdf,bac/2020/logica/teste-antrenament/2020-antrenament-17-subiect.pdf,166800,0ec5aacc122ad50e69425c8ac0fb2efb30c0933bf3acc02f4ced8e4f9e367a14
2020,logica,Logica,teste-antrenament,Test de antrenament 18,barem,2020-antrenament-18-barem.pdf,bac/2020/logica/teste-antrenament/2020-antrenament-18-barem.pdf,148363,f69a52d897c632b5b358225f8095eeafcbc8da45f03ae050ada3d5fea5008239
2020,logica,Logica,teste-antrenament,Test de antrenament 18,subiect,2020-antrenament-18-subiect.pdf,bac/2020/logica/teste-antrenament/2020-antrenament-18-subiect.pdf,168316,1cd76faf9a9f7dde1987ae6fef3be793068581bd9cf37783c53ec7857d06012a
2020,logica,Logica,teste-antrenament,Test de antrenament 19,barem,2020-antrenament-19-barem.pdf,bac/2020/logica/teste-antrenament/2020-antrenament-19-barem.pdf,149848,db2b01d657aeb88fc7fcfc71b21123d1084e692f562b06c08688bc4b2e785933
2020,logica,Logica,teste-antrenament,Test de antrenament 19,subiect,2020-antrenament-19-subiect.pdf,bac/2020/logica/teste-antrenament/2020-antrenament-19-subiect.pdf,170289,9fccfea90f36b87cc54338cb29fc22eb2edbc11f433b90cce50058cf765338d0
2020,logica,Logica,teste-antrenament,Test de antrenament 20,barem,2020-antrenament-20-barem.pdf,bac/2020/logica/teste-antrenament/2020-antrenament-20-barem.pdf,147605,2723c1709469d0293944a5ae0d9d5b45b1176b20cfa3efadb06eb102332fce6f
2020,logica,Logica,teste-antrenament,Test de antrenament 20,subiect,2020-antrenament-20-subiect.pdf,bac/2020/logica/teste-antrenament/2020-antrenament-20-subiect.pdf,167845,e291aa325c3764b7c738b78965e9de3930ff59069d90430192cfb7fb04cab956
2020,matematica,Matematica,sesiune-august,Sesiunea august,barem,2020-august-mate-info-barem.pdf,bac/2020/matematica/sesiune-august/2020-august-mate-info-barem.pdf,152857,758d45bfc129deee28b2a6ffdaa21f6d9dea663533c4d70b1e1331124e4d310c
2020,matematica,Matematica,sesiune-august,Sesiunea august,subiect,2020-august-mate-info-subiect.pdf,bac/2020/matematica/sesiune-august/2020-august-mate-info-subiect.pdf,131571,1c24633d0109023e10be67398185d0ef47ee12cd0f28dc2040fe01511c630ee8
2020,matematica,Matematica,sesiune-august,Sesiunea august,barem,2020-august-pedagogic-barem.pdf,bac/2020/matematica/sesiune-august/2020-august-pedagogic-barem.pdf,137289,bf98581edae28f0a4ae77b86714e1be3bf7eb99ab6b85ec008542dbe4d3da892
2020,matematica,Matematica,sesiune-august,Sesiunea august,subiect,2020-august-pedagogic-subiect.pdf,bac/2020/matematica/sesiune-august/2020-august-pedagogic-subiect.pdf,114507,b93b2a1edd436de719e73b2bac5a1189486663315d55524be47802f23a35269f
2020,matematica,Matematica,sesiune-august,Sesiunea august,barem,2020-august-stiinte-naturii-barem.pdf,bac/2020/matematica/sesiune-august/2020-august-stiinte-naturii-barem.pdf,165307,1373bdf746b298d53d92a5d64ffa0e926d968558707893e760a8fd2909d67440
2020,matematica,Matematica,sesiune-august,Sesiunea august,subiect,2020-august-stiinte-naturii-subiect.pdf,bac/2020/matematica/sesiune-august/2020-august-stiinte-naturii-subiect.pdf,120762,7d92ae790cb043f15310ff7a6c7d649a1af668c4dad8a892ca8d0a86befbbb3f
2020,matematica,Matematica,sesiune-august,Sesiunea august,barem,2020-august-tehnologic-barem.pdf,bac/2020/matematica/sesiune-august/2020-august-tehnologic-barem.pdf,146588,9461bf60804a67203feb1adb106d0260f261d36e6bef85d06c504208165be31a
2020,matematica,Matematica,sesiune-august,Sesiunea august,subiect,2020-august-tehnologic-subiect.pdf,bac/2020/matematica/sesiune-august/2020-august-tehnologic-subiect.pdf,107125,14de69c26e46644c59d694115c2583d62688b4b33e5b3579ed990fb0f1ca1e67
2020,matematica,Matematica,sesiune-iunie-iulie,Sesiunea iunie-iulie,barem,2020-iunie-iulie-mate-info-barem.pdf,bac/2020/matematica/sesiune-iunie-iulie/2020-iunie-iulie-mate-info-barem.pdf,167649,94f9c39d5668f5b915d0817c8980d749013e313486b25cecce651c7ce8bc3a9f
2020,matematica,Matematica,sesiune-iunie-iulie,Sesiunea iunie-iulie,subiect,2020-iunie-iulie-mate-info-subiect.pdf,bac/2020/matematica/sesiune-iunie-iulie/2020-iunie-iulie-mate-info-subiect.pdf,119786,31221014d2ccade2e81be42ec026b0b96da4bfc60eb222c9328ac0736de6c024
2020,matematica,Matematica,sesiune-iunie-iulie,Sesiunea iunie-iulie,barem,2020-iunie-iulie-pedagogic-barem.pdf,bac/2020/matematica/sesiune-iunie-iulie/2020-iunie-iulie-pedagogic-barem.pdf,132478,5aa2f22fd8ade0c70630395e73c29159cb278760758c64363ead256abdc9deaf
2020,matematica,Matematica,sesiune-iunie-iulie,Sesiunea iunie-iulie,subiect,2020-iunie-iulie-pedagogic-subiect.pdf,bac/2020/matematica/sesiune-iunie-iulie/2020-iunie-iulie-pedagogic-subiect.pdf,109640,1cab4af428bb27a69094b00fee3d50d9143a04f188f68c9cfca3aa42f6512a65
2020,matematica,Matematica,sesiune-iunie-iulie,Sesiunea iunie-iulie,barem,2020-iunie-iulie-stiinte-naturii-barem.pdf,bac/2020/matematica/sesiune-iunie-iulie/2020-iunie-iulie-stiinte-naturii-barem.pdf,149871,1fede4ceb8caa58a81c5b91a9c58a5feb661717483e45eba2aee28e6846a38cb
2020,matematica,Matematica,sesiune-iunie-iulie,Sesiunea iunie-iulie,subiect,2020-iunie-iulie-stiinte-naturii-subiect.pdf,bac/2020/matematica/sesiune-iunie-iulie/2020-iunie-iulie-stiinte-naturii-subiect.pdf,117080,8cec5468b7b9e9dd2552c098e52a8c9714f49debd5ec56fb50ca3e7c65816fe9
2020,matematica,Matematica,sesiune-iunie-iulie,Sesiunea iunie-iulie,barem,2020-iunie-iulie-tehnologic-barem.pdf,bac/2020/matematica/sesiune-iunie-iulie/2020-iunie-iulie-tehnologic-barem.pdf,143271,c94439a941349c66c46b3451467ce0802eff8dec80489cdcaf75b70a4ff75e89
2020,matematica,Matematica,sesiune-iunie-iulie,Sesiunea iunie-iulie,subiect,2020-iunie-iulie-tehnologic-subiect.pdf,bac/2020/matematica/sesiune-iunie-iulie/2020-iunie-iulie-tehnologic-subiect.pdf,107200,90bfe6e5a95aeea06c330a6e5edad70fbeb252597709fa53bb5af86159bd8f9c
2020,matematica,Matematica,sesiune-speciala,Sesiunea speciala,barem,2020-speciala-mate-info-barem.pdf,bac/2020/matematica/sesiune-speciala/2020-speciala-mate-info-barem.pdf,173725,da7e887f87f065251a614465cc368004aa7e2a2ef58d4dc2326772ecf640ca7a
2020,matematica,Matematica,sesiune-speciala,Sesiunea speciala,subiect,2020-speciala-mate-info-subiect.pdf,bac/2020/matematica/sesiune-speciala/2020-speciala-mate-info-subiect.pdf,129328,5a215edcb5e04b59a29aea84a05da6b6aa8ce42989f95c1a902e726732aeb175
2020,matematica,Matematica,sesiune-speciala,Sesiunea speciala,barem,2020-speciala-pedagogic-barem.pdf,bac/2020/matematica/sesiune-speciala/2020-speciala-pedagogic-barem.pdf,156715,3441696f0a82ef1d14b8a910e6bb0c092909e14560c8838beb6a551bcf0e3d66
2020,matematica,Matematica,sesiune-speciala,Sesiunea speciala,subiect,2020-speciala-pedagogic-subiect.pdf,bac/2020/matematica/sesiune-speciala/2020-speciala-pedagogic-subiect.pdf,116143,cc9d47c88f43dddc63128f6c0e33566d76c858eff961437fef88ed45889d6d8b
2020,matematica,Matematica,sesiune-speciala,Sesiunea speciala,barem,2020-speciala-stiinte-naturii-barem.pdf,bac/2020/matematica/sesiune-speciala/2020-speciala-stiinte-naturii-barem.pdf,146050,4b9d28c41f457fa8f9f7349847ea17695be1422001462e0b3b3aafacae83c97f
2020,matematica,Matematica,sesiune-speciala,Sesiunea speciala,subiect,2020-speciala-stiinte-naturii-subiect.pdf,bac/2020/matematica/sesiune-speciala/2020-speciala-stiinte-naturii-subiect.pdf,114152,b4d90271d320a2a8d64972c649d894d88563d0303a116e64d0a7b842d7100987
2020,matematica,Matematica,sesiune-speciala,Sesiunea speciala,barem,2020-speciala-tehnologic-barem.pdf,bac/2020/matematica/sesiune-speciala/2020-speciala-tehnologic-barem.pdf,144379,f7eb2e6768e72113feb1703535b54be0d05b3f43db600d6f87b3a0da29238e38
2020,matematica,Matematica,sesiune-speciala,Sesiunea speciala,subiect,2020-speciala-tehnologic-subiect.pdf,bac/2020/matematica/sesiune-speciala/2020-speciala-tehnologic-subiect.pdf,106082,88f4c20abc84ed8698a231f4e10bd6a935f37f097642404ddbb234bd0448e5e1
2020,matematica,Matematica,teste-antrenament,Test de antrenament 1,barem,2020-antrenament-01-mate-info-barem.pdf,bac/2020/matematica/teste-antrenament/2020-antrenament-01-mate-info-barem.pdf,437742,e108b60d4e7d33a3324fa299733d451fd861b84ce0e6009f0f71259187ff003d
2020,matematica,Matematica,teste-antrenament,Test de antrenament 1,subiect,2020-antrenament-01-mate-info-subiect.pdf,bac/2020/matematica/teste-antrenament/2020-antrenament-01-mate-info-subiect.pdf,406222,8fa64fac0f9f76d3d0339ba0c0f2115c80ef4c1b27cfdff86e0565a91677ee92
2020,matematica,Matematica,teste-antrenament,Test de antrenament 1,barem,2020-antrenament-01-pedagogic-barem.pdf,bac/2020/matematica/teste-antrenament/2020-antrenament-01-pedagogic-barem.pdf,424127,26f5add61aa1283d77266531d8db0f5ed773bd9ff4191b557197094b9f40f48d
2020,matematica,Matematica,teste-antrenament,Test de antrenament 1,subiect,2020-antrenament-01-pedagogic-subiect.pdf,bac/2020/matematica/teste-antrenament/2020-antrenament-01-pedagogic-subiect.pdf,398724,7943fee7dfa790e83a7b41472def1759c9b9f1550d08ccb9a2746a76d9d7bd61
2020,matematica,Matematica,teste-antrenament,Test de antrenament 1,barem,2020-antrenament-01-stiinte-naturii-barem.pdf,bac/2020/matematica/teste-antrenament/2020-antrenament-01-stiinte-naturii-barem.pdf,436049,bc680c63b0a5a4839aa3181ab3c8470ccc6e27bc0301abf0f9fc78d27832ffae
2020,matematica,Matematica,teste-antrenament,Test de antrenament 1,subiect,2020-antrenament-01-stiinte-naturii-subiect.pdf,bac/2020/matematica/teste-antrenament/2020-antrenament-01-stiinte-naturii-subiect.pdf,411504,97a0b6a7b3187af07ee63929d694c43f944a3e55c636597fd263c73d547def3c
2020,matematica,Matematica,teste-antrenament,Test de antrenament 1,barem,2020-antrenament-01-tehnologic-barem.pdf,bac/2020/matematica/teste-antrenament/2020-antrenament-01-tehnologic-barem.pdf,442160,efef146b5b1662402316e0ceb27d39c02911c43aea30fa9eb49db59c8d094885
2020,matematica,Matematica,teste-antrenament,Test de antrenament 1,subiect,2020-antrenament-01-tehnologic-subiect.pdf,bac/2020/matematica/teste-antrenament/2020-antrenament-01-tehnologic-subiect.pdf,407144,255e96d12256605839a3c419b89c1809b89b87fced02c6153fe3e23d0fcd6033
2020,matematica,Matematica,teste-antrenament,Test de antrenament 2,barem,2020-antrenament-02-mate-info-barem.pdf,bac/2020/matematica/teste-antrenament/2020-antrenament-02-mate-info-barem.pdf,433782,2b63fbdb40857f7ab74d788da9a8566535ff4202151bdd9963b60597f65bfffc
2020,matematica,Matematica,teste-antrenament,Test de antrenament 2,subiect,2020-antrenament-02-mate-info-subiect.pdf,bac/2020/matematica/teste-antrenament/2020-antrenament-02-mate-info-subiect.pdf,415559,a2641e97375001c5bca10d6b084e5123a78bc24e8bc164da7361124474f5386a
2020,matematica,Matematica,teste-antrenament,Test de antrenament 2,barem,2020-antrenament-02-pedagogic-barem.pdf,bac/2020/matematica/teste-antrenament/2020-antrenament-02-pedagogic-barem.pdf,431199,3a09c939e3986f5ddbac6055776a512fd6b3fc5bca46b8933314a2b42b11b288
2020,matematica,Matematica,teste-antrenament,Test de antrenament 2,subiect,2020-antrenament-02-pedagogic-subiect.pdf,bac/2020/matematica/teste-antrenament/2020-antrenament-02-pedagogic-subiect.pdf,408330,3944ec4076df1f22c949fd3ae54a17688d3af7bb40d967754ffd47599dac6282
2020,matematica,Matematica,teste-antrenament,Test de antrenament 2,barem,2020-antrenament-02-stiinte-naturii-barem.pdf,bac/2020/matematica/teste-antrenament/2020-antrenament-02-stiinte-naturii-barem.pdf,426809,6987cbeca257d15c0f0eb89c188745b264cd160b955f1a17e05ca6eddde23738
2020,matematica,Matematica,teste-antrenament,Test de antrenament 2,subiect,2020-antrenament-02-stiinte-naturii-subiect.pdf,bac/2020/matematica/teste-antrenament/2020-antrenament-02-stiinte-naturii-subiect.pdf,403833,0bfbef16873f01b52c748e6b848f5b1b8be2cadf81d388cc043187b4da5f5e7d
2020,matematica,Matematica,teste-antrenament,Test de antrenament 2,barem,2020-antrenament-02-tehnologic-barem.pdf,bac/2020/matematica/teste-antrenament/2020-antrenament-02-tehnologic-barem.pdf,438326,de52f5bb9eb0b90503c77e54e61465da75dfd31de0ab45fe0161723d7d2af6db
2020,matematica,Matematica,teste-antrenament,Test de antrenament 2,subiect,2020-antrenament-02-tehnologic-subiect.pdf,bac/2020/matematica/teste-antrenament/2020-antrenament-02-tehnologic-subiect.pdf,405507,3cb7f223f7c76bfdbfd23915cfbe6d131039859076c09904d0ea206380bb7338
2020,matematica,Matematica,teste-antrenament,Test de antrenament 3,barem,2020-antrenament-03-mate-info-barem.pdf,bac/2020/matematica/teste-antrenament/2020-antrenament-03-mate-info-barem.pdf,435470,ae727681c5f7133d1b50a5e13a0fa64fa4e192d409440d8463b160dd39562130
2020,matematica,Matematica,teste-antrenament,Test de antrenament 3,subiect,2020-antrenament-03-mate-info-subiect.pdf,bac/2020/matematica/teste-antrenament/2020-antrenament-03-mate-info-subiect.pdf,411188,1d7c0d413e5dafe0d4385132da21c8a9b69007bc9d17c07fa16eb53ed86defaa
2020,matematica,Matematica,teste-antrenament,Test de antrenament 3,barem,2020-antrenament-03-pedagogic-barem.pdf,bac/2020/matematica/teste-antrenament/2020-antrenament-03-pedagogic-barem.pdf,424651,b470067aa9c8468d145042d2ad0ece0e4fd66bc30dd97c4a2bc31315c26dc9a8
2020,matematica,Matematica,teste-antrenament,Test de antrenament 3,subiect,2020-antrenament-03-pedagogic-subiect.pdf,bac/2020/matematica/teste-antrenament/2020-antrenament-03-pedagogic-subiect.pdf,406117,568ba1d2f864b08abab0911a04aa2353ae01bb52785ad93c7465138b619deae1
2020,matematica,Matematica,teste-antrenament,Test de antrenament 3,barem,2020-antrenament-03-stiinte-naturii-barem.pdf,bac/2020/matematica/teste-antrenament/2020-antrenament-03-stiinte-naturii-barem.pdf,431901,5594d985d16965ab8c74e3771a78ed9fc51bfe1431c425fa36633d4fcb8e77f2
2020,matematica,Matematica,teste-antrenament,Test de antrenament 3,subiect,2020-antrenament-03-stiinte-naturii-subiect.pdf,bac/2020/matematica/teste-antrenament/2020-antrenament-03-stiinte-naturii-subiect.pdf,405095,04c41f60cde8c2fe34042616830f671144feb230cd105a811e7cdc8f8052ec51
2020,matematica,Matematica,teste-antrenament,Test de antrenament 3,barem,2020-antrenament-03-tehnologic-barem.pdf,bac/2020/matematica/teste-antrenament/2020-antrenament-03-tehnologic-barem.pdf,420125,f951c4d0ccf8b251cee168ebc30b0efe9428a5e07a7c277e9ac25792f8e22f06
2020,matematica,Matematica,teste-antrenament,Test de antrenament 3,subiect,2020-antrenament-03-tehnologic-subiect.pdf,bac/2020/matematica/teste-antrenament/2020-antrenament-03-tehnologic-subiect.pdf,406849,c31cacdcde5cb934bf7bb9c1c80cb5d4db83f4f8ca2ad7e2b3baad1523ddb35a
2020,matematica,Matematica,teste-antrenament,Test de antrenament 4,barem,2020-antrenament-04-mate-info-barem.pdf,bac/2020/matematica/teste-antrenament/2020-antrenament-04-mate-info-barem.pdf,440396,d49f9de1359f6ffaf20c53d3003650b2d51c9be82ba95dab72e9520547b5add1
2020,matematica,Matematica,teste-antrenament,Test de antrenament 4,subiect,2020-antrenament-04-mate-info-subiect.pdf,bac/2020/matematica/teste-antrenament/2020-antrenament-04-mate-info-subiect.pdf,411006,882edf2ef46f1910397d63139713154d3bdf042a9edbfd3f36d8e64201c1c175
2020,matematica,Matematica,teste-antrenament,Test de antrenament 4,barem,2020-antrenament-04-pedagogic-barem.pdf,bac/2020/matematica/teste-antrenament/2020-antrenament-04-pedagogic-barem.pdf,432568,dbab179d9e421327943966a46acd2b4ff7b3aeb978053ecedb7b7b945ee9ae2f
2020,matematica,Matematica,teste-antrenament,Test de antrenament 4,subiect,2020-antrenament-04-pedagogic-subiect.pdf,bac/2020/matematica/teste-antrenament/2020-antrenament-04-pedagogic-subiect.pdf,404729,75cee3e719bfc2883ab3afbdec59e869bfc418a8c763dc85f0bd6fdd7f7cf151
2020,matematica,Matematica,teste-antrenament,Test de antrenament 4,barem,2020-antrenament-04-stiinte-naturii-barem.pdf,bac/2020/matematica/teste-antrenament/2020-antrenament-04-stiinte-naturii-barem.pdf,426777,2bd689024301818b5d51628f941419ba907ead8e8b4d82dd2d4c0d1fff67cdae
2020,matematica,Matematica,teste-antrenament,Test de antrenament 4,subiect,2020-antrenament-04-stiinte-naturii-subiect.pdf,bac/2020/matematica/teste-antrenament/2020-antrenament-04-stiinte-naturii-subiect.pdf,406111,3b6c852c05e17cc5c1145edab71a7c14a5ceef716287a4cef8e0f979d58ab217
2020,matematica,Matematica,teste-antrenament,Test de antrenament 4,barem,2020-antrenament-04-tehnologic-barem.pdf,bac/2020/matematica/teste-antrenament/2020-antrenament-04-tehnologic-barem.pdf,428904,d4c12e51a0772f4bc3ef1db107eb21647460d668207eebd103e469ac54515b0a
2020,matematica,Matematica,teste-antrenament,Test de antrenament 4,subiect,2020-antrenament-04-tehnologic-subiect.pdf,bac/2020/matematica/teste-antrenament/2020-antrenament-04-tehnologic-subiect.pdf,405021,ec174eb56804d295beff7fa938faf032c0a2fd6d30ab20570f86ae5fca8f34eb
2020,matematica,Matematica,teste-antrenament,Test de antrenament 5,barem,2020-antrenament-05-mate-info-barem.pdf,bac/2020/matematica/teste-antrenament/2020-antrenament-05-mate-info-barem.pdf,444653,c7d4e851e396da5044aaf5747f12f69a6584352ec9c8c50c7b3a14e27c6ff772
2020,matematica,Matematica,teste-antrenament,Test de antrenament 5,subiect,2020-antrenament-05-mate-info-subiect.pdf,bac/2020/matematica/teste-antrenament/2020-antrenament-05-mate-info-subiect.pdf,413969,da1530d55a8947e714564a56a3e78746a701e2015b5f710df174110ebcd46f81
2020,matematica,Matematica,teste-antrenament,Test de antrenament 5,barem,2020-antrenament-05-pedagogic-barem.pdf,bac/2020/matematica/teste-antrenament/2020-antrenament-05-pedagogic-barem.pdf,424754,d4b6889684cb10020b410fa90b29deb05f155fa528ea094775e3235557febafe
2020,matematica,Matematica,teste-antrenament,Test de antrenament 5,subiect,2020-antrenament-05-pedagogic-subiect.pdf,bac/2020/matematica/teste-antrenament/2020-antrenament-05-pedagogic-subiect.pdf,404957,f750744c529d54dc26c01a72067037c5e6fea979cd061ba320aa484f2e44a3ab
2020,matematica,Matematica,teste-antrenament,Test de antrenament 5,barem,2020-antrenament-05-stiinte-naturii-barem.pdf,bac/2020/matematica/teste-antrenament/2020-antrenament-05-stiinte-naturii-barem.pdf,437667,95c73d007522a6dc2f59a37cf3797bfd3a6ffc5d738f15da773f67492b3ebd9e
2020,matematica,Matematica,teste-antrenament,Test de antrenament 5,subiect,2020-antrenament-05-stiinte-naturii-subiect.pdf,bac/2020/matematica/teste-antrenament/2020-antrenament-05-stiinte-naturii-subiect.pdf,399828,62db73c587dcd4e8e9f08a03fe4caaaa8f1e4d8a875f11b20a83dda98b8f8297
2020,matematica,Matematica,teste-antrenament,Test de antrenament 5,barem,2020-antrenament-05-tehnologic-barem.pdf,bac/2020/matematica/teste-antrenament/2020-antrenament-05-tehnologic-barem.pdf,437037,e54536228312b8d3152a65e8ec54fa20cada3d0d4719221bb28d83e59d2a1b23
2020,matematica,Matematica,teste-antrenament,Test de antrenament 5,subiect,2020-antrenament-05-tehnologic-subiect.pdf,bac/2020/matematica/teste-antrenament/2020-antrenament-05-tehnologic-subiect.pdf,404318,f4cd03efd6bbe59c3e82bb08135d0e2af53991c1fba99d0d4e77cec4b77eca05
2020,matematica,Matematica,teste-antrenament,Test de antrenament 6,barem,2020-antrenament-06-mate-info-barem.pdf,bac/2020/matematica/teste-antrenament/2020-antrenament-06-mate-info-barem.pdf,452438,23656c2954d5816c1cf25a54b9e06bdce423a592eac9994742d509073bbd658c
2020,matematica,Matematica,teste-antrenament,Test de antrenament 6,subiect,2020-antrenament-06-mate-info-subiect.pdf,bac/2020/matematica/teste-antrenament/2020-antrenament-06-mate-info-subiect.pdf,290888,bb37d754269ad3360f5cbf0f2886750fd79355f62faa7e171241cd12251d4451
2020,matematica,Matematica,teste-antrenament,Test de antrenament 6,barem,2020-antrenament-06-pedagogic-barem.pdf,bac/2020/matematica/teste-antrenament/2020-antrenament-06-pedagogic-barem.pdf,432962,a926657b457c3db70267c4f4b8c4bdf76df9343734275047a8949aa3f57ab699
2020,matematica,Matematica,teste-antrenament,Test de antrenament 6,subiect,2020-antrenament-06-pedagogic-subiect.pdf,bac/2020/matematica/teste-antrenament/2020-antrenament-06-pedagogic-subiect.pdf,400950,cbbd8efc87f36106a30fa8ab6f4868312eeb36c25f34510cd8debd5a51883ed3
2020,matematica,Matematica,teste-antrenament,Test de antrenament 6,barem,2020-antrenament-06-stiinte-naturii-barem.pdf,bac/2020/matematica/teste-antrenament/2020-antrenament-06-stiinte-naturii-barem.pdf,441740,2df6f238d073df687a4b223e5abc1a8f818f3662a8044f60a9f5915ec1f801c3
2020,matematica,Matematica,teste-antrenament,Test de antrenament 6,subiect,2020-antrenament-06-stiinte-naturii-subiect.pdf,bac/2020/matematica/teste-antrenament/2020-antrenament-06-stiinte-naturii-subiect.pdf,418466,ce4b3c5b9bab871088a22d9c802605985ec3df3dde0dba3d4aa463d613f89e67
2020,matematica,Matematica,teste-antrenament,Test de antrenament 6,barem,2020-antrenament-06-tehnologic-barem.pdf,bac/2020/matematica/teste-antrenament/2020-antrenament-06-tehnologic-barem.pdf,423784,18baf164807c97097dce0de7dc7fb089acab424a7a7e7a4e4513fdcea4bd0cdc
2020,matematica,Matematica,teste-antrenament,Test de antrenament 6,subiect,2020-antrenament-06-tehnologic-subiect.pdf,bac/2020/matematica/teste-antrenament/2020-antrenament-06-tehnologic-subiect.pdf,276845,4794b7695d5e534b2da884d399f296c4d784658fc68d426b48da451847585883
2020,matematica,Matematica,teste-antrenament,Test de antrenament 7,barem,2020-antrenament-07-mate-info-barem.pdf,bac/2020/matematica/teste-antrenament/2020-antrenament-07-mate-info-barem.pdf,444417,b8e51cd55113621bdbffde8d36537918f8e273b6a18cb6e1edd047ad1559a186
2020,matematica,Matematica,teste-antrenament,Test de antrenament 7,subiect,2020-antrenament-07-mate-info-subiect.pdf,bac/2020/matematica/teste-antrenament/2020-antrenament-07-mate-info-subiect.pdf,416825,71c15e5e4cfa480f52000f4f07467521790502bc653c5e0dcdd6e543d4cda02c
2020,matematica,Matematica,teste-antrenament,Test de antrenament 7,barem,2020-antrenament-07-pedagogic-barem.pdf,bac/2020/matematica/teste-antrenament/2020-antrenament-07-pedagogic-barem.pdf,434741,a85fc02b741cdcf9c23a82990bae90f768e0fbcc717f49cb2d0671b88901068c
2020,matematica,Matematica,teste-antrenament,Test de antrenament 7,subiect,2020-antrenament-07-pedagogic-subiect.pdf,bac/2020/matematica/teste-antrenament/2020-antrenament-07-pedagogic-subiect.pdf,409641,841d5bb4526d222a095fb585196e0b90f0a2c691c519ff5c7fd5581e301537a9
2020,matematica,Matematica,teste-antrenament,Test de antrenament 7,barem,2020-antrenament-07-stiinte-naturii-barem.pdf,bac/2020/matematica/teste-antrenament/2020-antrenament-07-stiinte-naturii-barem.pdf,423289,40beaa724d0d4c9803f9f085a07aff3b0ae3b6c77272e40342b21203a5f9ca6b
2020,matematica,Matematica,teste-antrenament,Test de antrenament 7,subiect,2020-antrenament-07-stiinte-naturii-subiect.pdf,bac/2020/matematica/teste-antrenament/2020-antrenament-07-stiinte-naturii-subiect.pdf,407982,c2a9c134dab74e9e1cffa627e7387e4ae65d6b05908bbab6e180a70c47da1508
2020,matematica,Matematica,teste-antrenament,Test de antrenament 7,barem,2020-antrenament-07-tehnologic-barem.pdf,bac/2020/matematica/teste-antrenament/2020-antrenament-07-tehnologic-barem.pdf,426234,fcdfb1ec3a6c6cfddaf200b44bf3c0a308de42762662c9c0b43acb297bb9e87f
2020,matematica,Matematica,teste-antrenament,Test de antrenament 7,subiect,2020-antrenament-07-tehnologic-subiect.pdf,bac/2020/matematica/teste-antrenament/2020-antrenament-07-tehnologic-subiect.pdf,406409,b288d051f091fb000d96122df05b290db0ab44aad4fb9bde4c3381430f490b85
2020,matematica,Matematica,teste-antrenament,Test de antrenament 8,barem,2020-antrenament-08-mate-info-barem.pdf,bac/2020/matematica/teste-antrenament/2020-antrenament-08-mate-info-barem.pdf,442273,93b085e478f1889f692d5faebe468255745189d5ceb79b0abec4366630163e81
2020,matematica,Matematica,teste-antrenament,Test de antrenament 8,subiect,2020-antrenament-08-mate-info-subiect.pdf,bac/2020/matematica/teste-antrenament/2020-antrenament-08-mate-info-subiect.pdf,281385,e016dbc8315870c4a80e20c6995c33ec89e4d1e6cc58454a1a1b64c5787d1e7a
2020,matematica,Matematica,teste-antrenament,Test de antrenament 8,barem,2020-antrenament-08-pedagogic-barem.pdf,bac/2020/matematica/teste-antrenament/2020-antrenament-08-pedagogic-barem.pdf,420735,a8eeff77c7ce690c641377861e024d5a9162887fa4d68b64b3d74a9a38e64d29
2020,matematica,Matematica,teste-antrenament,Test de antrenament 8,subiect,2020-antrenament-08-pedagogic-subiect.pdf,bac/2020/matematica/teste-antrenament/2020-antrenament-08-pedagogic-subiect.pdf,404683,b3267108407a9e7fa9483ca06a78900aa0666cb9403c9cb0d138ce4d81a4a809
2020,matematica,Matematica,teste-antrenament,Test de antrenament 8,barem,2020-antrenament-08-stiinte-naturii-barem.pdf,bac/2020/matematica/teste-antrenament/2020-antrenament-08-stiinte-naturii-barem.pdf,450389,f153241b32d27817cb9ab7b81acea5ae13940803cbec27e5db902d018b90f1c0
2020,matematica,Matematica,teste-antrenament,Test de antrenament 8,subiect,2020-antrenament-08-stiinte-naturii-subiect.pdf,bac/2020/matematica/teste-antrenament/2020-antrenament-08-stiinte-naturii-subiect.pdf,280667,769fcee1bd0ea721fca1819f45c110b05fe04d2b2e1497859b20f659e8782d38
2020,matematica,Matematica,teste-antrenament,Test de antrenament 8,barem,2020-antrenament-08-tehnologic-barem.pdf,bac/2020/matematica/teste-antrenament/2020-antrenament-08-tehnologic-barem.pdf,433296,fd1843aebe5a58de32baecd67df7387b00ecb5f814a8e89923b05ee7cf2349ac
2020,matematica,Matematica,teste-antrenament,Test de antrenament 8,subiect,2020-antrenament-08-tehnologic-subiect.pdf,bac/2020/matematica/teste-antrenament/2020-antrenament-08-tehnologic-subiect.pdf,279768,9716f6f9e0c5c9dc89875b987f4e3145406f5f42b2f0233c5d57fc630037177d
2020,matematica,Matematica,teste-antrenament,Test de antrenament 9,barem,2020-antrenament-09-mate-info-barem.pdf,bac/2020/matematica/teste-antrenament/2020-antrenament-09-mate-info-barem.pdf,439401,73960d564829c78b4705f6d83c30fe9683e031200ab272434a3ccbaa805ec983
2020,matematica,Matematica,teste-antrenament,Test de antrenament 9,subiect,2020-antrenament-09-mate-info-subiect.pdf,bac/2020/matematica/teste-antrenament/2020-antrenament-09-mate-info-subiect.pdf,281586,037b620e4651c73352aa81215fefa5ddcd658679783b010f7c471383a12ec328
2020,matematica,Matematica,teste-antrenament,Test de antrenament 9,barem,2020-antrenament-09-pedagogic-barem.pdf,bac/2020/matematica/teste-antrenament/2020-antrenament-09-pedagogic-barem.pdf,433282,bbca4a244d495978c18c9b8502693f3751d3927b00c4095b60b2f6f78d90ec4e
2020,matematica,Matematica,teste-antrenament,Test de antrenament 9,subiect,2020-antrenament-09-pedagogic-subiect.pdf,bac/2020/matematica/teste-antrenament/2020-antrenament-09-pedagogic-subiect.pdf,401639,bac9ec1c93c6ca8b3b444e03a8b82fe773cce50d1aa7169320c2e7eab1bb1d4f
2020,matematica,Matematica,teste-antrenament,Test de antrenament 9,barem,2020-antrenament-09-stiinte-naturii-barem.pdf,bac/2020/matematica/teste-antrenament/2020-antrenament-09-stiinte-naturii-barem.pdf,445325,8eb7de92325bcf94b3b05863d5cc56c0d58893bf8db759bb6aa44c50de6ffb23
2020,matematica,Matematica,teste-antrenament,Test de antrenament 9,subiect,2020-antrenament-09-stiinte-naturii-subiect.pdf,bac/2020/matematica/teste-antrenament/2020-antrenament-09-stiinte-naturii-subiect.pdf,286633,35c94c63d5114084bad8e2109bdc00087f901d44551e8eb59dca455d20c232a3
2020,matematica,Matematica,teste-antrenament,Test de antrenament 9,barem,2020-antrenament-09-tehnologic-barem.pdf,bac/2020/matematica/teste-antrenament/2020-antrenament-09-tehnologic-barem.pdf,433294,df3b38779453ee02e25436854505a4d8193aead3ea844dc9eae0213b9c228d1b
2020,matematica,Matematica,teste-antrenament,Test de antrenament 9,subiect,2020-antrenament-09-tehnologic-subiect.pdf,bac/2020/matematica/teste-antrenament/2020-antrenament-09-tehnologic-subiect.pdf,278769,82f4576b3e2c11ce9b270e3d6dbdc6a026f3ed6168f12f5c7084a4dccb60b00e
2020,matematica,Matematica,teste-antrenament,Test de antrenament 10,barem,2020-antrenament-10-mate-info-barem.pdf,bac/2020/matematica/teste-antrenament/2020-antrenament-10-mate-info-barem.pdf,442185,50c73e41e1a884785692b0032b03bba6f5298d87aaca16483bec7b151b2f4464
2020,matematica,Matematica,teste-antrenament,Test de antrenament 10,subiect,2020-antrenament-10-mate-info-subiect.pdf,bac/2020/matematica/teste-antrenament/2020-antrenament-10-mate-info-subiect.pdf,410572,fe641f63a51e16200f37738346adb5777609c1bc35c02bf36afe8fb6639336b9
2020,matematica,Matematica,teste-antrenament,Test de antrenament 10,barem,2020-antrenament-10-pedagogic-barem.pdf,bac/2020/matematica/teste-antrenament/2020-antrenament-10-pedagogic-barem.pdf,427694,2049396e995404c40a1c3583f2798cf6fa2a57a8cd2b269cbc33fc9e352aacb6
2020,matematica,Matematica,teste-antrenament,Test de antrenament 10,subiect,2020-antrenament-10-pedagogic-subiect.pdf,bac/2020/matematica/teste-antrenament/2020-antrenament-10-pedagogic-subiect.pdf,401202,03c197e0efdfe67039e7bea7488d3539b56c6c0e38d32b8ae6ef61446096295b
2020,matematica,Matematica,teste-antrenament,Test de antrenament 10,barem,2020-antrenament-10-stiinte-naturii-barem.pdf,bac/2020/matematica/teste-antrenament/2020-antrenament-10-stiinte-naturii-barem.pdf,442780,605315c82aa8fdd131db74cded163c11a4645aeb810a5e8e6f163249d5ea99b1
2020,matematica,Matematica,teste-antrenament,Test de antrenament 10,subiect,2020-antrenament-10-stiinte-naturii-subiect.pdf,bac/2020/matematica/teste-antrenament/2020-antrenament-10-stiinte-naturii-subiect.pdf,291690,211287994b9bea97a9114d29ebb9a46e2f106f588cb3b5841d1c7bc1cb216a61
2020,matematica,Matematica,teste-antrenament,Test de antrenament 10,barem,2020-antrenament-10-tehnologic-barem.pdf,bac/2020/matematica/teste-antrenament/2020-antrenament-10-tehnologic-barem.pdf,442492,79035d5202c792e867437ca2ae372c0a2e2b64dbaaf540a6c8dfd849bdd8ac22
2020,matematica,Matematica,teste-antrenament,Test de antrenament 10,subiect,2020-antrenament-10-tehnologic-subiect.pdf,bac/2020/matematica/teste-antrenament/2020-antrenament-10-tehnologic-subiect.pdf,274626,30c3f518a3ba114d7de5bb0edbef5ded481e035a5fec5ca33c1c23e937b6e615
2020,matematica,Matematica,teste-antrenament,Test de antrenament 11,barem,2020-antrenament-11-mate-info-barem.pdf,bac/2020/matematica/teste-antrenament/2020-antrenament-11-mate-info-barem.pdf,442881,ef7c6c11f0e758c023a6445a84e4b088938a01b7ac662ef21d8e8782a6b10354
2020,matematica,Matematica,teste-antrenament,Test de antrenament 11,subiect,2020-antrenament-11-mate-info-subiect.pdf,bac/2020/matematica/teste-antrenament/2020-antrenament-11-mate-info-subiect.pdf,411866,6334cc25b91f3f9846682165a9fb314b881f0319183898dc588dba4a644537cb
2020,matematica,Matematica,teste-antrenament,Test de antrenament 11,barem,2020-antrenament-11-pedagogic-barem.pdf,bac/2020/matematica/teste-antrenament/2020-antrenament-11-pedagogic-barem.pdf,420785,aac5f2fdf662fce2ace369f663e7ae3dfbdbafb01a0ea5d313cf31c2d5670bd6
2020,matematica,Matematica,teste-antrenament,Test de antrenament 11,subiect,2020-antrenament-11-pedagogic-subiect.pdf,bac/2020/matematica/teste-antrenament/2020-antrenament-11-pedagogic-subiect.pdf,402742,128b5ec76755cb24515000974ef0f71a870a2c218b72c5c81e2b6ebb53a5fb76
2020,matematica,Matematica,teste-antrenament,Test de antrenament 11,barem,2020-antrenament-11-stiinte-naturii-barem.pdf,bac/2020/matematica/teste-antrenament/2020-antrenament-11-stiinte-naturii-barem.pdf,438605,dc982c1b384b575db1dcdcb0e6e39ec8543c34c7484f49b54cb799d5a0a10a05
2020,matematica,Matematica,teste-antrenament,Test de antrenament 11,subiect,2020-antrenament-11-stiinte-naturii-subiect.pdf,bac/2020/matematica/teste-antrenament/2020-antrenament-11-stiinte-naturii-subiect.pdf,410481,2b2357a225f52cb74f4c5de1602bb67a91b85f1671078a3b09c7f5d707b4279d
2020,matematica,Matematica,teste-antrenament,Test de antrenament 11,barem,2020-antrenament-11-tehnologic-barem.pdf,bac/2020/matematica/teste-antrenament/2020-antrenament-11-tehnologic-barem.pdf,421649,579bfe34774313d9720da6ec01991c9b15b5f2166177722357a03e2dda7c3049
2020,matematica,Matematica,teste-antrenament,Test de antrenament 11,subiect,2020-antrenament-11-tehnologic-subiect.pdf,bac/2020/matematica/teste-antrenament/2020-antrenament-11-tehnologic-subiect.pdf,403398,5453a151a5cfdf690b51fbc34252660d6e7736fa9bf8a581f9807f9b068d0df6
2020,matematica,Matematica,teste-antrenament,Test de antrenament 12,barem,2020-antrenament-12-mate-info-barem.pdf,bac/2020/matematica/teste-antrenament/2020-antrenament-12-mate-info-barem.pdf,441598,2d16a3b982b7594a53810a431bd8c4f10cb5b393013c3585fd06b1dca918ddf9
2020,matematica,Matematica,teste-antrenament,Test de antrenament 12,subiect,2020-antrenament-12-mate-info-subiect.pdf,bac/2020/matematica/teste-antrenament/2020-antrenament-12-mate-info-subiect.pdf,408917,680bbbeb398475de6bacc4ba2d48872207e07e92890f8ecb062218976eddb5e4
2020,matematica,Matematica,teste-antrenament,Test de antrenament 12,barem,2020-antrenament-12-pedagogic-barem.pdf,bac/2020/matematica/teste-antrenament/2020-antrenament-12-pedagogic-barem.pdf,428029,32e3f0c387e0a3f5f25508a9e597ba487089f2e2188fa2a58f3bd5413896d8f5
2020,matematica,Matematica,teste-antrenament,Test de antrenament 12,subiect,2020-antrenament-12-pedagogic-subiect.pdf,bac/2020/matematica/teste-antrenament/2020-antrenament-12-pedagogic-subiect.pdf,395791,55af67fa0caee24d35eb0a77706498104ffce02d9a195561056a3abc835483d4
2020,matematica,Matematica,teste-antrenament,Test de antrenament 12,barem,2020-antrenament-12-stiinte-naturii-barem.pdf,bac/2020/matematica/teste-antrenament/2020-antrenament-12-stiinte-naturii-barem.pdf,440903,3e6aa0fb8bde9051682a2536a7fa03254327d76df908dbff0596c48676addf94
2020,matematica,Matematica,teste-antrenament,Test de antrenament 12,subiect,2020-antrenament-12-stiinte-naturii-subiect.pdf,bac/2020/matematica/teste-antrenament/2020-antrenament-12-stiinte-naturii-subiect.pdf,409142,5be1af8a3bd16987cf1a512d11c90e38a4b42c567e534a7690b5a0725098e7c4
2020,matematica,Matematica,teste-antrenament,Test de antrenament 12,barem,2020-antrenament-12-tehnologic-barem.pdf,bac/2020/matematica/teste-antrenament/2020-antrenament-12-tehnologic-barem.pdf,428826,10e96f36422b71d03154b6a22ac99ff5c438dd6a997a11a6b7d5f3d9f0167e67
2020,matematica,Matematica,teste-antrenament,Test de antrenament 12,subiect,2020-antrenament-12-tehnologic-subiect.pdf,bac/2020/matematica/teste-antrenament/2020-antrenament-12-tehnologic-subiect.pdf,410655,21661634c144c51d91aadf5777c4c2c5b052d947b51233bb4fc0625776640b5a
2020,matematica,Matematica,teste-antrenament,Test de antrenament 13,barem,2020-antrenament-13-mate-info-barem.pdf,bac/2020/matematica/teste-antrenament/2020-antrenament-13-mate-info-barem.pdf,454746,89e4b2744c760db0d5b9295aeb98608183637160aa51fc987872150bc3951768
2020,matematica,Matematica,teste-antrenament,Test de antrenament 13,subiect,2020-antrenament-13-mate-info-subiect.pdf,bac/2020/matematica/teste-antrenament/2020-antrenament-13-mate-info-subiect.pdf,408948,401d4829d8259b42c22d6f2acf97d380e69c76ab1459d0f8d6854d411193c789
2020,matematica,Matematica,teste-antrenament,Test de antrenament 13,barem,2020-antrenament-13-pedagogic-barem.pdf,bac/2020/matematica/teste-antrenament/2020-antrenament-13-pedagogic-barem.pdf,429650,8855c487e896a24e64d112cf5c7f5cdca161765dfe7c5d6301227cb0d4c0188e
2020,matematica,Matematica,teste-antrenament,Test de antrenament 13,subiect,2020-antrenament-13-pedagogic-subiect.pdf,bac/2020/matematica/teste-antrenament/2020-antrenament-13-pedagogic-subiect.pdf,404091,b1f539032a39091b9c32d4bb9372c1403a45627febc32738125cb0e1ba730280
2020,matematica,Matematica,teste-antrenament,Test de antrenament 13,barem,2020-antrenament-13-stiinte-naturii-barem.pdf,bac/2020/matematica/teste-antrenament/2020-antrenament-13-stiinte-naturii-barem.pdf,444482,f909da5510c1f3445fbf5c550150f597193d189d54e6d0b62a5ee9de3314b61f
2020,matematica,Matematica,teste-antrenament,Test de antrenament 13,subiect,2020-antrenament-13-stiinte-naturii-subiect.pdf,bac/2020/matematica/teste-antrenament/2020-antrenament-13-stiinte-naturii-subiect.pdf,409507,b95f7ed6fd95748e435637914d20d33219ffc48dc656ee4a45e0aba711973c69
2020,matematica,Matematica,teste-antrenament,Test de antrenament 13,barem,2020-antrenament-13-tehnologic-barem.pdf,bac/2020/matematica/teste-antrenament/2020-antrenament-13-tehnologic-barem.pdf,425590,574ecaa7bd726eba983ec10cdbc1f35b84a6d9686b3d48da40b938b000b7da81
2020,matematica,Matematica,teste-antrenament,Test de antrenament 13,subiect,2020-antrenament-13-tehnologic-subiect.pdf,bac/2020/matematica/teste-antrenament/2020-antrenament-13-tehnologic-subiect.pdf,401960,278db22bb30585a0321bddca8aedcdb70a5571239636a29d9c0c4ec76c25a807
2020,matematica,Matematica,teste-antrenament,Test de antrenament 14,barem,2020-antrenament-14-mate-info-barem.pdf,bac/2020/matematica/teste-antrenament/2020-antrenament-14-mate-info-barem.pdf,440595,3b07f8cd3fbe594ba94139b5e7346300ac3d6c0a9be00a2ca47ebd9ce30cb1a9
2020,matematica,Matematica,teste-antrenament,Test de antrenament 14,subiect,2020-antrenament-14-mate-info-subiect.pdf,bac/2020/matematica/teste-antrenament/2020-antrenament-14-mate-info-subiect.pdf,413582,b37925ca64dbcc7967cbc1a19dd24cc0f02e7ef223ea8161b2b69176e6ce6acc
2020,matematica,Matematica,teste-antrenament,Test de antrenament 14,barem,2020-antrenament-14-pedagogic-barem.pdf,bac/2020/matematica/teste-antrenament/2020-antrenament-14-pedagogic-barem.pdf,422649,f6113f6c8115d1be8bfd9d63f68ed54af610f1c5106a1d573739307284fca152
2020,matematica,Matematica,teste-antrenament,Test de antrenament 14,subiect,2020-antrenament-14-pedagogic-subiect.pdf,bac/2020/matematica/teste-antrenament/2020-antrenament-14-pedagogic-subiect.pdf,404771,30fbadb28909484ef833d0cbc51be4c5a98280696b384a12a348e55cf21858d5
2020,matematica,Matematica,teste-antrenament,Test de antrenament 14,barem,2020-antrenament-14-stiinte-naturii-barem.pdf,bac/2020/matematica/teste-antrenament/2020-antrenament-14-stiinte-naturii-barem.pdf,434265,738a86399178e11957bf0c7945e4ee6ec323e09e4fef92f14aa26baeba8251bd
2020,matematica,Matematica,teste-antrenament,Test de antrenament 14,subiect,2020-antrenament-14-stiinte-naturii-subiect.pdf,bac/2020/matematica/teste-antrenament/2020-antrenament-14-stiinte-naturii-subiect.pdf,407248,6b3cc5783296b0f0cc19bd3906c4447e429770146ee8b602f295505aa69f90e4
2020,matematica,Matematica,teste-antrenament,Test de antrenament 14,barem,2020-antrenament-14-tehnologic-barem.pdf,bac/2020/matematica/teste-antrenament/2020-antrenament-14-tehnologic-barem.pdf,423894,2ac5b9fa69c164425cf5ec593874e11e7421deac602e1254ad87d740c8b6c015
2020,matematica,Matematica,teste-antrenament,Test de antrenament 14,subiect,2020-antrenament-14-tehnologic-subiect.pdf,bac/2020/matematica/teste-antrenament/2020-antrenament-14-tehnologic-subiect.pdf,403173,58e5bee7ba5947b8738df89cb77ad9161a6f8c7800fedf8d081d2c5375459ca7
2020,matematica,Matematica,teste-antrenament,Test de antrenament 15,barem,2020-antrenament-15-mate-info-barem.pdf,bac/2020/matematica/teste-antrenament/2020-antrenament-15-mate-info-barem.pdf,449278,4a82998c77d6ca768f753a5f2dd0fe2af898260b88f5f5f06df29bd46e18bec1
2020,matematica,Matematica,teste-antrenament,Test de antrenament 15,subiect,2020-antrenament-15-mate-info-subiect.pdf,bac/2020/matematica/teste-antrenament/2020-antrenament-15-mate-info-subiect.pdf,415717,0cbba276f1b45dafbf27a3af162a78b705a19cfa24cb4ad8b87eb7da855b0c8d
2020,matematica,Matematica,teste-antrenament,Test de antrenament 15,barem,2020-antrenament-15-pedagogic-barem.pdf,bac/2020/matematica/teste-antrenament/2020-antrenament-15-pedagogic-barem.pdf,425507,d0e2ea44b8745d3c676bd53a22e95d76100975d0cc7ffeb15c79dd68d37e928f
2020,matematica,Matematica,teste-antrenament,Test de antrenament 15,subiect,2020-antrenament-15-pedagogic-subiect.pdf,bac/2020/matematica/teste-antrenament/2020-antrenament-15-pedagogic-subiect.pdf,401124,8ea95d3fbef9412ff75cd1ecf2b86f4ea5a4c17fbac870f7205c1b2f11477fa0
2020,matematica,Matematica,teste-antrenament,Test de antrenament 15,barem,2020-antrenament-15-stiinte-naturii-barem.pdf,bac/2020/matematica/teste-antrenament/2020-antrenament-15-stiinte-naturii-barem.pdf,432640,146500585c95c45a6c769897c90a9b86a4e5530f2485c8ff306f128065452f47
2020,matematica,Matematica,teste-antrenament,Test de antrenament 15,subiect,2020-antrenament-15-stiinte-naturii-subiect.pdf,bac/2020/matematica/teste-antrenament/2020-antrenament-15-stiinte-naturii-subiect.pdf,406192,d03fc01471c12d51e29efd4ea04660811c1ce2c70b67d43441ef8e4cb88a26d5
2020,matematica,Matematica,teste-antrenament,Test de antrenament 15,barem,2020-antrenament-15-tehnologic-barem.pdf,bac/2020/matematica/teste-antrenament/2020-antrenament-15-tehnologic-barem.pdf,422361,88b57e934093b40106e155c92d4465cde06cb8723df435cc603fc969121f4f9a
2020,matematica,Matematica,teste-antrenament,Test de antrenament 15,subiect,2020-antrenament-15-tehnologic-subiect.pdf,bac/2020/matematica/teste-antrenament/2020-antrenament-15-tehnologic-subiect.pdf,405405,b0c62c0537ada439671745b7868abd3f05f51c19c100617cf32adef3676ec31b
2020,matematica,Matematica,teste-antrenament,Test de antrenament 16,barem,2020-antrenament-16-mate-info-barem.pdf,bac/2020/matematica/teste-antrenament/2020-antrenament-16-mate-info-barem.pdf,460171,f39506245319b307ede248a810e45d3570d6c0eb49756c76d6762e3387000916
2020,matematica,Matematica,teste-antrenament,Test de antrenament 16,subiect,2020-antrenament-16-mate-info-subiect.pdf,bac/2020/matematica/teste-antrenament/2020-antrenament-16-mate-info-subiect.pdf,420085,a2c22a96a6781c5906919ff39e66c2560d3b98a43ed5db1a4030da7f7869fb4f
2020,matematica,Matematica,teste-antrenament,Test de antrenament 16,barem,2020-antrenament-16-pedagogic-barem.pdf,bac/2020/matematica/teste-antrenament/2020-antrenament-16-pedagogic-barem.pdf,423600,0e6feaa7ad97bb117536d81011f1267b91315bbf0031ce7936379c76f2f918d7
2020,matematica,Matematica,teste-antrenament,Test de antrenament 16,subiect,2020-antrenament-16-pedagogic-subiect.pdf,bac/2020/matematica/teste-antrenament/2020-antrenament-16-pedagogic-subiect.pdf,401149,bc497249d014ed504ab08066748bc4413bb7c5e6a0c226d50f53e3d87e1565b1
2020,matematica,Matematica,teste-antrenament,Test de antrenament 16,barem,2020-antrenament-16-stiinte-naturii-barem.pdf,bac/2020/matematica/teste-antrenament/2020-antrenament-16-stiinte-naturii-barem.pdf,448189,4215a859f945971e68b4ddabd966c85b2060b7a1d8cb8c7c65738817cf31d844
2020,matematica,Matematica,teste-antrenament,Test de antrenament 16,subiect,2020-antrenament-16-stiinte-naturii-subiect.pdf,bac/2020/matematica/teste-antrenament/2020-antrenament-16-stiinte-naturii-subiect.pdf,418703,b270702e196b3d24a9accb9b5851d93acd672642ab25477592535eb186ae4f2a
2020,matematica,Matematica,teste-antrenament,Test de antrenament 16,barem,2020-antrenament-16-tehnologic-barem.pdf,bac/2020/matematica/teste-antrenament/2020-antrenament-16-tehnologic-barem.pdf,430415,1b6def388d116b5b697dfffcf8be3800722d4e142b7ada12bae8b83becf8ed01
2020,matematica,Matematica,teste-antrenament,Test de antrenament 16,subiect,2020-antrenament-16-tehnologic-subiect.pdf,bac/2020/matematica/teste-antrenament/2020-antrenament-16-tehnologic-subiect.pdf,405151,9589c07c9053e7d1535d4892aad7577b10569bf066722324aa0fd217c25bb477
2020,matematica,Matematica,teste-antrenament,Test de antrenament 17,barem,2020-antrenament-17-mate-info-barem.pdf,bac/2020/matematica/teste-antrenament/2020-antrenament-17-mate-info-barem.pdf,437764,2158b54515466a9cd370f712cd03ef6e387c4df0e3a2f988673fde3853fe1bea
2020,matematica,Matematica,teste-antrenament,Test de antrenament 17,subiect,2020-antrenament-17-mate-info-subiect.pdf,bac/2020/matematica/teste-antrenament/2020-antrenament-17-mate-info-subiect.pdf,402858,91309e71d1a653acffa3b0c397d170c434772f923961ffab08c2c40fdf00f5bd
2020,matematica,Matematica,teste-antrenament,Test de antrenament 17,barem,2020-antrenament-17-pedagogic-barem.pdf,bac/2020/matematica/teste-antrenament/2020-antrenament-17-pedagogic-barem.pdf,410257,5b6bffcaf6841114bfc36331d4e516a26953aa577a932946f068feb44fb06c26
2020,matematica,Matematica,teste-antrenament,Test de antrenament 17,subiect,2020-antrenament-17-pedagogic-subiect.pdf,bac/2020/matematica/teste-antrenament/2020-antrenament-17-pedagogic-subiect.pdf,384803,849db589319735abf066f6f210a13d6d40235137e40828fd8d1d4af295cee3ac
2020,matematica,Matematica,teste-antrenament,Test de antrenament 17,barem,2020-antrenament-17-stiinte-naturii-barem.pdf,bac/2020/matematica/teste-antrenament/2020-antrenament-17-stiinte-naturii-barem.pdf,433489,81487d60f6bd9774fc0a16cfa02eba3b11d2891accba71dabe6c7c9b7290598d
2020,matematica,Matematica,teste-antrenament,Test de antrenament 17,subiect,2020-antrenament-17-stiinte-naturii-subiect.pdf,bac/2020/matematica/teste-antrenament/2020-antrenament-17-stiinte-naturii-subiect.pdf,402163,5ffd608601b839bdcba4d1c5559d69861bb37a1144e256d39dbe482439607a9d
2020,matematica,Matematica,teste-antrenament,Test de antrenament 17,barem,2020-antrenament-17-tehnologic-barem.pdf,bac/2020/matematica/teste-antrenament/2020-antrenament-17-tehnologic-barem.pdf,406637,35d4d153cedeb4cee26abef4184e70413357e2b18c2c0062cfa412427c219a70
2020,matematica,Matematica,teste-antrenament,Test de antrenament 17,subiect,2020-antrenament-17-tehnologic-subiect.pdf,bac/2020/matematica/teste-antrenament/2020-antrenament-17-tehnologic-subiect.pdf,393190,fa3c4814c3344ba41f6f6e89b0f61c92850326c23e630b187918fafcde104dd0
2020,matematica,Matematica,teste-antrenament,Test de antrenament 18,barem,2020-antrenament-18-mate-info-barem.pdf,bac/2020/matematica/teste-antrenament/2020-antrenament-18-mate-info-barem.pdf,425235,753685f8655c5aed8d8cf6948507592e5b4d1aa596cac4f487d37bfabe0c3f72
2020,matematica,Matematica,teste-antrenament,Test de antrenament 18,subiect,2020-antrenament-18-mate-info-subiect.pdf,bac/2020/matematica/teste-antrenament/2020-antrenament-18-mate-info-subiect.pdf,399257,5a2970fcfe2ae613d0d4adc2ad959d66f609e7a9aa5302d7fd99100c25d3e1bf
2020,matematica,Matematica,teste-antrenament,Test de antrenament 18,barem,2020-antrenament-18-pedagogic-barem.pdf,bac/2020/matematica/teste-antrenament/2020-antrenament-18-pedagogic-barem.pdf,408367,fd0bea853b9591f9b976b6dca95013f5660c8f499202550fa41737a1bd412f84
2020,matematica,Matematica,teste-antrenament,Test de antrenament 18,subiect,2020-antrenament-18-pedagogic-subiect.pdf,bac/2020/matematica/teste-antrenament/2020-antrenament-18-pedagogic-subiect.pdf,390809,69f0535aff66ddab63a834b804e1701e2f143983deec5d549fa8dbb55ac1ed8f
2020,matematica,Matematica,teste-antrenament,Test de antrenament 18,barem,2020-antrenament-18-stiinte-naturii-barem.pdf,bac/2020/matematica/teste-antrenament/2020-antrenament-18-stiinte-naturii-barem.pdf,428878,809e58eae96ffa4038a78f8bdd754ee6074d0843c1e0197ac7d0f44acc09118d
2020,matematica,Matematica,teste-antrenament,Test de antrenament 18,subiect,2020-antrenament-18-stiinte-naturii-subiect.pdf,bac/2020/matematica/teste-antrenament/2020-antrenament-18-stiinte-naturii-subiect.pdf,404122,1314a819fc354fc4552d1989c9f766587ae68b337a7d79a2334d1c3a069a9424
2020,matematica,Matematica,teste-antrenament,Test de antrenament 18,barem,2020-antrenament-18-tehnologic-barem.pdf,bac/2020/matematica/teste-antrenament/2020-antrenament-18-tehnologic-barem.pdf,412568,6b8b19d1db7f90b894fc2da6f1b4f6a7668426695f82aa071a9aed27990136f2
2020,matematica,Matematica,teste-antrenament,Test de antrenament 18,subiect,2020-antrenament-18-tehnologic-subiect.pdf,bac/2020/matematica/teste-antrenament/2020-antrenament-18-tehnologic-subiect.pdf,393515,a629726f0645a98edd085f1b07a0c1074e47fc9c521d98f4df2d848573bb65f4
2020,matematica,Matematica,teste-antrenament,Test de antrenament 19,barem,2020-antrenament-19-mate-info-barem.pdf,bac/2020/matematica/teste-antrenament/2020-antrenament-19-mate-info-barem.pdf,430222,e4fe35d3427bd84ae7ad2ff54969752fb2d2082548fc48819b6b00a2fc61d78c
2020,matematica,Matematica,teste-antrenament,Test de antrenament 19,subiect,2020-antrenament-19-mate-info-subiect.pdf,bac/2020/matematica/teste-antrenament/2020-antrenament-19-mate-info-subiect.pdf,403546,ce392b7a16439ba092b46a703597fcaddc71b4fa007e644f8f0fcd59ddcd11fa
2020,matematica,Matematica,teste-antrenament,Test de antrenament 19,barem,2020-antrenament-19-pedagogic-barem.pdf,bac/2020/matematica/teste-antrenament/2020-antrenament-19-pedagogic-barem.pdf,413882,162881eef304199af98747df44f18adf4a19d026e70c0f3eff6723799daa1163
2020,matematica,Matematica,teste-antrenament,Test de antrenament 19,subiect,2020-antrenament-19-pedagogic-subiect.pdf,bac/2020/matematica/teste-antrenament/2020-antrenament-19-pedagogic-subiect.pdf,390092,526d0fdb4195316a7f607d618d44a9ef4a6314b323200681b34ade862b4fabfb
2020,matematica,Matematica,teste-antrenament,Test de antrenament 19,barem,2020-antrenament-19-stiinte-naturii-barem.pdf,bac/2020/matematica/teste-antrenament/2020-antrenament-19-stiinte-naturii-barem.pdf,409440,1af17cda9ae34059bc9a85ed1e6533e2c5124466e4f37b2469fda00afa38a0d6
2020,matematica,Matematica,teste-antrenament,Test de antrenament 19,subiect,2020-antrenament-19-stiinte-naturii-subiect.pdf,bac/2020/matematica/teste-antrenament/2020-antrenament-19-stiinte-naturii-subiect.pdf,392928,09677cf507e8e78f479d95ca398c0d0d103d32f176f4a5dbd861a591c0c8fb73
2020,matematica,Matematica,teste-antrenament,Test de antrenament 19,barem,2020-antrenament-19-tehnologic-barem.pdf,bac/2020/matematica/teste-antrenament/2020-antrenament-19-tehnologic-barem.pdf,412560,96e1e6f7f9255d0d95dce14b83f65e0a8a39f445c42275cc8e05de72ab778c1b
2020,matematica,Matematica,teste-antrenament,Test de antrenament 19,subiect,2020-antrenament-19-tehnologic-subiect.pdf,bac/2020/matematica/teste-antrenament/2020-antrenament-19-tehnologic-subiect.pdf,395807,4f4d3e95de7f60122209eae4640519e2300af63f3b2f334ebc2b629d77b50b73
2020,matematica,Matematica,teste-antrenament,Test de antrenament 20,barem,2020-antrenament-20-mate-info-barem.pdf,bac/2020/matematica/teste-antrenament/2020-antrenament-20-mate-info-barem.pdf,429902,93785acf9d14f55e685672e9573b5b6a67d6b8f123510d125e3da22021193d16
2020,matematica,Matematica,teste-antrenament,Test de antrenament 20,subiect,2020-antrenament-20-mate-info-subiect.pdf,bac/2020/matematica/teste-antrenament/2020-antrenament-20-mate-info-subiect.pdf,404942,a1369a9ea7f2647a77fe94fecd2a0389159740260510909947bbbc3c394e666c
2020,matematica,Matematica,teste-antrenament,Test de antrenament 20,barem,2020-antrenament-20-pedagogic-barem.pdf,bac/2020/matematica/teste-antrenament/2020-antrenament-20-pedagogic-barem.pdf,411676,b08884fc041e5a8cca1f67e7f104d7c597643b258d0374d3ab411dfa9fa0e774
2020,matematica,Matematica,teste-antrenament,Test de antrenament 20,subiect,2020-antrenament-20-pedagogic-subiect.pdf,bac/2020/matematica/teste-antrenament/2020-antrenament-20-pedagogic-subiect.pdf,389648,7292707b55f7752a0296b287733d7777aedceb9bca210470499f393e0edc8f58
2020,matematica,Matematica,teste-antrenament,Test de antrenament 20,barem,2020-antrenament-20-stiinte-naturii-barem.pdf,bac/2020/matematica/teste-antrenament/2020-antrenament-20-stiinte-naturii-barem.pdf,414002,d5d4bffc97e66087e15f1201cc46429e085688f38e1a2b07142939881b970e38
2020,matematica,Matematica,teste-antrenament,Test de antrenament 20,subiect,2020-antrenament-20-stiinte-naturii-subiect.pdf,bac/2020/matematica/teste-antrenament/2020-antrenament-20-stiinte-naturii-subiect.pdf,393737,c87eaeb1a184d0abbeb9429c78fa21f4f2afd5380c57425533ff1cea974ba724
2020,matematica,Matematica,teste-antrenament,Test de antrenament 20,barem,2020-antrenament-20-tehnologic-barem.pdf,bac/2020/matematica/teste-antrenament/2020-antrenament-20-tehnologic-barem.pdf,408834,674fc04ea38443847a6b51b3efd58f9474cb4d1a6f5f376096241442242be376
2020,matematica,Matematica,teste-antrenament,Test de antrenament 20,subiect,2020-antrenament-20-tehnologic-subiect.pdf,bac/2020/matematica/teste-antrenament/2020-antrenament-20-tehnologic-subiect.pdf,394883,ca92f72ffc84c064b78b673b23b84ac033ed668518c9391142a9a09d6891054a
2020,psihologie,Psihologie,sesiune-august,Sesiunea august,barem,2020-august-barem.pdf,bac/2020/psihologie/sesiune-august/2020-august-barem.pdf,65373,ff0f994621d22965ef0956c13a65b233f002fd00f7f36cda35a3cb7b43704a2f
2020,psihologie,Psihologie,sesiune-august,Sesiunea august,subiect,2020-august-subiect.pdf,bac/2020/psihologie/sesiune-august/2020-august-subiect.pdf,150278,53ad605f23e0ba06a8bc1db2b83781cc262cd2aa542a3d6d4042aaaf3a29107b
2020,psihologie,Psihologie,sesiune-iunie-iulie,Sesiunea iunie-iulie,barem,2020-iunie-iulie-barem.pdf,bac/2020/psihologie/sesiune-iunie-iulie/2020-iunie-iulie-barem.pdf,64618,232371c8fa751aab8dad81860759899b9de17a725399adfc301908daac8c49dd
2020,psihologie,Psihologie,sesiune-iunie-iulie,Sesiunea iunie-iulie,subiect,2020-iunie-iulie-subiect.pdf,bac/2020/psihologie/sesiune-iunie-iulie/2020-iunie-iulie-subiect.pdf,151368,83fc5579d3d8154708852b403385dbdb26698fa45fde36c875886b30ac482c5e
2020,psihologie,Psihologie,sesiune-speciala,Sesiunea speciala,barem,2020-speciala-barem.pdf,bac/2020/psihologie/sesiune-speciala/2020-speciala-barem.pdf,64673,f0d6c35ab7377f91e8f944c230c20a6c1bc28c3e196647e33c7ee65832b23a8e
2020,psihologie,Psihologie,sesiune-speciala,Sesiunea speciala,subiect,2020-speciala-subiect.pdf,bac/2020/psihologie/sesiune-speciala/2020-speciala-subiect.pdf,151361,15513bd74ec798b29a95a8beec9f392407c85a7f2c31edb2a1ea2e0b0faf7377
2020,psihologie,Psihologie,teste-antrenament,Test de antrenament 1,barem,2020-antrenament-01-barem.pdf,bac/2020/psihologie/teste-antrenament/2020-antrenament-01-barem.pdf,179652,be4e34d44626e4779c1035856181e4811532ac87aff6e7d31bb9eb49069563f4
2020,psihologie,Psihologie,teste-antrenament,Test de antrenament 1,subiect,2020-antrenament-01-subiect.pdf,bac/2020/psihologie/teste-antrenament/2020-antrenament-01-subiect.pdf,211419,9e4e6ec721175dd4760cb10db6dcbd8b7ba7e2c21aa190c2c70b4af4eaa1e3ed
2020,psihologie,Psihologie,teste-antrenament,Test de antrenament 2,barem,2020-antrenament-02-barem.pdf,bac/2020/psihologie/teste-antrenament/2020-antrenament-02-barem.pdf,163452,5cafed150d9381688d8b510eeb6df6fadd8655c247b390d53c9e75b526ee4e05
2020,psihologie,Psihologie,teste-antrenament,Test de antrenament 2,subiect,2020-antrenament-02-subiect.pdf,bac/2020/psihologie/teste-antrenament/2020-antrenament-02-subiect.pdf,198305,59d38d9fa62a78b12cd3b835633264b86cd2ab0b05fcabe0a384994f7612880d
2020,psihologie,Psihologie,teste-antrenament,Test de antrenament 3,barem,2020-antrenament-03-barem.pdf,bac/2020/psihologie/teste-antrenament/2020-antrenament-03-barem.pdf,164039,9f30084d65987957dcd9a23f32e9a2de1258036a6caba0da29f4259cf266a630
2020,psihologie,Psihologie,teste-antrenament,Test de antrenament 3,subiect,2020-antrenament-03-subiect.pdf,bac/2020/psihologie/teste-antrenament/2020-antrenament-03-subiect.pdf,197066,797ab89e3da25228b7ec770377a52e8586b1cba6c586da3a005b610ca5e66372
2020,psihologie,Psihologie,teste-antrenament,Test de antrenament 4,barem,2020-antrenament-04-barem.pdf,bac/2020/psihologie/teste-antrenament/2020-antrenament-04-barem.pdf,167447,6567d8cc362a6143c1f6b3d2c3093e00e8559819b8f6b1b65613abb8a852ff78
2020,psihologie,Psihologie,teste-antrenament,Test de antrenament 4,subiect,2020-antrenament-04-subiect.pdf,bac/2020/psihologie/teste-antrenament/2020-antrenament-04-subiect.pdf,181619,27de5470ec3a4936d73880e35bec198333a80f717be6117e6c9e6ddbe0879147
2020,psihologie,Psihologie,teste-antrenament,Test de antrenament 5,barem,2020-antrenament-05-barem.pdf,bac/2020/psihologie/teste-antrenament/2020-antrenament-05-barem.pdf,177157,62751613913ffecbb7dc33b4ac0f4848f60f08a19bd7d84def8521dc6225296b
2020,psihologie,Psihologie,teste-antrenament,Test de antrenament 5,subiect,2020-antrenament-05-subiect.pdf,bac/2020/psihologie/teste-antrenament/2020-antrenament-05-subiect.pdf,194501,1a58772ad696a543c14e3322f6a49e664b2c2247e73e3392de21022c7f07f527
2020,psihologie,Psihologie,teste-antrenament,Test de antrenament 6,barem,2020-antrenament-06-barem.pdf,bac/2020/psihologie/teste-antrenament/2020-antrenament-06-barem.pdf,176227,f307074e88f2d47f3dd86f65cc26211d8448920894650ad1d09bc924c1c33732
2020,psihologie,Psihologie,teste-antrenament,Test de antrenament 6,subiect,2020-antrenament-06-subiect.pdf,bac/2020/psihologie/teste-antrenament/2020-antrenament-06-subiect.pdf,192458,ba6e286bdff977e1f528853abf73c301914bebefabd5f9894466038f990d30ed
2020,psihologie,Psihologie,teste-antrenament,Test de antrenament 7,barem,2020-antrenament-07-barem.pdf,bac/2020/psihologie/teste-antrenament/2020-antrenament-07-barem.pdf,168181,16aa26d4bda25f467b3303d80c3e8befe1ca4c85f2092683bde56dcf681aef8b
2020,psihologie,Psihologie,teste-antrenament,Test de antrenament 7,subiect,2020-antrenament-07-subiect.pdf,bac/2020/psihologie/teste-antrenament/2020-antrenament-07-subiect.pdf,192549,7cb5ee9912855340a80515272f78d8342d48016db284d7c8b191cc3a01ca336a
2020,psihologie,Psihologie,teste-antrenament,Test de antrenament 8,barem,2020-antrenament-08-barem.pdf,bac/2020/psihologie/teste-antrenament/2020-antrenament-08-barem.pdf,182098,c0ac119216de5c4f8450e0b89927ad561c72f4942af3433fb4805292e434e193
2020,psihologie,Psihologie,teste-antrenament,Test de antrenament 8,subiect,2020-antrenament-08-subiect.pdf,bac/2020/psihologie/teste-antrenament/2020-antrenament-08-subiect.pdf,180606,45f23d7e3c90534d2f7d1f5a11aa07960e72a3386dfde7532126e0f8a9b93f1e
2020,psihologie,Psihologie,teste-antrenament,Test de antrenament 9,barem,2020-antrenament-09-barem.pdf,bac/2020/psihologie/teste-antrenament/2020-antrenament-09-barem.pdf,179317,223a0004871f7d1a578fb14899574da2a11a5b9364c3eaf0b515d13838484e16
2020,psihologie,Psihologie,teste-antrenament,Test de antrenament 9,subiect,2020-antrenament-09-subiect.pdf,bac/2020/psihologie/teste-antrenament/2020-antrenament-09-subiect.pdf,192018,04f9e84860d49c28474d8b05583a76e794f3cb73c34dfb5b09c41548814a73b2
2020,psihologie,Psihologie,teste-antrenament,Test de antrenament 10,barem,2020-antrenament-10-barem.pdf,bac/2020/psihologie/teste-antrenament/2020-antrenament-10-barem.pdf,176801,5f127c1f9a19e3f676a74b1bd5dce1a5effe9a49523b6608d95165fb2462c370
2020,psihologie,Psihologie,teste-antrenament,Test de antrenament 10,subiect,2020-antrenament-10-subiect.pdf,bac/2020/psihologie/teste-antrenament/2020-antrenament-10-subiect.pdf,184426,1ac2600e6ea6b59bf3f1fd8a85faa1d34937d925bcd140e26e9545a5397c9951
2020,psihologie,Psihologie,teste-antrenament,Test de antrenament 11,barem,2020-antrenament-11-barem.pdf,bac/2020/psihologie/teste-antrenament/2020-antrenament-11-barem.pdf,175684,c94368610c98112f7e14e1fd5421bdb8d459263663279d128a2f98f85d6de686
2020,psihologie,Psihologie,teste-antrenament,Test de antrenament 11,subiect,2020-antrenament-11-subiect.pdf,bac/2020/psihologie/teste-antrenament/2020-antrenament-11-subiect.pdf,180718,820a63450bf8aeae1eeae8e4b2b1bb4b6d0caa49c5b8981432d0702b630c855a
2020,psihologie,Psihologie,teste-antrenament,Test de antrenament 12,barem,2020-antrenament-12-barem.pdf,bac/2020/psihologie/teste-antrenament/2020-antrenament-12-barem.pdf,176513,efacd3ae791fd9b9383c78d3e500b664875d03ea60e7141a906f97392e3e2d64
2020,psihologie,Psihologie,teste-antrenament,Test de antrenament 12,subiect,2020-antrenament-12-subiect.pdf,bac/2020/psihologie/teste-antrenament/2020-antrenament-12-subiect.pdf,194415,7c130b157baf31e0105888a56689bb68e8f352782d9bfd30f813df911e935f37
2020,psihologie,Psihologie,teste-antrenament,Test de antrenament 13,barem,2020-antrenament-13-barem.pdf,bac/2020/psihologie/teste-antrenament/2020-antrenament-13-barem.pdf,176644,9b66b6858db00a57493b2b9bfe106608c3dcf898dbac46f3b8d651b266de4281
2020,psihologie,Psihologie,teste-antrenament,Test de antrenament 13,subiect,2020-antrenament-13-subiect.pdf,bac/2020/psihologie/teste-antrenament/2020-antrenament-13-subiect.pdf,191004,4c27a2c4c92608d1abc76c34652edaecc254fcc4b1099aed6f0d64e97ffd1aa9
2020,psihologie,Psihologie,teste-antrenament,Test de antrenament 14,barem,2020-antrenament-14-barem.pdf,bac/2020/psihologie/teste-antrenament/2020-antrenament-14-barem.pdf,166946,d47e088bf0d2ac0743a004286cca69e5b1828a4b57765b154e910ac8785c2816
2020,psihologie,Psihologie,teste-antrenament,Test de antrenament 14,subiect,2020-antrenament-14-subiect.pdf,bac/2020/psihologie/teste-antrenament/2020-antrenament-14-subiect.pdf,195179,6ef29bc1a889404635f5a716f358dab8257a0cc7790a2b9421ab3d51d095c63c
2020,psihologie,Psihologie,teste-antrenament,Test de antrenament 15,barem,2020-antrenament-15-barem.pdf,bac/2020/psihologie/teste-antrenament/2020-antrenament-15-barem.pdf,163640,362aea8027780f823cff157c4b56cfdfc1138ed5df0e03f8cbb5659aff1433b7
2020,psihologie,Psihologie,teste-antrenament,Test de antrenament 15,subiect,2020-antrenament-15-subiect.pdf,bac/2020/psihologie/teste-antrenament/2020-antrenament-15-subiect.pdf,196109,ba4d0d8bcd335960b6cfb1ee17e2720cb3cc68db92cfa98b66583ff13773aa6d
2020,psihologie,Psihologie,teste-antrenament,Test de antrenament 16,barem,2020-antrenament-16-barem.pdf,bac/2020/psihologie/teste-antrenament/2020-antrenament-16-barem.pdf,176426,ccc76ac196b54d26499cf57be1c45e20a1ab3229373bd87b642ce31d69a4dc92
2020,psihologie,Psihologie,teste-antrenament,Test de antrenament 16,subiect,2020-antrenament-16-subiect.pdf,bac/2020/psihologie/teste-antrenament/2020-antrenament-16-subiect.pdf,194688,34e34f74ba215a67b7f816467ddaf7473ac25fd9cbb07cfa5cab6f84ca4595ec
2020,psihologie,Psihologie,teste-antrenament,Test de antrenament 17,barem,2020-antrenament-17-barem.pdf,bac/2020/psihologie/teste-antrenament/2020-antrenament-17-barem.pdf,179491,56d01566c89f2a40945bde14b73f065ac3d25ad778603a5bfac732911231632f
2020,psihologie,Psihologie,teste-antrenament,Test de antrenament 17,subiect,2020-antrenament-17-subiect.pdf,bac/2020/psihologie/teste-antrenament/2020-antrenament-17-subiect.pdf,198065,34e28ddb860160133b7a5e7d36c1a19aff29ce5220f5c6cff592858376afa021
2020,psihologie,Psihologie,teste-antrenament,Test de antrenament 18,barem,2020-antrenament-18-barem.pdf,bac/2020/psihologie/teste-antrenament/2020-antrenament-18-barem.pdf,176522,497a967eb475b747cbd79870e7835937d4b7e4d8de646ae80abfc8fba680b5ba
2020,psihologie,Psihologie,teste-antrenament,Test de antrenament 18,subiect,2020-antrenament-18-subiect.pdf,bac/2020/psihologie/teste-antrenament/2020-antrenament-18-subiect.pdf,194969,840cea9035e026637f20df832e6bb60864c91b15d3b05edcd32870a6a9c44e57
2020,psihologie,Psihologie,teste-antrenament,Test de antrenament 19,barem,2020-antrenament-19-barem.pdf,bac/2020/psihologie/teste-antrenament/2020-antrenament-19-barem.pdf,167250,5999100e9965d7666b94f1203019dc6aa404d9b579a89e94b9bc8b1862923382
2020,psihologie,Psihologie,teste-antrenament,Test de antrenament 19,subiect,2020-antrenament-19-subiect.pdf,bac/2020/psihologie/teste-antrenament/2020-antrenament-19-subiect.pdf,193300,f8aca785cb0e122072f6472ad463e62d3b75dea7df6dc567129b45054654c44b
2020,psihologie,Psihologie,teste-antrenament,Test de antrenament 20,barem,2020-antrenament-20-barem.pdf,bac/2020/psihologie/teste-antrenament/2020-antrenament-20-barem.pdf,163764,40740149ec4c6314fdf17f19050ddad38b07d615c188b310f4486e0c1ffd0adf
2020,psihologie,Psihologie,teste-antrenament,Test de antrenament 20,subiect,2020-antrenament-20-subiect.pdf,bac/2020/psihologie/teste-antrenament/2020-antrenament-20-subiect.pdf,190841,2e86441d254d93095877eea5fc3e7ebcef4035b8f57daff37eb9c611af0f5dc5
2020,romana,Limba romana,sesiune-august,Sesiunea august,barem,2020-august-real-tehnologic-barem.pdf,bac/2020/romana/sesiune-august/2020-august-real-tehnologic-barem.pdf,127329,44677764065e92a2270a12bddc5f983a6dc4922322818bf44045a7948b0f788f
2020,romana,Limba romana,sesiune-august,Sesiunea august,subiect,2020-august-real-tehnologic-subiect.pdf,bac/2020/romana/sesiune-august/2020-august-real-tehnologic-subiect.pdf,159415,0a02970d5e7387f2f1f0e81e596f3ec7975367554481e637ce0abe6099f1b3fb
2020,romana,Limba romana,sesiune-august,Sesiunea august,barem,2020-august-uman-pedagogic-barem.pdf,bac/2020/romana/sesiune-august/2020-august-uman-pedagogic-barem.pdf,123673,6232baecdc4b629eb6d2363dae97b711c62d720c084c9a1c15f11712a1d781d3
2020,romana,Limba romana,sesiune-august,Sesiunea august,subiect,2020-august-uman-pedagogic-subiect.pdf,bac/2020/romana/sesiune-august/2020-august-uman-pedagogic-subiect.pdf,156469,bab4d477e54de414b3044516cc164ceba9ebd7196ac4838e8ecba5c0d2283832
2020,romana,Limba romana,sesiune-iunie-iulie,Sesiunea iunie-iulie,barem,2020-iunie-iulie-real-tehnologic-barem.pdf,bac/2020/romana/sesiune-iunie-iulie/2020-iunie-iulie-real-tehnologic-barem.pdf,129515,ae3b75766465b4713a0e415aaed2920e0d899695f65543cf329973b2ab2590d0
2020,romana,Limba romana,sesiune-iunie-iulie,Sesiunea iunie-iulie,subiect,2020-iunie-iulie-real-tehnologic-subiect.pdf,bac/2020/romana/sesiune-iunie-iulie/2020-iunie-iulie-real-tehnologic-subiect.pdf,155894,73393171f1a3c47b509fb0178b463bb45b05573c5b0366f83913c34fdda6f68d
2020,romana,Limba romana,sesiune-iunie-iulie,Sesiunea iunie-iulie,barem,2020-iunie-iulie-uman-pedagogic-barem.pdf,bac/2020/romana/sesiune-iunie-iulie/2020-iunie-iulie-uman-pedagogic-barem.pdf,126115,23a52fe38c90cf7292566d4435fb78b6a93b1867ed2a7c17d135c1abfd0f5091
2020,romana,Limba romana,sesiune-iunie-iulie,Sesiunea iunie-iulie,subiect,2020-iunie-iulie-uman-pedagogic-subiect.pdf,bac/2020/romana/sesiune-iunie-iulie/2020-iunie-iulie-uman-pedagogic-subiect.pdf,154593,120650827742acbcd33ac2a0e7e09897b72d6dd1881f6d2fce925cf0878dd02a
2020,romana,Limba romana,sesiune-speciala,Sesiunea speciala,barem,2020-speciala-real-tehnologic-barem.pdf,bac/2020/romana/sesiune-speciala/2020-speciala-real-tehnologic-barem.pdf,128292,710415dc0175e094374c2ac01d20c688820c01c27e458532d20ba45f5d1d9a68
2020,romana,Limba romana,sesiune-speciala,Sesiunea speciala,subiect,2020-speciala-real-tehnologic-subiect.pdf,bac/2020/romana/sesiune-speciala/2020-speciala-real-tehnologic-subiect.pdf,147396,6863034fc9535fd0d2f3b4a528de762b99d94c21ba3b1f6993dab067d542db2b
2020,romana,Limba romana,sesiune-speciala,Sesiunea speciala,barem,2020-speciala-uman-pedagogic-barem.pdf,bac/2020/romana/sesiune-speciala/2020-speciala-uman-pedagogic-barem.pdf,123751,6e2e6448a9b9dff5b75ae3db87405247f27246d202b0cd1d29e1e85c9944f690
2020,romana,Limba romana,sesiune-speciala,Sesiunea speciala,subiect,2020-speciala-uman-pedagogic-subiect.pdf,bac/2020/romana/sesiune-speciala/2020-speciala-uman-pedagogic-subiect.pdf,143924,80b02c5237be4e76c72926f29749940b4c6e3676b590f105a11f1f4eae80f805
2020,romana,Limba romana,teste-antrenament,Test de antrenament 1,barem,2020-antrenament-01-real-tehnologic-barem.pdf,bac/2020/romana/teste-antrenament/2020-antrenament-01-real-tehnologic-barem.pdf,231392,0e8ae650825bbd276c87b3fe62c8cc8e10fe8b44e6865d5b8c2c265dd97f6d27
2020,romana,Limba romana,teste-antrenament,Test de antrenament 1,subiect,2020-antrenament-01-real-tehnologic-subiect.pdf,bac/2020/romana/teste-antrenament/2020-antrenament-01-real-tehnologic-subiect.pdf,231981,bcf6c3e491cc4828c5fd5c3db15b64f05fec4f0a2e517c0484b151ca5a07e0fb
2020,romana,Limba romana,teste-antrenament,Test de antrenament 1,barem,2020-antrenament-01-uman-pedagogic-barem.pdf,bac/2020/romana/teste-antrenament/2020-antrenament-01-uman-pedagogic-barem.pdf,228803,cbcac249e417e49faef916dd92c21f13c842a3ef9a349af9cf6006c52c23356c
2020,romana,Limba romana,teste-antrenament,Test de antrenament 1,subiect,2020-antrenament-01-uman-pedagogic-subiect.pdf,bac/2020/romana/teste-antrenament/2020-antrenament-01-uman-pedagogic-subiect.pdf,229631,cad0a408f2849356f4060518728c2aa174f136890964d90b87378a83bcd27221
2020,romana,Limba romana,teste-antrenament,Test de antrenament 2,barem,2020-antrenament-02-real-tehnologic-barem.pdf,bac/2020/romana/teste-antrenament/2020-antrenament-02-real-tehnologic-barem.pdf,232217,359928307669e58a671b5220ed109cf8eede34198e36f9ebd88ee425be0198f2
2020,romana,Limba romana,teste-antrenament,Test de antrenament 2,subiect,2020-antrenament-02-real-tehnologic-subiect.pdf,bac/2020/romana/teste-antrenament/2020-antrenament-02-real-tehnologic-subiect.pdf,233678,51c1b69bce202a7585b77ffe16896c9294b82a81227b7a0f9d8b90f96ee7c174
2020,romana,Limba romana,teste-antrenament,Test de antrenament 2,barem,2020-antrenament-02-uman-pedagogic-barem.pdf,bac/2020/romana/teste-antrenament/2020-antrenament-02-uman-pedagogic-barem.pdf,229291,cec00a84f11148838cd8faad429a60e03e0ba71f960cee002e82cf63f804e1b9
2020,romana,Limba romana,teste-antrenament,Test de antrenament 2,subiect,2020-antrenament-02-uman-pedagogic-subiect.pdf,bac/2020/romana/teste-antrenament/2020-antrenament-02-uman-pedagogic-subiect.pdf,231745,e37c001ae0602d1b1fb017729790eae83ef40c9c6ea79be6dbd4b418ccea65ac
2020,romana,Limba romana,teste-antrenament,Test de antrenament 3,barem,2020-antrenament-03-real-tehnologic-barem.pdf,bac/2020/romana/teste-antrenament/2020-antrenament-03-real-tehnologic-barem.pdf,231037,ea1fd81c959ad74f641f27fa0294767b293c82d6f18a437027cf4ecaeb97538e
2020,romana,Limba romana,teste-antrenament,Test de antrenament 3,subiect,2020-antrenament-03-real-tehnologic-subiect.pdf,bac/2020/romana/teste-antrenament/2020-antrenament-03-real-tehnologic-subiect.pdf,234415,905cb3dce9e48f5c1e879904ee2c7d839db9c20dbf78149b5ccd51d3a066908e
2020,romana,Limba romana,teste-antrenament,Test de antrenament 3,barem,2020-antrenament-03-uman-pedagogic-barem.pdf,bac/2020/romana/teste-antrenament/2020-antrenament-03-uman-pedagogic-barem.pdf,229026,4310cf9af432c1e8fa000bf879e124e17a1833a82b0ab0d8571c251e8d003c27
2020,romana,Limba romana,teste-antrenament,Test de antrenament 3,subiect,2020-antrenament-03-uman-pedagogic-subiect.pdf,bac/2020/romana/teste-antrenament/2020-antrenament-03-uman-pedagogic-subiect.pdf,232249,75a38e2c7009ced0487375428f1556d51d12fb1f936e8cc4cbfd22fa97bed18a
2020,romana,Limba romana,teste-antrenament,Test de antrenament 4,barem,2020-antrenament-04-real-tehnologic-barem.pdf,bac/2020/romana/teste-antrenament/2020-antrenament-04-real-tehnologic-barem.pdf,230683,7d8d10999a3d7fe5b012a404982e68e2074ebfd8ce8d991b0290865f5e4da3f5
2020,romana,Limba romana,teste-antrenament,Test de antrenament 4,subiect,2020-antrenament-04-real-tehnologic-subiect.pdf,bac/2020/romana/teste-antrenament/2020-antrenament-04-real-tehnologic-subiect.pdf,233139,3d0314a4137c03c7df8ad5b45b60e13ca1798c06a5ae9917c3cf8e504759b7bb
2020,romana,Limba romana,teste-antrenament,Test de antrenament 4,barem,2020-antrenament-04-uman-pedagogic-barem.pdf,bac/2020/romana/teste-antrenament/2020-antrenament-04-uman-pedagogic-barem.pdf,226813,c4395fb8bbaeb53cc153600a30654f19e36a5cd709d6107fa0480b9cc9aad9ba
2020,romana,Limba romana,teste-antrenament,Test de antrenament 4,subiect,2020-antrenament-04-uman-pedagogic-subiect.pdf,bac/2020/romana/teste-antrenament/2020-antrenament-04-uman-pedagogic-subiect.pdf,231554,84acbce400a30ebf13cce75859798292af2e007ae14f5cc03b10e3d71867bbac
2020,romana,Limba romana,teste-antrenament,Test de antrenament 5,barem,2020-antrenament-05-real-tehnologic-barem.pdf,bac/2020/romana/teste-antrenament/2020-antrenament-05-real-tehnologic-barem.pdf,232508,7e39db516a96f1575b35efec56990a4a5067ef9699f269c787fc1c2fda9c557f
2020,romana,Limba romana,teste-antrenament,Test de antrenament 5,subiect,2020-antrenament-05-real-tehnologic-subiect.pdf,bac/2020/romana/teste-antrenament/2020-antrenament-05-real-tehnologic-subiect.pdf,308856,55e95169adb85685f786a47d0446f0b3289665c9e5924ea0c452c15e9266f32c
2020,romana,Limba romana,teste-antrenament,Test de antrenament 5,barem,2020-antrenament-05-uman-pedagogic-barem.pdf,bac/2020/romana/teste-antrenament/2020-antrenament-05-uman-pedagogic-barem.pdf,228566,0ae5cd951ab293c70fdc67349cbabed2f7b97293ca11a468eeaea6ed6bc576e1
2020,romana,Limba romana,teste-antrenament,Test de antrenament 5,subiect,2020-antrenament-05-uman-pedagogic-subiect.pdf,bac/2020/romana/teste-antrenament/2020-antrenament-05-uman-pedagogic-subiect.pdf,307807,6629fba49fb66736c731cb312cb05fec8023321b256eb854e8b6fa4cd0f3aef0
2020,romana,Limba romana,teste-antrenament,Test de antrenament 6,barem,2020-antrenament-06-real-tehnologic-barem.pdf,bac/2020/romana/teste-antrenament/2020-antrenament-06-real-tehnologic-barem.pdf,232675,b559b0e404dbeb5c2cd03562dfa45f4b387a7beddabb1622a07dfed35f6c9224
2020,romana,Limba romana,teste-antrenament,Test de antrenament 6,subiect,2020-antrenament-06-real-tehnologic-subiect.pdf,bac/2020/romana/teste-antrenament/2020-antrenament-06-real-tehnologic-subiect.pdf,236793,5149c7f279caa96989ed82cf1d8c0af775db5ebeb534a44219eb514b68253e8d
2020,romana,Limba romana,teste-antrenament,Test de antrenament 6,barem,2020-antrenament-06-uman-pedagogic-barem.pdf,bac/2020/romana/teste-antrenament/2020-antrenament-06-uman-pedagogic-barem.pdf,229674,d93f39856c14a46685d5dfdff1c4105cf3a3656b0db3527769dab57643206792
2020,romana,Limba romana,teste-antrenament,Test de antrenament 6,subiect,2020-antrenament-06-uman-pedagogic-subiect.pdf,bac/2020/romana/teste-antrenament/2020-antrenament-06-uman-pedagogic-subiect.pdf,235934,28f7a0f50e6d5ffc4f2fee57eb120a2dd69aa3e016bda6d54f9d61ef1c6fc90a
2020,romana,Limba romana,teste-antrenament,Test de antrenament 7,barem,2020-antrenament-07-real-tehnologic-barem.pdf,bac/2020/romana/teste-antrenament/2020-antrenament-07-real-tehnologic-barem.pdf,231783,128573f379409ba4747fb4453d82a3b742b4b2f7553228a13696f9088cfe1524
2020,romana,Limba romana,teste-antrenament,Test de antrenament 7,subiect,2020-antrenament-07-real-tehnologic-subiect.pdf,bac/2020/romana/teste-antrenament/2020-antrenament-07-real-tehnologic-subiect.pdf,236110,495071bc465be6cd87466244db2db51818e68e38dfe860e7e934a40cebac4881
2020,romana,Limba romana,teste-antrenament,Test de antrenament 7,barem,2020-antrenament-07-uman-pedagogic-barem.pdf,bac/2020/romana/teste-antrenament/2020-antrenament-07-uman-pedagogic-barem.pdf,229360,3f657afa9d2f3a1cc93e6193a6c0ee53ddfa254c0e56f7010cef7b00e1bc967d
2020,romana,Limba romana,teste-antrenament,Test de antrenament 7,subiect,2020-antrenament-07-uman-pedagogic-subiect.pdf,bac/2020/romana/teste-antrenament/2020-antrenament-07-uman-pedagogic-subiect.pdf,234533,8910ffe82ef371c25763f83c66ccaeb0dca400a79e1f63b67e1bbf6dfc3416dd
2020,romana,Limba romana,teste-antrenament,Test de antrenament 8,barem,2020-antrenament-08-real-tehnologic-barem.pdf,bac/2020/romana/teste-antrenament/2020-antrenament-08-real-tehnologic-barem.pdf,231290,567c1f49639314cf873c9c5b957b3662484e1058ceb703b645f0ea00b86730d4
2020,romana,Limba romana,teste-antrenament,Test de antrenament 8,subiect,2020-antrenament-08-real-tehnologic-subiect.pdf,bac/2020/romana/teste-antrenament/2020-antrenament-08-real-tehnologic-subiect.pdf,310221,4b442821eb99edfe1305b4f646a614baae8539f5c1d464f22afdbc0b69371483
2020,romana,Limba romana,teste-antrenament,Test de antrenament 8,barem,2020-antrenament-08-uman-pedagogic-barem.pdf,bac/2020/romana/teste-antrenament/2020-antrenament-08-uman-pedagogic-barem.pdf,228182,81930805ce09d351af26a4fc8884ac8508e9923025d673c5982a576060536244
2020,romana,Limba romana,teste-antrenament,Test de antrenament 8,subiect,2020-antrenament-08-uman-pedagogic-subiect.pdf,bac/2020/romana/teste-antrenament/2020-antrenament-08-uman-pedagogic-subiect.pdf,308721,6b639a1158d8ab1e27c881c8ec2607c4c5725fbfc9a7db264e232dbc51801eb2
2020,romana,Limba romana,teste-antrenament,Test de antrenament 9,barem,2020-antrenament-09-real-tehnologic-barem.pdf,bac/2020/romana/teste-antrenament/2020-antrenament-09-real-tehnologic-barem.pdf,231834,fbd0848a6e686dee03c01d0c8bb4fae1ef5bb18f3ba2b3d8a25ab6f8d4a5add4
2020,romana,Limba romana,teste-antrenament,Test de antrenament 9,subiect,2020-antrenament-09-real-tehnologic-subiect.pdf,bac/2020/romana/teste-antrenament/2020-antrenament-09-real-tehnologic-subiect.pdf,236551,f5d3462ee87a0335c939729fce6b415f30f8322c68c65c4f6c7878ce912ada85
2020,romana,Limba romana,teste-antrenament,Test de antrenament 9,barem,2020-antrenament-09-uman-pedagogic-barem.pdf,bac/2020/romana/teste-antrenament/2020-antrenament-09-uman-pedagogic-barem.pdf,227756,75b05679390e524395ebcf986e9236f9f53b366be70e6962ab3632e50f5120a0
2020,romana,Limba romana,teste-antrenament,Test de antrenament 9,subiect,2020-antrenament-09-uman-pedagogic-subiect.pdf,bac/2020/romana/teste-antrenament/2020-antrenament-09-uman-pedagogic-subiect.pdf,234394,8261e5b63d6e16d2c1064659660a14d8e7637464ba43f9bfb5bb1a2cfd8ccfc0
2020,romana,Limba romana,teste-antrenament,Test de antrenament 10,barem,2020-antrenament-10-real-tehnologic-barem.pdf,bac/2020/romana/teste-antrenament/2020-antrenament-10-real-tehnologic-barem.pdf,231812,1dcd585a0f0bd82d0c74fa05ff661fedc74d4f884b7fced675277f08e281c483
2020,romana,Limba romana,teste-antrenament,Test de antrenament 10,subiect,2020-antrenament-10-real-tehnologic-subiect.pdf,bac/2020/romana/teste-antrenament/2020-antrenament-10-real-tehnologic-subiect.pdf,238495,b281f86b4f25e246a180175c2ce8cafee79ebf00c3bf474daeb1f3f51798fc4e
2020,romana,Limba romana,teste-antrenament,Test de antrenament 10,barem,2020-antrenament-10-uman-pedagogic-barem.pdf,bac/2020/romana/teste-antrenament/2020-antrenament-10-uman-pedagogic-barem.pdf,229562,32d63d87b9e98077f13872b615de0eb05ba113599d60f1d69716d8c929793f82
2020,romana,Limba romana,teste-antrenament,Test de antrenament 10,subiect,2020-antrenament-10-uman-pedagogic-subiect.pdf,bac/2020/romana/teste-antrenament/2020-antrenament-10-uman-pedagogic-subiect.pdf,235745,4158ed5c8d3c3ac13caee7e97cf920156da6e307159b8b87b1997cbeedbfad1e
2020,romana,Limba romana,teste-antrenament,Test de antrenament 11,barem,2020-antrenament-11-real-tehnologic-barem.pdf,bac/2020/romana/teste-antrenament/2020-antrenament-11-real-tehnologic-barem.pdf,243147,d88e23833f4c00b6a65c75d3e731672333756f318458ccccfe3f75575f74d84e
2020,romana,Limba romana,teste-antrenament,Test de antrenament 11,subiect,2020-antrenament-11-real-tehnologic-subiect.pdf,bac/2020/romana/teste-antrenament/2020-antrenament-11-real-tehnologic-subiect.pdf,236157,40f96835cb9957f31c8b24d585149aebf18c508afb40ed64d59c746ab78a3ad7
2020,romana,Limba romana,teste-antrenament,Test de antrenament 11,barem,2020-antrenament-11-uman-pedagogic-barem.pdf,bac/2020/romana/teste-antrenament/2020-antrenament-11-uman-pedagogic-barem.pdf,240468,64eed3f6d29395dc8e829a7597cb967c5b5eb458480f176bb737ad9cdc7c9009
2020,romana,Limba romana,teste-antrenament,Test de antrenament 11,subiect,2020-antrenament-11-uman-pedagogic-subiect.pdf,bac/2020/romana/teste-antrenament/2020-antrenament-11-uman-pedagogic-subiect.pdf,234895,1d489318ec69efb99c76ca50fbdb82349ce636e6731f334fd5bb3a356d1260f1
2020,romana,Limba romana,teste-antrenament,Test de antrenament 12,barem,2020-antrenament-12-real-tehnologic-barem.pdf,bac/2020/romana/teste-antrenament/2020-antrenament-12-real-tehnologic-barem.pdf,244496,c82ace31c4155b1f8cd5a1069ffe34f0f1010ed92d54d89611a4fb907a45d47d
2020,romana,Limba romana,teste-antrenament,Test de antrenament 12,subiect,2020-antrenament-12-real-tehnologic-subiect.pdf,bac/2020/romana/teste-antrenament/2020-antrenament-12-real-tehnologic-subiect.pdf,234743,79f0d1bc4d3af6a1f44027c1861aab2a46ac7a2c636c5c102a954581f72dfadb
2020,romana,Limba romana,teste-antrenament,Test de antrenament 12,barem,2020-antrenament-12-uman-pedagogic-barem.pdf,bac/2020/romana/teste-antrenament/2020-antrenament-12-uman-pedagogic-barem.pdf,241950,75be1012ecdeba41424a564c0b81662e7acdd9f9bd2978f8177a8ddaa492b9d5
2020,romana,Limba romana,teste-antrenament,Test de antrenament 12,subiect,2020-antrenament-12-uman-pedagogic-subiect.pdf,bac/2020/romana/teste-antrenament/2020-antrenament-12-uman-pedagogic-subiect.pdf,231050,00a5e42cee534337886e39ed102d038fbc3a66ec844b40c51b49d4f814072079
2020,romana,Limba romana,teste-antrenament,Test de antrenament 13,barem,2020-antrenament-13-real-tehnologic-barem.pdf,bac/2020/romana/teste-antrenament/2020-antrenament-13-real-tehnologic-barem.pdf,243384,866f0b133bd4a212b68e33db4719d39856f654bdcc18a4806f6249859c88731d
2020,romana,Limba romana,teste-antrenament,Test de antrenament 13,subiect,2020-antrenament-13-real-tehnologic-subiect.pdf,bac/2020/romana/teste-antrenament/2020-antrenament-13-real-tehnologic-subiect.pdf,236664,d262075fa4a6e85226cb980a9b3759e4b32c6621f90169053372e3390f8962ff
2020,romana,Limba romana,teste-antrenament,Test de antrenament 13,barem,2020-antrenament-13-uman-pedagogic-barem.pdf,bac/2020/romana/teste-antrenament/2020-antrenament-13-uman-pedagogic-barem.pdf,240889,b989573aeb324204388b09c453d70ea362bcf4e4297ced7ca7186baab6b391e2
2020,romana,Limba romana,teste-antrenament,Test de antrenament 13,subiect,2020-antrenament-13-uman-pedagogic-subiect.pdf,bac/2020/romana/teste-antrenament/2020-antrenament-13-uman-pedagogic-subiect.pdf,232477,6e7691a405ba3c574a3c5365b2d7b3ea2fc222f7a960be6c8b4fc98985412516
2020,romana,Limba romana,teste-antrenament,Test de antrenament 14,barem,2020-antrenament-14-real-tehnologic-barem.pdf,bac/2020/romana/teste-antrenament/2020-antrenament-14-real-tehnologic-barem.pdf,243398,e2a408500209dd27b924c9bfb499dd7c87f9e32168f82eaae170a8c699a51780
2020,romana,Limba romana,teste-antrenament,Test de antrenament 14,subiect,2020-antrenament-14-real-tehnologic-subiect.pdf,bac/2020/romana/teste-antrenament/2020-antrenament-14-real-tehnologic-subiect.pdf,232469,4dccb45f53561a890a11c73d375afdcfd51c6467a67551cba5c49701c58698ff
2020,romana,Limba romana,teste-antrenament,Test de antrenament 14,barem,2020-antrenament-14-uman-pedagogic-barem.pdf,bac/2020/romana/teste-antrenament/2020-antrenament-14-uman-pedagogic-barem.pdf,239748,7d014376e9ce30e3ec1e86f868960da3187372875f3a40e7e65622b10c6fa057
2020,romana,Limba romana,teste-antrenament,Test de antrenament 14,subiect,2020-antrenament-14-uman-pedagogic-subiect.pdf,bac/2020/romana/teste-antrenament/2020-antrenament-14-uman-pedagogic-subiect.pdf,229814,e2d65f75ec9294945ef500dfb14db2d74e9e9549aa31c81d741aa791c7b2eb2e
2020,romana,Limba romana,teste-antrenament,Test de antrenament 15,barem,2020-antrenament-15-real-tehnologic-barem.pdf,bac/2020/romana/teste-antrenament/2020-antrenament-15-real-tehnologic-barem.pdf,243237,897a7d3448a30e1fc048e752d3b82f9e5116330ae6ebcfe7f39aabbf3e17849b
2020,romana,Limba romana,teste-antrenament,Test de antrenament 15,subiect,2020-antrenament-15-real-tehnologic-subiect.pdf,bac/2020/romana/teste-antrenament/2020-antrenament-15-real-tehnologic-subiect.pdf,232334,e857a4fc06a1d3a52021b2ffe8fe14bdafc0047a45816999c5103bf8d7d2780b
2020,romana,Limba romana,teste-antrenament,Test de antrenament 15,barem,2020-antrenament-15-uman-pedagogic-barem.pdf,bac/2020/romana/teste-antrenament/2020-antrenament-15-uman-pedagogic-barem.pdf,239954,2d475921161ab76e83071fc1f3952ead74483ec3142ae53a77918f1d7b672d87
2020,romana,Limba romana,teste-antrenament,Test de antrenament 15,subiect,2020-antrenament-15-uman-pedagogic-subiect.pdf,bac/2020/romana/teste-antrenament/2020-antrenament-15-uman-pedagogic-subiect.pdf,229561,0d373c87245ec5d79194146bb19410c21a854066b34fd511bb40cd4e29a137d6
2020,romana,Limba romana,teste-antrenament,Test de antrenament 16,barem,2020-antrenament-16-real-tehnologic-barem.pdf,bac/2020/romana/teste-antrenament/2020-antrenament-16-real-tehnologic-barem.pdf,231936,edd217398d899c7ba4c73cfdf8c756d663fda670037cbdddb833d7b539c94f52
2020,romana,Limba romana,teste-antrenament,Test de antrenament 16,subiect,2020-antrenament-16-real-tehnologic-subiect.pdf,bac/2020/romana/teste-antrenament/2020-antrenament-16-real-tehnologic-subiect.pdf,239038,08536bbb5cf3ca7cec50521a3cf58c72e858aa2301aa82c49c20ccf88531839d
2020,romana,Limba romana,teste-antrenament,Test de antrenament 16,barem,2020-antrenament-16-uman-pedagogic-barem.pdf,bac/2020/romana/teste-antrenament/2020-antrenament-16-uman-pedagogic-barem.pdf,229262,24439e0b8ef17451bce1798e890c3fdc7b020f18194ccd9adc4487a363a274bd
2020,romana,Limba romana,teste-antrenament,Test de antrenament 16,subiect,2020-antrenament-16-uman-pedagogic-subiect.pdf,bac/2020/romana/teste-antrenament/2020-antrenament-16-uman-pedagogic-subiect.pdf,237311,353eee54d07763b3cbd76e68570e9f0158af49d9ceb65c1b6034d8956691234b
2020,romana,Limba romana,teste-antrenament,Test de antrenament 17,barem,2020-antrenament-17-real-tehnologic-barem.pdf,bac/2020/romana/teste-antrenament/2020-antrenament-17-real-tehnologic-barem.pdf,232834,550c8fc940c675ea957e265b0ee368b641740a4b0ad8bc764d8db33a4bfed060
2020,romana,Limba romana,teste-antrenament,Test de antrenament 17,subiect,2020-antrenament-17-real-tehnologic-subiect.pdf,bac/2020/romana/teste-antrenament/2020-antrenament-17-real-tehnologic-subiect.pdf,234339,9174495c94b2c839a6fe4505c11429dd851934571a9ed34d91120f9c4a84da2f
2020,romana,Limba romana,teste-antrenament,Test de antrenament 17,barem,2020-antrenament-17-uman-pedagogic-barem.pdf,bac/2020/romana/teste-antrenament/2020-antrenament-17-uman-pedagogic-barem.pdf,229161,697997e899bbcab38a5625ae03699c799886b3f606bdfc936a5cd08253846225
2020,romana,Limba romana,teste-antrenament,Test de antrenament 17,subiect,2020-antrenament-17-uman-pedagogic-subiect.pdf,bac/2020/romana/teste-antrenament/2020-antrenament-17-uman-pedagogic-subiect.pdf,232580,d2cf63013192e5f4c480ffc9fd4550e4462b41eb36eb2e18bec957ede6ca3194
2020,romana,Limba romana,teste-antrenament,Test de antrenament 18,barem,2020-antrenament-18-real-tehnologic-barem.pdf,bac/2020/romana/teste-antrenament/2020-antrenament-18-real-tehnologic-barem.pdf,231943,ad1c23442b93fca854b08f11f879d2b2d81b1879515f1bfd2c74fec229798fa2
2020,romana,Limba romana,teste-antrenament,Test de antrenament 18,subiect,2020-antrenament-18-real-tehnologic-subiect.pdf,bac/2020/romana/teste-antrenament/2020-antrenament-18-real-tehnologic-subiect.pdf,232766,e180fa2d51526ae697eda0f4540bce7707ddfc231216dbe098454d6149bb5d7a
2020,romana,Limba romana,teste-antrenament,Test de antrenament 18,barem,2020-antrenament-18-uman-pedagogic-barem.pdf,bac/2020/romana/teste-antrenament/2020-antrenament-18-uman-pedagogic-barem.pdf,230252,7cdb10f93dd1ba7a59949752a4264a30c2f754b42144caf4bde066898317a7e0
2020,romana,Limba romana,teste-antrenament,Test de antrenament 18,subiect,2020-antrenament-18-uman-pedagogic-subiect.pdf,bac/2020/romana/teste-antrenament/2020-antrenament-18-uman-pedagogic-subiect.pdf,230074,bd53484cf5374453e5cc19c4154215818e854839017d95fc85577814f151fa17
2020,romana,Limba romana,teste-antrenament,Test de antrenament 19,barem,2020-antrenament-19-real-tehnologic-barem.pdf,bac/2020/romana/teste-antrenament/2020-antrenament-19-real-tehnologic-barem.pdf,232414,ae256215597852d6c1a75b19890391a80640ac8dadb26ccd39674907a0e98d0b
2020,romana,Limba romana,teste-antrenament,Test de antrenament 19,subiect,2020-antrenament-19-real-tehnologic-subiect.pdf,bac/2020/romana/teste-antrenament/2020-antrenament-19-real-tehnologic-subiect.pdf,234249,f8810ad06eec4529953bf24e28cb965be72daad4c4fdfcc9d82dfbe384a5047d
2020,romana,Limba romana,teste-antrenament,Test de antrenament 19,barem,2020-antrenament-19-uman-pedagogic-barem.pdf,bac/2020/romana/teste-antrenament/2020-antrenament-19-uman-pedagogic-barem.pdf,230058,be0a00acd6bcd711c1b18cd04b3280626c64d143b2ea2e3e47781381a317929f
2020,romana,Limba romana,teste-antrenament,Test de antrenament 19,subiect,2020-antrenament-19-uman-pedagogic-subiect.pdf,bac/2020/romana/teste-antrenament/2020-antrenament-19-uman-pedagogic-subiect.pdf,231550,db00f5718f935f92af0f93ea5977dbfbe42da6a06bf07b3a181809247ae3ecb7
2020,romana,Limba romana,teste-antrenament,Test de antrenament 20,barem,2020-antrenament-20-real-tehnologic-barem.pdf,bac/2020/romana/teste-antrenament/2020-antrenament-20-real-tehnologic-barem.pdf,232131,d9f370ed97dd705c695f68224141d1f925a2a0e9509a2667ad0b83d326676832
2020,romana,Limba romana,teste-antrenament,Test de antrenament 20,subiect,2020-antrenament-20-real-tehnologic-subiect.pdf,bac/2020/romana/teste-antrenament/2020-antrenament-20-real-tehnologic-subiect.pdf,311831,3e757d866bfcbc17493b778c9ac986daf2c2d67b63235484724cd368d2812476
2020,romana,Limba romana,teste-antrenament,Test de antrenament 20,barem,2020-antrenament-20-uman-pedagogic-barem.pdf,bac/2020/romana/teste-antrenament/2020-antrenament-20-uman-pedagogic-barem.pdf,229593,daf824a4ab0c1129abde37af10126a76b64cbb522749dbf0a2df4e6bdc3565a3
2020,romana,Limba romana,teste-antrenament,Test de antrenament 20,subiect,2020-antrenament-20-uman-pedagogic-subiect.pdf,bac/2020/romana/teste-antrenament/2020-antrenament-20-uman-pedagogic-subiect.pdf,233879,a70dbdea2a32ccd04583d79fcaa96648130286c86d98c60146f0408aca74da29
2020,sociologie,Sociologie,sesiune-august,Sesiunea august,barem,2020-august-barem.pdf,bac/2020/sociologie/sesiune-august/2020-august-barem.pdf,57292,16e15ceda9a8f3c10ceb2c744117aafd9b88a1fb1efc2240eecfab7edc9cb2c6
2020,sociologie,Sociologie,sesiune-august,Sesiunea august,subiect,2020-august-subiect.pdf,bac/2020/sociologie/sesiune-august/2020-august-subiect.pdf,121483,4fcb2a270283ae18eb04acc967624b29d875ac5075d9098fda587b4c589de06e
2020,sociologie,Sociologie,sesiune-iunie-iulie,Sesiunea iunie-iulie,barem,2020-iunie-iulie-barem.pdf,bac/2020/sociologie/sesiune-iunie-iulie/2020-iunie-iulie-barem.pdf,55336,f747459ddcb71dcab1eafb3fb75c62317aca3c7153592049c446a9f3150d786a
2020,sociologie,Sociologie,sesiune-iunie-iulie,Sesiunea iunie-iulie,subiect,2020-iunie-iulie-subiect.pdf,bac/2020/sociologie/sesiune-iunie-iulie/2020-iunie-iulie-subiect.pdf,121168,575eba523b7a608807cdca1802a3542c2c0697911f02450d896ac6fb67801a45
2020,sociologie,Sociologie,sesiune-speciala,Sesiunea speciala,barem,2020-speciala-barem.pdf,bac/2020/sociologie/sesiune-speciala/2020-speciala-barem.pdf,55423,1eb781158dd74f267804628e150dc0a1a17454fc235ccafe7d12df166dee907b
2020,sociologie,Sociologie,sesiune-speciala,Sesiunea speciala,subiect,2020-speciala-subiect.pdf,bac/2020/sociologie/sesiune-speciala/2020-speciala-subiect.pdf,121196,7435c3bf30d0936c912c844254820e671eb0fa28974abe528a9ff28bda27cf9a
2020,sociologie,Sociologie,teste-antrenament,Test de antrenament 1,barem,2020-antrenament-01-barem.pdf,bac/2020/sociologie/teste-antrenament/2020-antrenament-01-barem.pdf,146863,165443365e269c3ede46f111ca1b382ae1b13e76fcc1b928cb21817cb9da850b
2020,sociologie,Sociologie,teste-antrenament,Test de antrenament 1,subiect,2020-antrenament-01-subiect.pdf,bac/2020/sociologie/teste-antrenament/2020-antrenament-01-subiect.pdf,152935,9395ae8c0c872296c2cc74bec6fa7e913afe177e879b31b95b2b442b2ed97219
2020,sociologie,Sociologie,teste-antrenament,Test de antrenament 2,barem,2020-antrenament-02-barem.pdf,bac/2020/sociologie/teste-antrenament/2020-antrenament-02-barem.pdf,130684,be6fb8bbf330289d78e9afc027031f24ba2863e2d2b68004357062f1d87ca703
2020,sociologie,Sociologie,teste-antrenament,Test de antrenament 2,subiect,2020-antrenament-02-subiect.pdf,bac/2020/sociologie/teste-antrenament/2020-antrenament-02-subiect.pdf,151835,8b71efad60a83fd0983babb5239519f855326063c15f6d667f32d4ba97d268ce
2020,sociologie,Sociologie,teste-antrenament,Test de antrenament 3,barem,2020-antrenament-03-barem.pdf,bac/2020/sociologie/teste-antrenament/2020-antrenament-03-barem.pdf,129537,8c2045c80b869b6fd4325622a4ff4f717f5abc457ef8b9497bdb063394ed206f
2020,sociologie,Sociologie,teste-antrenament,Test de antrenament 3,subiect,2020-antrenament-03-subiect.pdf,bac/2020/sociologie/teste-antrenament/2020-antrenament-03-subiect.pdf,153252,a2c82f3a3df24dbdadc6fc852580f0b4620466cd8a5616839d633a8817715644
2020,sociologie,Sociologie,teste-antrenament,Test de antrenament 4,barem,2020-antrenament-04-barem.pdf,bac/2020/sociologie/teste-antrenament/2020-antrenament-04-barem.pdf,131861,d80eb46e3eba42f0deff4786fc78c69287ef8609d5c710fd77837bd25b87ec04
2020,sociologie,Sociologie,teste-antrenament,Test de antrenament 4,subiect,2020-antrenament-04-subiect.pdf,bac/2020/sociologie/teste-antrenament/2020-antrenament-04-subiect.pdf,153880,d7d729cba7b03d0e68056a2a9708467dc669cd4e1abe516de4f417ad60ca188a
2020,sociologie,Sociologie,teste-antrenament,Test de antrenament 5,barem,2020-antrenament-05-barem.pdf,bac/2020/sociologie/teste-antrenament/2020-antrenament-05-barem.pdf,133671,a9efa6598d35b51ec327c6b33303aac21fcd49df0b1abfac6d84f5d482c2aecc
2020,sociologie,Sociologie,teste-antrenament,Test de antrenament 5,subiect,2020-antrenament-05-subiect.pdf,bac/2020/sociologie/teste-antrenament/2020-antrenament-05-subiect.pdf,155790,a53dc8927ea35dbfa51f076de61c35d7c7398b956cbdcc3f54ade88d140f9396
2020,sociologie,Sociologie,teste-antrenament,Test de antrenament 6,barem,2020-antrenament-06-barem.pdf,bac/2020/sociologie/teste-antrenament/2020-antrenament-06-barem.pdf,143853,d69ef4ae13d6ad524dd94d3d88bc2d701e5754d3d5c42947d12ebc2f911832ad
2020,sociologie,Sociologie,teste-antrenament,Test de antrenament 6,subiect,2020-antrenament-06-subiect.pdf,bac/2020/sociologie/teste-antrenament/2020-antrenament-06-subiect.pdf,153825,f36d2e72b5c9e35a24ad561d4615468d6dd397f2578a0f43c109ac6464b5bd83
2020,sociologie,Sociologie,teste-antrenament,Test de antrenament 7,barem,2020-antrenament-07-barem.pdf,bac/2020/sociologie/teste-antrenament/2020-antrenament-07-barem.pdf,142378,13a7ef49f2dd3ddc0df2b1188e05c3b1e9c5399de1005554e4e8c1bb2b508f98
2020,sociologie,Sociologie,teste-antrenament,Test de antrenament 7,subiect,2020-antrenament-07-subiect.pdf,bac/2020/sociologie/teste-antrenament/2020-antrenament-07-subiect.pdf,153948,37e84ef393d271bb30b62af4d850076ac1781e5a30422bda4620228084d2d730
2020,sociologie,Sociologie,teste-antrenament,Test de antrenament 8,barem,2020-antrenament-08-barem.pdf,bac/2020/sociologie/teste-antrenament/2020-antrenament-08-barem.pdf,145411,cdd49abbfe524528deda4a852ea2ffab16fca553e1de65bfaa9773c2e37234a9
2020,sociologie,Sociologie,teste-antrenament,Test de antrenament 8,subiect,2020-antrenament-08-subiect.pdf,bac/2020/sociologie/teste-antrenament/2020-antrenament-08-subiect.pdf,156557,59996a001f0cc07fcba40c09bc94d774af828d44abc19bc2d3bf5f74547218db
2020,sociologie,Sociologie,teste-antrenament,Test de antrenament 9,barem,2020-antrenament-09-barem.pdf,bac/2020/sociologie/teste-antrenament/2020-antrenament-09-barem.pdf,146002,6aa0cbdeaf7f1f0cee42ae544a49b14d1666d9d2c7fa46663a64bab1c73fdc57
2020,sociologie,Sociologie,teste-antrenament,Test de antrenament 9,subiect,2020-antrenament-09-subiect.pdf,bac/2020/sociologie/teste-antrenament/2020-antrenament-09-subiect.pdf,156355,b63c599d7a1cedc47396fdcd2c5504a1e22d0d43a822f854be75856108e99e76
2020,sociologie,Sociologie,teste-antrenament,Test de antrenament 10,barem,2020-antrenament-10-barem.pdf,bac/2020/sociologie/teste-antrenament/2020-antrenament-10-barem.pdf,143561,83e93a0a074a30147d27e1615169aaa1da3707bae8a29601d6082f7309dd1067
2020,sociologie,Sociologie,teste-antrenament,Test de antrenament 10,subiect,2020-antrenament-10-subiect.pdf,bac/2020/sociologie/teste-antrenament/2020-antrenament-10-subiect.pdf,152624,3a0cf35b23d3bf2655c2d92ca4dfafdde06961d2b16495e661399dca2282cdd9
2020,sociologie,Sociologie,teste-antrenament,Test de antrenament 11,barem,2020-antrenament-11-barem.pdf,bac/2020/sociologie/teste-antrenament/2020-antrenament-11-barem.pdf,144667,128aef073f28e1e88fc9ed9ff891bdba7c93b460a11012ff211e5582e72701fe
2020,sociologie,Sociologie,teste-antrenament,Test de antrenament 11,subiect,2020-antrenament-11-subiect.pdf,bac/2020/sociologie/teste-antrenament/2020-antrenament-11-subiect.pdf,143225,3195105b74488a7bebc1d1f381e78f5e253da8196c516b941758489e55e7f99d
2020,sociologie,Sociologie,teste-antrenament,Test de antrenament 12,barem,2020-antrenament-12-barem.pdf,bac/2020/sociologie/teste-antrenament/2020-antrenament-12-barem.pdf,140954,7bcf39f5f6caf9ed81d3dc69ea043fb62e0bf0e1e68029cb152e8f37cc1ea945
2020,sociologie,Sociologie,teste-antrenament,Test de antrenament 12,subiect,2020-antrenament-12-subiect.pdf,bac/2020/sociologie/teste-antrenament/2020-antrenament-12-subiect.pdf,143648,5c1d8d6c2b8ad5d9e93df6548dee069a6f405b7419b7c3513f452f1732d58ff3
2020,sociologie,Sociologie,teste-antrenament,Test de antrenament 13,barem,2020-antrenament-13-barem.pdf,bac/2020/sociologie/teste-antrenament/2020-antrenament-13-barem.pdf,142919,8ef2e66b77a8e122dd82de913360a878099078b80f172f7a2cbe0f9a13eaafa1
2020,sociologie,Sociologie,teste-antrenament,Test de antrenament 13,subiect,2020-antrenament-13-subiect.pdf,bac/2020/sociologie/teste-antrenament/2020-antrenament-13-subiect.pdf,153125,e1f3efc29f81214473d37732e164b534d91186c0763a4af0e54bf2d53bae4c59
2020,sociologie,Sociologie,teste-antrenament,Test de antrenament 14,barem,2020-antrenament-14-barem.pdf,bac/2020/sociologie/teste-antrenament/2020-antrenament-14-barem.pdf,141769,649e4f95f1176fc000c2a730b3648dedec8e7ef7608eab7bfd0cf1079626a4b6
2020,sociologie,Sociologie,teste-antrenament,Test de antrenament 14,subiect,2020-antrenament-14-subiect.pdf,bac/2020/sociologie/teste-antrenament/2020-antrenament-14-subiect.pdf,151902,a430986f107a40c0c4b1576931858e99e66d9d32dc46b2c17874aef33c47e43d
2020,sociologie,Sociologie,teste-antrenament,Test de antrenament 15,barem,2020-antrenament-15-barem.pdf,bac/2020/sociologie/teste-antrenament/2020-antrenament-15-barem.pdf,141659,cbda87dd2faa126d9ef7e3826b2f4b99b612304f9c3bf9beb20c0710aeffabe2
2020,sociologie,Sociologie,teste-antrenament,Test de antrenament 15,subiect,2020-antrenament-15-subiect.pdf,bac/2020/sociologie/teste-antrenament/2020-antrenament-15-subiect.pdf,152206,7794153634f5d1cb6e2296b3264ed0c6428f8f8cb0d7e1b9cd05c87159c15167
2020,sociologie,Sociologie,teste-antrenament,Test de antrenament 16,barem,2020-antrenament-16-barem.pdf,bac/2020/sociologie/teste-antrenament/2020-antrenament-16-barem.pdf,144446,9781ae2e581d6b2643396f9460886a38cd19db93f87e422ab2a1840c8a341ff3
2020,sociologie,Sociologie,teste-antrenament,Test de antrenament 16,subiect,2020-antrenament-16-subiect.pdf,bac/2020/sociologie/teste-antrenament/2020-antrenament-16-subiect.pdf,152054,951d2d2ae5fe2fdf8873626bdedc5440dc7ad3c0aa4f13dbb4f2723f8149c6db
2020,sociologie,Sociologie,teste-antrenament,Test de antrenament 17,barem,2020-antrenament-17-barem.pdf,bac/2020/sociologie/teste-antrenament/2020-antrenament-17-barem.pdf,144020,84841580c8fad598922214de5d0acd21eb7a9cc9d6939b258c038b1b6a205805
2020,sociologie,Sociologie,teste-antrenament,Test de antrenament 17,subiect,2020-antrenament-17-subiect.pdf,bac/2020/sociologie/teste-antrenament/2020-antrenament-17-subiect.pdf,155250,9c2d3d02c69cbd23cf42957f78c95a26a0c39cb195a8579638e13ff32aa70e34
2020,sociologie,Sociologie,teste-antrenament,Test de antrenament 18,barem,2020-antrenament-18-barem.pdf,bac/2020/sociologie/teste-antrenament/2020-antrenament-18-barem.pdf,145090,debf8403f39bafa289927caa14f4e0a37bf7d8b21e24038b1d9e4cb7d38a09a8
2020,sociologie,Sociologie,teste-antrenament,Test de antrenament 18,subiect,2020-antrenament-18-subiect.pdf,bac/2020/sociologie/teste-antrenament/2020-antrenament-18-subiect.pdf,144494,a725fa5e5c4519550ad65b19b1e1e73242bf61a5450767ce635453f533ff2d32
2020,sociologie,Sociologie,teste-antrenament,Test de antrenament 19,barem,2020-antrenament-19-barem.pdf,bac/2020/sociologie/teste-antrenament/2020-antrenament-19-barem.pdf,141965,f9ebee8b17c375c5630fb201a4b417786488b3a0e3330487ddfe2e02d8265ea8
2020,sociologie,Sociologie,teste-antrenament,Test de antrenament 19,subiect,2020-antrenament-19-subiect.pdf,bac/2020/sociologie/teste-antrenament/2020-antrenament-19-subiect.pdf,142740,d7bf3996b17ca8f75c94e46d1329694f38bce95eab01f2aca3c5d8b67b156438
2020,sociologie,Sociologie,teste-antrenament,Test de antrenament 20,barem,2020-antrenament-20-barem.pdf,bac/2020/sociologie/teste-antrenament/2020-antrenament-20-barem.pdf,131077,a7cf4843ff04d026c4780467e343ecc4bfd407f9cb33f72bc80b817a6238820a
2020,sociologie,Sociologie,teste-antrenament,Test de antrenament 20,subiect,2020-antrenament-20-subiect.pdf,bac/2020/sociologie/teste-antrenament/2020-antrenament-20-subiect.pdf,142404,95e8634102328955ba3c3e90db24abe15d238e46d412c987a6fe90392ce06e09
2021,biologie,Biologie,model,Model,barem,2021-model-anatomie-fiziologie-barem.pdf,bac/2021/biologie/model/2021-model-anatomie-fiziologie-barem.pdf,70401,b890fa73a6cb78163db12bb7d8d256bc67afaa726faa2e3034844564e50339c5
2021,biologie,Biologie,model,Model,subiect,2021-model-anatomie-fiziologie-subiect.pdf,bac/2021/biologie/model/2021-model-anatomie-fiziologie-subiect.pdf,73548,1c31b6a514dacaf419aa4b80ebbca1e431ecb26eda76893ece90eaad901ee3c8
2021,biologie,Biologie,model,Model,barem,2021-model-vegetala-animala-barem.pdf,bac/2021/biologie/model/2021-model-vegetala-animala-barem.pdf,74110,4576f37cce9a160d252f582e635e9aa21d6890b41c42d8c4409987f6da70ac30
2021,biologie,Biologie,model,Model,subiect,2021-model-vegetala-animala-subiect.pdf,bac/2021/biologie/model/2021-model-vegetala-animala-subiect.pdf,85690,303591f995c661d1578b5845ed89876fad01232cb13904b62c8087f6cc1f387d
2021,biologie,Biologie,simulare,Simulare,barem,2021-simulare-anatomie-fiziologie-barem.pdf,bac/2021/biologie/simulare/2021-simulare-anatomie-fiziologie-barem.pdf,158886,b1a8dfcd67483dcefd7432d14ef17c370013796cf4ee7d84ef148bea42206588
2021,biologie,Biologie,simulare,Simulare,subiect,2021-simulare-anatomie-fiziologie-subiect.pdf,bac/2021/biologie/simulare/2021-simulare-anatomie-fiziologie-subiect.pdf,163498,36b44d9d63adc068a57be862477bab9ccc3b031d89ef936ae98f4a1fd17e291a
2021,biologie,Biologie,simulare,Simulare,barem,2021-simulare-vegetala-animala-barem.pdf,bac/2021/biologie/simulare/2021-simulare-vegetala-animala-barem.pdf,157934,c19fdef49989e7e68f26a59771e4833ec30ffdf79946dc22f95e46aec5c78c02
2021,biologie,Biologie,simulare,Simulare,subiect,2021-simulare-vegetala-animala-subiect.pdf,bac/2021/biologie/simulare/2021-simulare-vegetala-animala-subiect.pdf,163541,931bbc79f145833158355e525c6cdc71b36c288bc38baaed283d27f15f64c542
2021,biologie,Biologie,teste-antrenament,Test de antrenament 1,barem,2021-antrenament-01-anatomie-fiziologie-barem.pdf,bac/2021/biologie/teste-antrenament/2021-antrenament-01-anatomie-fiziologie-barem.pdf,147337,89a12a543b7b8356ab46afcf86d7c14ce6821473e333b594350db40026cd6924
2021,biologie,Biologie,teste-antrenament,Test de antrenament 1,subiect,2021-antrenament-01-anatomie-fiziologie-subiect.pdf,bac/2021/biologie/teste-antrenament/2021-antrenament-01-anatomie-fiziologie-subiect.pdf,151091,c534e05ac41438df281844ae0480bc9568f0b8225306a049e6d4e9751f361793
2021,biologie,Biologie,teste-antrenament,Test de antrenament 1,barem,2021-antrenament-01-vegetala-animala-barem.pdf,bac/2021/biologie/teste-antrenament/2021-antrenament-01-vegetala-animala-barem.pdf,158690,7977d05a6f989151d5832c37c03f1018483690996f746e4cd1cce8f50db0b9f4
2021,biologie,Biologie,teste-antrenament,Test de antrenament 1,subiect,2021-antrenament-01-vegetala-animala-subiect.pdf,bac/2021/biologie/teste-antrenament/2021-antrenament-01-vegetala-animala-subiect.pdf,166048,0b19bde0106d37b46f6fd63f8576ed3e1cffb93f5fcf0f5105b991f832fbe5d8
2021,biologie,Biologie,teste-antrenament,Test de antrenament 2,barem,2021-antrenament-02-anatomie-fiziologie-barem.pdf,bac/2021/biologie/teste-antrenament/2021-antrenament-02-anatomie-fiziologie-barem.pdf,157392,488e18fedfbb3bb2b86be4a09bbb184420379bce1febfc74579bf810d785fcc6
2021,biologie,Biologie,teste-antrenament,Test de antrenament 2,subiect,2021-antrenament-02-anatomie-fiziologie-subiect.pdf,bac/2021/biologie/teste-antrenament/2021-antrenament-02-anatomie-fiziologie-subiect.pdf,162610,255753ce9e60eaaa15eaa450a6ead7180d80e866bababf4cd03c690d277c299b
2021,biologie,Biologie,teste-antrenament,Test de antrenament 2,barem,2021-antrenament-02-vegetala-animala-barem.pdf,bac/2021/biologie/teste-antrenament/2021-antrenament-02-vegetala-animala-barem.pdf,159716,f01fd4aed39ed7c50f3f04e946c58c098c78a09630ab24ed156dab9af544dc92
2021,biologie,Biologie,teste-antrenament,Test de antrenament 2,subiect,2021-antrenament-02-vegetala-animala-subiect.pdf,bac/2021/biologie/teste-antrenament/2021-antrenament-02-vegetala-animala-subiect.pdf,163445,94b79276654ebb0fc27319ab7636f1cadf6d8c59ff22ca65c99ac92d87afb95c
2021,biologie,Biologie,teste-antrenament,Test de antrenament 3,barem,2021-antrenament-03-anatomie-fiziologie-barem.pdf,bac/2021/biologie/teste-antrenament/2021-antrenament-03-anatomie-fiziologie-barem.pdf,157771,c12fcd6a2dc097c0e2a7b4ecc772867e6650295e12d6c7b79b54acf173ffa0a3
2021,biologie,Biologie,teste-antrenament,Test de antrenament 3,subiect,2021-antrenament-03-anatomie-fiziologie-subiect.pdf,bac/2021/biologie/teste-antrenament/2021-antrenament-03-anatomie-fiziologie-subiect.pdf,160141,81230e9ef9e7f6dd7c447e24714b9134569790461a1685495db67ab98eaf2c92
2021,biologie,Biologie,teste-antrenament,Test de antrenament 3,barem,2021-antrenament-03-vegetala-animala-barem.pdf,bac/2021/biologie/teste-antrenament/2021-antrenament-03-vegetala-animala-barem.pdf,148384,df01e808550f01c68f522826e1b7bf28ee10881a81d557f7b0a422840a47dddd
2021,biologie,Biologie,teste-antrenament,Test de antrenament 3,subiect,2021-antrenament-03-vegetala-animala-subiect.pdf,bac/2021/biologie/teste-antrenament/2021-antrenament-03-vegetala-animala-subiect.pdf,163892,3f80b917bdf294ca42a04b745035de0682ae2551ba56d0a7a8e918d8805ba8c5
2021,biologie,Biologie,teste-antrenament,Test de antrenament 4,barem,2021-antrenament-04-anatomie-fiziologie-barem.pdf,bac/2021/biologie/teste-antrenament/2021-antrenament-04-anatomie-fiziologie-barem.pdf,158281,44015d620995fc015aa9402b46d73bc942129a854b1b92cce3de3f2715a02de6
2021,biologie,Biologie,teste-antrenament,Test de antrenament 4,subiect,2021-antrenament-04-anatomie-fiziologie-subiect.pdf,bac/2021/biologie/teste-antrenament/2021-antrenament-04-anatomie-fiziologie-subiect.pdf,161874,fb613d2d916edc6830cd49bf6f391b4b02b9398ad48e83a9cb380288308246e6
2021,biologie,Biologie,teste-antrenament,Test de antrenament 4,barem,2021-antrenament-04-vegetala-animala-barem.pdf,bac/2021/biologie/teste-antrenament/2021-antrenament-04-vegetala-animala-barem.pdf,147881,7f23b4749b4ae52fe55883dd8b27a747d14b32afe412fcd576d83a2fe92d123f
2021,biologie,Biologie,teste-antrenament,Test de antrenament 4,subiect,2021-antrenament-04-vegetala-animala-subiect.pdf,bac/2021/biologie/teste-antrenament/2021-antrenament-04-vegetala-animala-subiect.pdf,165891,afad5762bb63537dbb75f4155cbf4cbf313265fb30f352a519af3d39cef6050e
2021,biologie,Biologie,teste-antrenament,Test de antrenament 5,barem,2021-antrenament-05-anatomie-fiziologie-barem.pdf,bac/2021/biologie/teste-antrenament/2021-antrenament-05-anatomie-fiziologie-barem.pdf,157996,7c32a18d3cb95f704bed8a2a6504655d696fb4885283555f5dc103aeabf348bb
2021,biologie,Biologie,teste-antrenament,Test de antrenament 5,subiect,2021-antrenament-05-anatomie-fiziologie-subiect.pdf,bac/2021/biologie/teste-antrenament/2021-antrenament-05-anatomie-fiziologie-subiect.pdf,150333,c338dca238e1be904cccc87a4f6183b071b850a2bd27f7375b302170009fb0a8
2021,biologie,Biologie,teste-antrenament,Test de antrenament 5,barem,2021-antrenament-05-vegetala-animala-barem.pdf,bac/2021/biologie/teste-antrenament/2021-antrenament-05-vegetala-animala-barem.pdf,148564,c904189a1e74a2650e4339643098d1e4cd394cbe29c8a2c5227a29ee171ed619
2021,biologie,Biologie,teste-antrenament,Test de antrenament 5,subiect,2021-antrenament-05-vegetala-animala-subiect.pdf,bac/2021/biologie/teste-antrenament/2021-antrenament-05-vegetala-animala-subiect.pdf,164112,2bec76b04ac7fdc21ff6581a507a5132e2a001eb2d6c732a79010cb1b31fb6da
2021,biologie,Biologie,teste-antrenament,Test de antrenament 6,barem,2021-antrenament-06-anatomie-fiziologie-barem.pdf,bac/2021/biologie/teste-antrenament/2021-antrenament-06-anatomie-fiziologie-barem.pdf,156754,fe9a91d142268d151e27aac1545fdf434dfc0a00fbf67080080e4d8b605e1c5e
2021,biologie,Biologie,teste-antrenament,Test de antrenament 6,subiect,2021-antrenament-06-anatomie-fiziologie-subiect.pdf,bac/2021/biologie/teste-antrenament/2021-antrenament-06-anatomie-fiziologie-subiect.pdf,150210,12e19af08524166c2feb1d3803697a3084b2a825c1a70adf65a66f75301a3f91
2021,biologie,Biologie,teste-antrenament,Test de antrenament 6,barem,2021-antrenament-06-vegetala-animala-barem.pdf,bac/2021/biologie/teste-antrenament/2021-antrenament-06-vegetala-animala-barem.pdf,147754,7e9d873ba6ad8b9bc5d92383326a00f3ca2bdc199bdbcaa7d4540e7d7b2b320a
2021,biologie,Biologie,teste-antrenament,Test de antrenament 6,subiect,2021-antrenament-06-vegetala-animala-subiect.pdf,bac/2021/biologie/teste-antrenament/2021-antrenament-06-vegetala-animala-subiect.pdf,164463,ceaba7f0763012c1097ce9f2602f5495be8ff0f51f55386590228965d7aff079
2021,biologie,Biologie,teste-antrenament,Test de antrenament 7,barem,2021-antrenament-07-anatomie-fiziologie-barem.pdf,bac/2021/biologie/teste-antrenament/2021-antrenament-07-anatomie-fiziologie-barem.pdf,159019,0ed64f7b7d83fe654842ab503caaa6b5ccf72e41ea2d7131d86a2178b60d39ea
2021,biologie,Biologie,teste-antrenament,Test de antrenament 7,subiect,2021-antrenament-07-anatomie-fiziologie-subiect.pdf,bac/2021/biologie/teste-antrenament/2021-antrenament-07-anatomie-fiziologie-subiect.pdf,151186,c09f6b8232c926b7609dc7b299b4112a9d4c44529a4b1be9dadb83fb649ca98d
2021,biologie,Biologie,teste-antrenament,Test de antrenament 7,barem,2021-antrenament-07-vegetala-animala-barem.pdf,bac/2021/biologie/teste-antrenament/2021-antrenament-07-vegetala-animala-barem.pdf,147819,a53f7e48eccd9ce37829f20273a1da1601ced13d00cfb1eade83e7bb570bf978
2021,biologie,Biologie,teste-antrenament,Test de antrenament 7,subiect,2021-antrenament-07-vegetala-animala-subiect.pdf,bac/2021/biologie/teste-antrenament/2021-antrenament-07-vegetala-animala-subiect.pdf,167352,5fba6c713538b1d09ff72787ddf4f83142d9d48c1ca2784cf4f22e175ef0e42a
2021,biologie,Biologie,teste-antrenament,Test de antrenament 8,barem,2021-antrenament-08-anatomie-fiziologie-barem.pdf,bac/2021/biologie/teste-antrenament/2021-antrenament-08-anatomie-fiziologie-barem.pdf,157559,5946fc22410d874e798f261f971d349059c0a239e7baf13b8374e7508f2caac6
2021,biologie,Biologie,teste-antrenament,Test de antrenament 8,subiect,2021-antrenament-08-anatomie-fiziologie-subiect.pdf,bac/2021/biologie/teste-antrenament/2021-antrenament-08-anatomie-fiziologie-subiect.pdf,150875,6ecd4a7da54426f1df05961c05823c79c2acaaebb712e4d38aff2ab150af1419
2021,biologie,Biologie,teste-antrenament,Test de antrenament 8,barem,2021-antrenament-08-vegetala-animala-barem.pdf,bac/2021/biologie/teste-antrenament/2021-antrenament-08-vegetala-animala-barem.pdf,147248,1595968f3957e22a4e828fc5235b9fd45712e62d720c0ef6ba42881fb60fd011
2021,biologie,Biologie,teste-antrenament,Test de antrenament 8,subiect,2021-antrenament-08-vegetala-animala-subiect.pdf,bac/2021/biologie/teste-antrenament/2021-antrenament-08-vegetala-animala-subiect.pdf,166860,48d35193a0ee8cd882c926d0178617a81be6deac4957c89e7080c9015bf3e0b0
2021,biologie,Biologie,teste-antrenament,Test de antrenament 9,barem,2021-antrenament-09-anatomie-fiziologie-barem.pdf,bac/2021/biologie/teste-antrenament/2021-antrenament-09-anatomie-fiziologie-barem.pdf,158461,051d119c5d66eb839893e58ea4ee2e348e1329d30247fe18632a1ec801b8a4d0
2021,biologie,Biologie,teste-antrenament,Test de antrenament 9,subiect,2021-antrenament-09-anatomie-fiziologie-subiect.pdf,bac/2021/biologie/teste-antrenament/2021-antrenament-09-anatomie-fiziologie-subiect.pdf,150957,b45d4af993e12bbb005173195654a18b14f4a9f4d9356c8f28d0036285e8c3dc
2021,biologie,Biologie,teste-antrenament,Test de antrenament 9,barem,2021-antrenament-09-vegetala-animala-barem.pdf,bac/2021/biologie/teste-antrenament/2021-antrenament-09-vegetala-animala-barem.pdf,147635,b6a083037cc13bdef086b3ff0d784802590843b9ed2857e077ee6fe6824d1790
2021,biologie,Biologie,teste-antrenament,Test de antrenament 9,subiect,2021-antrenament-09-vegetala-animala-subiect.pdf,bac/2021/biologie/teste-antrenament/2021-antrenament-09-vegetala-animala-subiect.pdf,164632,d9f21f400443382211b8ab7583c3c532be96f85360245e5ef7fd41d094264f9c
2021,biologie,Biologie,teste-antrenament,Test de antrenament 10,barem,2021-antrenament-10-anatomie-fiziologie-barem.pdf,bac/2021/biologie/teste-antrenament/2021-antrenament-10-anatomie-fiziologie-barem.pdf,156982,00da0172942d1fb0ab00ff28de7290e254981144fef3b8ad078970eb5d0c79ae
2021,biologie,Biologie,teste-antrenament,Test de antrenament 10,subiect,2021-antrenament-10-anatomie-fiziologie-subiect.pdf,bac/2021/biologie/teste-antrenament/2021-antrenament-10-anatomie-fiziologie-subiect.pdf,151614,4ab1243a37131f477a699c7373f19ef4300f58982e9f15a315970d48523c504e
2021,biologie,Biologie,teste-antrenament,Test de antrenament 10,barem,2021-antrenament-10-vegetala-animala-barem.pdf,bac/2021/biologie/teste-antrenament/2021-antrenament-10-vegetala-animala-barem.pdf,147322,8548745aef7cc0b02048ea2a37c1b4f06febc3ca6cd6f6f65a6df975321aa681
2021,biologie,Biologie,teste-antrenament,Test de antrenament 10,subiect,2021-antrenament-10-vegetala-animala-subiect.pdf,bac/2021/biologie/teste-antrenament/2021-antrenament-10-vegetala-animala-subiect.pdf,164491,ac44f539460672d1be52fc2b654485f937b994bd9666aefa6d86f1f72292cbe8
2021,biologie,Biologie,teste-antrenament,Test de antrenament 11,barem,2021-antrenament-11-anatomie-fiziologie-barem.pdf,bac/2021/biologie/teste-antrenament/2021-antrenament-11-anatomie-fiziologie-barem.pdf,157306,520b1c2696042d0beff5d605dbbca1f61a9eec686c6a8f60dac4ca18ff9f33a7
2021,biologie,Biologie,teste-antrenament,Test de antrenament 11,subiect,2021-antrenament-11-anatomie-fiziologie-subiect.pdf,bac/2021/biologie/teste-antrenament/2021-antrenament-11-anatomie-fiziologie-subiect.pdf,149992,5c9c62acdccbcb494dee78892ec53c9e9c3f98723bc1c81e3835bcefde915281
2021,biologie,Biologie,teste-antrenament,Test de antrenament 11,barem,2021-antrenament-11-vegetala-animala-barem.pdf,bac/2021/biologie/teste-antrenament/2021-antrenament-11-vegetala-animala-barem.pdf,147572,33dbec985ca5f624ea403ee6bf0aa3d349d8f28a34892799adc533382c041635
2021,biologie,Biologie,teste-antrenament,Test de antrenament 11,subiect,2021-antrenament-11-vegetala-animala-subiect.pdf,bac/2021/biologie/teste-antrenament/2021-antrenament-11-vegetala-animala-subiect.pdf,165799,e8cc189822082cc29dd4104f1f2461107546f6f92c8eb8d0cd9ee8ef0b8bd9c8
2021,biologie,Biologie,teste-antrenament,Test de antrenament 12,barem,2021-antrenament-12-anatomie-fiziologie-barem.pdf,bac/2021/biologie/teste-antrenament/2021-antrenament-12-anatomie-fiziologie-barem.pdf,156123,ed1e2e845ce037e6813cbc64a05349210973f8763a6dbf19f78f23e14d0d2e92
2021,biologie,Biologie,teste-antrenament,Test de antrenament 12,subiect,2021-antrenament-12-anatomie-fiziologie-subiect.pdf,bac/2021/biologie/teste-antrenament/2021-antrenament-12-anatomie-fiziologie-subiect.pdf,151337,4d7befc240048b3fe79b9775d2f92975ba9cc6a8c11bb5a978097707b5785129
2021,biologie,Biologie,teste-antrenament,Test de antrenament 12,barem,2021-antrenament-12-vegetala-animala-barem.pdf,bac/2021/biologie/teste-antrenament/2021-antrenament-12-vegetala-animala-barem.pdf,146831,7633027652fef31a5de750e84c8735f25b18e15edd7fe4009ad2bd3d1f06a8e3
2021,biologie,Biologie,teste-antrenament,Test de antrenament 12,subiect,2021-antrenament-12-vegetala-animala-subiect.pdf,bac/2021/biologie/teste-antrenament/2021-antrenament-12-vegetala-animala-subiect.pdf,165432,4dbf0db19c956497dad806c03e1a17bb2c0b76af8ec5b5daead17c231ebfee10
2021,biologie,Biologie,variante-oficiale,Varianta oficiala 1,barem,2021-varianta-01-anatomie-fiziologie-barem.pdf,bac/2021/biologie/variante-oficiale/2021-varianta-01-anatomie-fiziologie-barem.pdf,157683,e737ff7811862600ab33baf47376eb88bc5f5a0d3a86d34422a6cf6495dbc24d
2021,biologie,Biologie,variante-oficiale,Varianta oficiala 1,subiect,2021-varianta-01-anatomie-fiziologie-subiect.pdf,bac/2021/biologie/variante-oficiale/2021-varianta-01-anatomie-fiziologie-subiect.pdf,161677,dc7e8772604f49ba736d490de2fbfe8ded46ed1ed3cefdc3fbe4dbc47f27428e
2021,biologie,Biologie,variante-oficiale,Varianta oficiala 1,barem,2021-varianta-01-vegetala-animala-barem.pdf,bac/2021/biologie/variante-oficiale/2021-varianta-01-vegetala-animala-barem.pdf,157509,8d6757bd8af28db859c580b6f0d0739808f46a3fb83e031b885982175d61332d
2021,biologie,Biologie,variante-oficiale,Varianta oficiala 1,subiect,2021-varianta-01-vegetala-animala-subiect.pdf,bac/2021/biologie/variante-oficiale/2021-varianta-01-vegetala-animala-subiect.pdf,152950,6afe8c7bc59673974ddecf610428eaf1d055a79e68b7b148ef84cddf4b37d15f
2021,biologie,Biologie,variante-oficiale,Varianta oficiala 4,barem,2021-varianta-04-anatomie-fiziologie-barem.pdf,bac/2021/biologie/variante-oficiale/2021-varianta-04-anatomie-fiziologie-barem.pdf,79374,994e434389d646705e4cf2cbdcf464ca0efe146dfd8907e72a29568a14336e43
2021,biologie,Biologie,variante-oficiale,Varianta oficiala 4,subiect,2021-varianta-04-anatomie-fiziologie-subiect.pdf,bac/2021/biologie/variante-oficiale/2021-varianta-04-anatomie-fiziologie-subiect.pdf,96682,cac80146ada8545f7aa21d5830b9e455941b399565ae39bc7bd701c294d1bfd2
2021,biologie,Biologie,variante-oficiale,Varianta oficiala 4,barem,2021-varianta-04-vegetala-animala-barem.pdf,bac/2021/biologie/variante-oficiale/2021-varianta-04-vegetala-animala-barem.pdf,79057,aae79461f39ca68a00ebb2cbd6899b2046729e5444987fac8e70208d8e3d97c4
2021,biologie,Biologie,variante-oficiale,Varianta oficiala 4,subiect,2021-varianta-04-vegetala-animala-subiect.pdf,bac/2021/biologie/variante-oficiale/2021-varianta-04-vegetala-animala-subiect.pdf,85251,edb1f7bbca87786e80d094829cfe316e7b79c46bf867893a3bc9402dbaf5af99
2021,chimie,Chimie,model,Model,barem,2021-model-anorganica-barem.pdf,bac/2021/chimie/model/2021-model-anorganica-barem.pdf,74329,c6ca9d1774ef4d50f3995e62a1b98fce063a18475907de1398693be585916078
2021,chimie,Chimie,model,Model,subiect,2021-model-anorganica-subiect.pdf,bac/2021/chimie/model/2021-model-anorganica-subiect.pdf,101518,9266b2c923b6d47b38208155dfc8d7b50a75c154d640fad0075810d629cf5c70
2021,chimie,Chimie,model,Model,barem,2021-model-organica-barem.pdf,bac/2021/chimie/model/2021-model-organica-barem.pdf,84928,7f63e598afe30756e40b266f4657ff1d10a666831d74ad7afb8158d2d5ff98af
2021,chimie,Chimie,model,Model,subiect,2021-model-organica-subiect.pdf,bac/2021/chimie/model/2021-model-organica-subiect.pdf,107039,5e920fb9c66de19b02d6656d6238e33083a68a7024e8aaacac1179fee92e2651
2021,chimie,Chimie,simulare,Simulare,barem,2021-simulare-anorganica-barem.pdf,bac/2021/chimie/simulare/2021-simulare-anorganica-barem.pdf,148941,442fc4e7ef47f7e9b82c1c9ca3999d4213a1e23a122ff9427c1cbb11f02016b1
2021,chimie,Chimie,simulare,Simulare,subiect,2021-simulare-anorganica-subiect.pdf,bac/2021/chimie/simulare/2021-simulare-anorganica-subiect.pdf,154267,2be3de2dfe51c63b73b2b24a5351e8332ac519c75735df0e550365a5f22166c3
2021,chimie,Chimie,simulare,Simulare,barem,2021-simulare-organica-barem.pdf,bac/2021/chimie/simulare/2021-simulare-organica-barem.pdf,168437,8edf0c59dcadf6a8e1f9a8d3d409f19036d6d5919cfc3f6ba2882e59017f6dfc
2021,chimie,Chimie,simulare,Simulare,subiect,2021-simulare-organica-subiect.pdf,bac/2021/chimie/simulare/2021-simulare-organica-subiect.pdf,154650,1dd0ad83e61ef7381c5e0ffba08f91ee9a4147add14f8a6a5db20dc0c5e7f019
2021,chimie,Chimie,teste-antrenament,Test de antrenament 1,barem,2021-antrenament-01-anorganica-barem.pdf,bac/2021/chimie/teste-antrenament/2021-antrenament-01-anorganica-barem.pdf,149845,6ab389e59d1c603fef8f5e4e1db52a9169345de760f0c1d3b153458dc0a8739a
2021,chimie,Chimie,teste-antrenament,Test de antrenament 1,subiect,2021-antrenament-01-anorganica-subiect.pdf,bac/2021/chimie/teste-antrenament/2021-antrenament-01-anorganica-subiect.pdf,136192,4b034e09298beff73ba6a5652f41fb72358c5ae3223f1413b149afc8af2cc295
2021,chimie,Chimie,teste-antrenament,Test de antrenament 1,barem,2021-antrenament-01-organica-barem.pdf,bac/2021/chimie/teste-antrenament/2021-antrenament-01-organica-barem.pdf,143157,75bfe9a4369706c681fe334f4faee5343110bca07fbd94395f225bfb824d7ba4
2021,chimie,Chimie,teste-antrenament,Test de antrenament 1,subiect,2021-antrenament-01-organica-subiect.pdf,bac/2021/chimie/teste-antrenament/2021-antrenament-01-organica-subiect.pdf,180142,43a3ccd8ca610a19e1fd011725b895186aa9bf73a24e356a64c6e0ab2337974c
2021,chimie,Chimie,teste-antrenament,Test de antrenament 2,barem,2021-antrenament-02-anorganica-barem.pdf,bac/2021/chimie/teste-antrenament/2021-antrenament-02-anorganica-barem.pdf,174922,4b50aac362eb7a0fc2ada197962ae3ba12bd4fe4bb7d4b3f7afa1ab7bd369617
2021,chimie,Chimie,teste-antrenament,Test de antrenament 2,subiect,2021-antrenament-02-anorganica-subiect.pdf,bac/2021/chimie/teste-antrenament/2021-antrenament-02-anorganica-subiect.pdf,135834,e05e78f20527e32d3d89ff9d1fe69fb438b0784cc5b058dfd7222264a468f75e
2021,chimie,Chimie,teste-antrenament,Test de antrenament 2,barem,2021-antrenament-02-organica-barem.pdf,bac/2021/chimie/teste-antrenament/2021-antrenament-02-organica-barem.pdf,143930,eac56bdd6bdd63e76eefd89215c4255bf6fe1a0514d2237d1525ed104fbfbb5b
2021,chimie,Chimie,teste-antrenament,Test de antrenament 2,subiect,2021-antrenament-02-organica-subiect.pdf,bac/2021/chimie/teste-antrenament/2021-antrenament-02-organica-subiect.pdf,153261,bde027f06cac1a135fdd913de5bdbae164ae014133fd3522814fd9399b83a37a
2021,chimie,Chimie,teste-antrenament,Test de antrenament 3,barem,2021-antrenament-03-anorganica-barem.pdf,bac/2021/chimie/teste-antrenament/2021-antrenament-03-anorganica-barem.pdf,149767,4ddd2c043a17fed633e2d503ca02188329865bc43c4c99bda4a1abba5417fed7
2021,chimie,Chimie,teste-antrenament,Test de antrenament 3,subiect,2021-antrenament-03-anorganica-subiect.pdf,bac/2021/chimie/teste-antrenament/2021-antrenament-03-anorganica-subiect.pdf,157228,a5aa81ed18c1b8320d9afdcda05ae599d8179acef530065c73196c5517375dab
2021,chimie,Chimie,teste-antrenament,Test de antrenament 3,barem,2021-antrenament-03-organica-barem.pdf,bac/2021/chimie/teste-antrenament/2021-antrenament-03-organica-barem.pdf,148211,ce6662b494a46d7ccf667a6bcbc96759ad260c826c3bdbf2e217b4f0d85f0105
2021,chimie,Chimie,teste-antrenament,Test de antrenament 3,subiect,2021-antrenament-03-organica-subiect.pdf,bac/2021/chimie/teste-antrenament/2021-antrenament-03-organica-subiect.pdf,238986,2dd1c7a99613182590d4bf961cd535b44173684066b409bab41e64182849c829
2021,chimie,Chimie,teste-antrenament,Test de antrenament 4,barem,2021-antrenament-04-anorganica-barem.pdf,bac/2021/chimie/teste-antrenament/2021-antrenament-04-anorganica-barem.pdf,169909,abd74735e7e2673c828fff88bac1247b9cb025c6902d7bfaca8d917482856449
2021,chimie,Chimie,teste-antrenament,Test de antrenament 4,subiect,2021-antrenament-04-anorganica-subiect.pdf,bac/2021/chimie/teste-antrenament/2021-antrenament-04-anorganica-subiect.pdf,178363,1e1e8b69b410ce34df19ffab55ea9356ad6ac52dea8e0af49995913909ff1bfd
2021,chimie,Chimie,teste-antrenament,Test de antrenament 4,barem,2021-antrenament-04-organica-barem.pdf,bac/2021/chimie/teste-antrenament/2021-antrenament-04-organica-barem.pdf,144590,e55dc92ff862e535a6a4bdcf3986d619e90d50b00ec75b1cd90967f1d93ae2b2
2021,chimie,Chimie,teste-antrenament,Test de antrenament 4,subiect,2021-antrenament-04-organica-subiect.pdf,bac/2021/chimie/teste-antrenament/2021-antrenament-04-organica-subiect.pdf,163703,9f53f95a6ae164dfac7dd0c5c3d753b4afb24d6dce9070094ec9ab1365b7f292
2021,chimie,Chimie,teste-antrenament,Test de antrenament 5,barem,2021-antrenament-05-anorganica-barem.pdf,bac/2021/chimie/teste-antrenament/2021-antrenament-05-anorganica-barem.pdf,169708,42949a9cae407f8f86e6bbd5d7e183f69f40d8bdaf45da0a5028eb72000b69ef
2021,chimie,Chimie,teste-antrenament,Test de antrenament 5,subiect,2021-antrenament-05-anorganica-subiect.pdf,bac/2021/chimie/teste-antrenament/2021-antrenament-05-anorganica-subiect.pdf,174951,574248e968a1449f60fe4e04b03ba0412982bc8613431f6dba1a5438ce9ebd9b
2021,chimie,Chimie,teste-antrenament,Test de antrenament 5,barem,2021-antrenament-05-organica-barem.pdf,bac/2021/chimie/teste-antrenament/2021-antrenament-05-organica-barem.pdf,143376,9653adb1886a54509087ebfc1a51c79fdd404cec293b503b83216ea72ae94426
2021,chimie,Chimie,teste-antrenament,Test de antrenament 5,subiect,2021-antrenament-05-organica-subiect.pdf,bac/2021/chimie/teste-antrenament/2021-antrenament-05-organica-subiect.pdf,162040,e95222f676b9262073f4cd48ecfc949c39b541be16fe59a72f91a2c7b1e1b2dd
2021,chimie,Chimie,teste-antrenament,Test de antrenament 6,barem,2021-antrenament-06-anorganica-barem.pdf,bac/2021/chimie/teste-antrenament/2021-antrenament-06-anorganica-barem.pdf,148803,d366b59d2477d7e34709fff5deef71364826c1d24c0bf13fc422a667b67c36e8
2021,chimie,Chimie,teste-antrenament,Test de antrenament 6,subiect,2021-antrenament-06-anorganica-subiect.pdf,bac/2021/chimie/teste-antrenament/2021-antrenament-06-anorganica-subiect.pdf,177320,6da071b4b1235dbe4ff6d2acfe81044ad56bf57f82cd54817435336b5034169f
2021,chimie,Chimie,teste-antrenament,Test de antrenament 6,barem,2021-antrenament-06-organica-barem.pdf,bac/2021/chimie/teste-antrenament/2021-antrenament-06-organica-barem.pdf,147622,23a7d0e8e2deb1baf8b42e333a6dbbf6f4876aa6fc321dad25e0b226fd63a740
2021,chimie,Chimie,teste-antrenament,Test de antrenament 6,subiect,2021-antrenament-06-organica-subiect.pdf,bac/2021/chimie/teste-antrenament/2021-antrenament-06-organica-subiect.pdf,159827,f07e85040dce99a5a038a450b2d62d84daea61a349b66025eebc903d3870d911
2021,chimie,Chimie,teste-antrenament,Test de antrenament 7,barem,2021-antrenament-07-anorganica-barem.pdf,bac/2021/chimie/teste-antrenament/2021-antrenament-07-anorganica-barem.pdf,170459,2b32ff26ac3377056da1898e04dcfc2ab4f52524ed399d6abb75ad38fbc0409f
2021,chimie,Chimie,teste-antrenament,Test de antrenament 7,subiect,2021-antrenament-07-anorganica-subiect.pdf,bac/2021/chimie/teste-antrenament/2021-antrenament-07-anorganica-subiect.pdf,173374,1be80603f4969f1456950754a27f5e9619608c062693982c298aa616e2ac043e
2021,chimie,Chimie,teste-antrenament,Test de antrenament 7,barem,2021-antrenament-07-organica-barem.pdf,bac/2021/chimie/teste-antrenament/2021-antrenament-07-organica-barem.pdf,147558,eececb4810f1e694a9b621f060c94d2a5133795405714e6705b846b4ba17d04c
2021,chimie,Chimie,teste-antrenament,Test de antrenament 7,subiect,2021-antrenament-07-organica-subiect.pdf,bac/2021/chimie/teste-antrenament/2021-antrenament-07-organica-subiect.pdf,158036,a1883b181b067295bc223c0645dacc23519433542f4c84cf25225bca249ebd22
2021,chimie,Chimie,teste-antrenament,Test de antrenament 8,barem,2021-antrenament-08-anorganica-barem.pdf,bac/2021/chimie/teste-antrenament/2021-antrenament-08-anorganica-barem.pdf,168384,241afad7263d567cbefdfd3a032fe9faa1daa2905b8421c73abbe5a54546e5cd
2021,chimie,Chimie,teste-antrenament,Test de antrenament 8,subiect,2021-antrenament-08-anorganica-subiect.pdf,bac/2021/chimie/teste-antrenament/2021-antrenament-08-anorganica-subiect.pdf,180639,85a2accdf4e179f1d721b615a7c7e7b8e66444f350c90214ac26ead364b4b11c
2021,chimie,Chimie,teste-antrenament,Test de antrenament 8,barem,2021-antrenament-08-organica-barem.pdf,bac/2021/chimie/teste-antrenament/2021-antrenament-08-organica-barem.pdf,146390,38455dbaccfc051a68dd05e0c8ac5104b3aaf29afa523dcba537cfec94af795d
2021,chimie,Chimie,teste-antrenament,Test de antrenament 8,subiect,2021-antrenament-08-organica-subiect.pdf,bac/2021/chimie/teste-antrenament/2021-antrenament-08-organica-subiect.pdf,191657,ef28d600f04eaa341b1deafdf947a8dd589854a94383b8f01b59ad4c84702569
2021,chimie,Chimie,teste-antrenament,Test de antrenament 9,barem,2021-antrenament-09-anorganica-barem.pdf,bac/2021/chimie/teste-antrenament/2021-antrenament-09-anorganica-barem.pdf,169720,488772e6b1a99f7ba6747b2c83cd7f6622bebfa9bdc06d483007f36fbb096503
2021,chimie,Chimie,teste-antrenament,Test de antrenament 9,subiect,2021-antrenament-09-anorganica-subiect.pdf,bac/2021/chimie/teste-antrenament/2021-antrenament-09-anorganica-subiect.pdf,178483,eca3276ddd3cd059370a7c5e1c24cd8a6f1796d4838ffc65ed2984f5d56df174
2021,chimie,Chimie,teste-antrenament,Test de antrenament 9,barem,2021-antrenament-09-organica-barem.pdf,bac/2021/chimie/teste-antrenament/2021-antrenament-09-organica-barem.pdf,148196,711f3c7d8d80d623525335bc58d65b697a38819fe5eba3fee70da544f4ea9c72
2021,chimie,Chimie,teste-antrenament,Test de antrenament 9,subiect,2021-antrenament-09-organica-subiect.pdf,bac/2021/chimie/teste-antrenament/2021-antrenament-09-organica-subiect.pdf,165295,11aa5fb3c7341e4f7942dd66439e40c7ec3c057c26094601c77cd9aa69a449d4
2021,chimie,Chimie,teste-antrenament,Test de antrenament 10,barem,2021-antrenament-10-anorganica-barem.pdf,bac/2021/chimie/teste-antrenament/2021-antrenament-10-anorganica-barem.pdf,167763,1f357db6412d939c1d9b8c892c68d8afd337681b7b696628f7faa0fa0733dc4a
2021,chimie,Chimie,teste-antrenament,Test de antrenament 10,subiect,2021-antrenament-10-anorganica-subiect.pdf,bac/2021/chimie/teste-antrenament/2021-antrenament-10-anorganica-subiect.pdf,174143,ce77553054ff8dbf1210a2e089803ffb877f2974e6d8f69b1d838dcbff43abe1
2021,chimie,Chimie,teste-antrenament,Test de antrenament 10,barem,2021-antrenament-10-organica-barem.pdf,bac/2021/chimie/teste-antrenament/2021-antrenament-10-organica-barem.pdf,161061,3a16b6e8d4b3b45bfc67e8ed8163596e4d7d6259ccd503a1041d79d876d701b4
2021,chimie,Chimie,teste-antrenament,Test de antrenament 10,subiect,2021-antrenament-10-organica-subiect.pdf,bac/2021/chimie/teste-antrenament/2021-antrenament-10-organica-subiect.pdf,168370,57ffd730f98aaace71abdc9e9e6bbfb9074a440ebcecb5595c68f315150d54ac
2021,chimie,Chimie,teste-antrenament,Test de antrenament 11,barem,2021-antrenament-11-anorganica-barem.pdf,bac/2021/chimie/teste-antrenament/2021-antrenament-11-anorganica-barem.pdf,169878,53705cb61cb8065f73d4bb86651496e5c32856c25c8bc35fe11820816bbc5ece
2021,chimie,Chimie,teste-antrenament,Test de antrenament 11,subiect,2021-antrenament-11-anorganica-subiect.pdf,bac/2021/chimie/teste-antrenament/2021-antrenament-11-anorganica-subiect.pdf,174654,099f52461a76c732e5069defb373466f9c9db413dc8d1298eebdb2ca4ebf0e71
2021,chimie,Chimie,teste-antrenament,Test de antrenament 11,barem,2021-antrenament-11-organica-barem.pdf,bac/2021/chimie/teste-antrenament/2021-antrenament-11-organica-barem.pdf,144377,3bcd0d207d476afd8f4b1f49b06dc2dbf9d00110aa4de9cef434fce5c60198e2
2021,chimie,Chimie,teste-antrenament,Test de antrenament 11,subiect,2021-antrenament-11-organica-subiect.pdf,bac/2021/chimie/teste-antrenament/2021-antrenament-11-organica-subiect.pdf,154793,f54cd033567b8df7d6d285953b0a12a063f9428df4b54cb6d375da7c18e56d75
2021,chimie,Chimie,teste-antrenament,Test de antrenament 12,barem,2021-antrenament-12-anorganica-barem.pdf,bac/2021/chimie/teste-antrenament/2021-antrenament-12-anorganica-barem.pdf,149379,61a18a84d5872b1813edeeae36c862682768e20da2e5f14f89bef5c80babf835
2021,chimie,Chimie,teste-antrenament,Test de antrenament 12,subiect,2021-antrenament-12-anorganica-subiect.pdf,bac/2021/chimie/teste-antrenament/2021-antrenament-12-anorganica-subiect.pdf,183916,f5741f7849a097e0573ce204277e27a20b4fd40dec514f955b26dd5574eef17a
2021,chimie,Chimie,teste-antrenament,Test de antrenament 12,barem,2021-antrenament-12-organica-barem.pdf,bac/2021/chimie/teste-antrenament/2021-antrenament-12-organica-barem.pdf,143530,64e9edf0f90984d5a1ba0875b2799bbb8f40c98842eab70c75e66c9c9aca99f4
2021,chimie,Chimie,teste-antrenament,Test de antrenament 12,subiect,2021-antrenament-12-organica-subiect.pdf,bac/2021/chimie/teste-antrenament/2021-antrenament-12-organica-subiect.pdf,162558,bdebe649591dcb1bc274e2d9e6327a05c5ad8997500c2c187acd233481777f2a
2021,chimie,Chimie,variante-oficiale,Varianta oficiala 1,barem,2021-varianta-01-anorganica-barem.pdf,bac/2021/chimie/variante-oficiale/2021-varianta-01-anorganica-barem.pdf,77330,ebf52041dd25a19826556764ea6a518c337ea79cc636bd0e42a07f3a2b4b5b71
2021,chimie,Chimie,variante-oficiale,Varianta oficiala 1,subiect,2021-varianta-01-anorganica-subiect.pdf,bac/2021/chimie/variante-oficiale/2021-varianta-01-anorganica-subiect.pdf,171502,6182fc448e315a0e3fa25409254b0b8afcaf229d67458c0d2abd420c3a8a5355
2021,chimie,Chimie,variante-oficiale,Varianta oficiala 1,barem,2021-varianta-01-organica-barem.pdf,bac/2021/chimie/variante-oficiale/2021-varianta-01-organica-barem.pdf,142659,8f617f05c8384befcebe2165292111fe9066986618825ee4cfe0a289e9519726
2021,chimie,Chimie,variante-oficiale,Varianta oficiala 1,subiect,2021-varianta-01-organica-subiect.pdf,bac/2021/chimie/variante-oficiale/2021-varianta-01-organica-subiect.pdf,131330,992d663de507a9fe8ee96db2db4c299001e9919ea086b47e6d896f8ded25965e
2021,chimie,Chimie,variante-oficiale,Varianta oficiala 4,barem,2021-varianta-04-anorganica-barem.pdf,bac/2021/chimie/variante-oficiale/2021-varianta-04-anorganica-barem.pdf,70377,034326a10289205b54d213b5a728fe80b2bb1636a4d27d3ee5935e4898263960
2021,chimie,Chimie,variante-oficiale,Varianta oficiala 4,subiect,2021-varianta-04-anorganica-subiect.pdf,bac/2021/chimie/variante-oficiale/2021-varianta-04-anorganica-subiect.pdf,106536,35a2a83adfd77ec97842187f52594f4a5bc57e3a6fe6e9a367fceb507a1686e1
2021,chimie,Chimie,variante-oficiale,Varianta oficiala 4,barem,2021-varianta-04-organica-barem.pdf,bac/2021/chimie/variante-oficiale/2021-varianta-04-organica-barem.pdf,71614,ff5b10985148b5dd07855c8d1d1fd2bf7b5a444f6843ea25cf3af121ebd918bf
2021,chimie,Chimie,variante-oficiale,Varianta oficiala 4,subiect,2021-varianta-04-organica-subiect.pdf,bac/2021/chimie/variante-oficiale/2021-varianta-04-organica-subiect.pdf,84457,91e4a5fd4555b4f6f8f4b69ff393ca44cadd302d42b175e5c7bc7c8427456648
2021,economie,Economie,model,Model,barem,2021-model-general-barem.pdf,bac/2021/economie/model/2021-model-general-barem.pdf,171126,03a93fa9b5bd30855dcad5501c05a5086246d800248c6967b73ec7c19f428dd5
2021,economie,Economie,model,Model,subiect,2021-model-general-subiect.pdf,bac/2021/economie/model/2021-model-general-subiect.pdf,177221,3893467cea6bb228f9f2c14c078fb012004eecabba966682477e6f8f089ccbb8
2021,economie,Economie,simulare,Simulare,barem,2021-simulare-general-barem.pdf,bac/2021/economie/simulare/2021-simulare-general-barem.pdf,114398,38c7d5abadd7640eb4159b0f40e167bfe7efdc1291a6ba581cfb29f0dd179426
2021,economie,Economie,simulare,Simulare,subiect,2021-simulare-general-subiect.pdf,bac/2021/economie/simulare/2021-simulare-general-subiect.pdf,123317,a6267c6ebf2b471624b440500a3ccc70edfd4b2cdd2c22801af6cc030fa81264
2021,economie,Economie,teste-antrenament,Test de antrenament 1,barem,2021-antrenament-01-general-barem.pdf,bac/2021/economie/teste-antrenament/2021-antrenament-01-general-barem.pdf,171801,af8ab2c4f751e572c114f7ad5a8405dbe528735c3bf10668b03da692bb0fa7d8
2021,economie,Economie,teste-antrenament,Test de antrenament 1,subiect,2021-antrenament-01-general-subiect.pdf,bac/2021/economie/teste-antrenament/2021-antrenament-01-general-subiect.pdf,127942,6a4de4075ee80c8e153a799d838691db51b9c49dd29185e7a9e538c12a902ecd
2021,economie,Economie,teste-antrenament,Test de antrenament 2,barem,2021-antrenament-02-general-barem.pdf,bac/2021/economie/teste-antrenament/2021-antrenament-02-general-barem.pdf,175598,2668f0ee03be3bdba61ebb2acd140865beff0890b353dfe3d80b94d44e25a265
2021,economie,Economie,teste-antrenament,Test de antrenament 2,subiect,2021-antrenament-02-general-subiect.pdf,bac/2021/economie/teste-antrenament/2021-antrenament-02-general-subiect.pdf,123534,ec77ea2f78eaf3d98dc6a3f503e494945b071df51514e33c4c6c50ca6f00f321
2021,economie,Economie,teste-antrenament,Test de antrenament 3,barem,2021-antrenament-03-general-barem.pdf,bac/2021/economie/teste-antrenament/2021-antrenament-03-general-barem.pdf,171019,13217820edc028459677994469467891e19d16a31b9ff2807bbfb9d517c66fe4
2021,economie,Economie,teste-antrenament,Test de antrenament 3,subiect,2021-antrenament-03-general-subiect.pdf,bac/2021/economie/teste-antrenament/2021-antrenament-03-general-subiect.pdf,125914,52d10ffbd19c260a40becce5450bd6756c26503d25829bdbe26ae37f3f49b361
2021,economie,Economie,teste-antrenament,Test de antrenament 4,barem,2021-antrenament-04-general-barem.pdf,bac/2021/economie/teste-antrenament/2021-antrenament-04-general-barem.pdf,170813,11f48f9db7b02f07574a2cd27afc341bd59458cc84831fdd0539625079905812
2021,economie,Economie,teste-antrenament,Test de antrenament 4,subiect,2021-antrenament-04-general-subiect.pdf,bac/2021/economie/teste-antrenament/2021-antrenament-04-general-subiect.pdf,124549,c75375b6ce4eb7612863a7d6db4b98cca9ae9bef7b4364130d2141fcc4c3a3a5
2021,economie,Economie,teste-antrenament,Test de antrenament 5,barem,2021-antrenament-05-general-barem.pdf,bac/2021/economie/teste-antrenament/2021-antrenament-05-general-barem.pdf,171276,417d38aacf3c358c5bec21d84b808f5abcfe8b7ae74e6f2fb44cdb689ad2dbe3
2021,economie,Economie,teste-antrenament,Test de antrenament 5,subiect,2021-antrenament-05-general-subiect.pdf,bac/2021/economie/teste-antrenament/2021-antrenament-05-general-subiect.pdf,128829,6e5417f8214a61abfb5352cb8c5bcb9c0c122cbe53209f3f96aa870dd74d9a53
2021,economie,Economie,teste-antrenament,Test de antrenament 6,barem,2021-antrenament-06-general-barem.pdf,bac/2021/economie/teste-antrenament/2021-antrenament-06-general-barem.pdf,112250,35aa2f6c5c68da5923918188d15f3c99ac3b7c51128bbbe309b89a11762ae848
2021,economie,Economie,teste-antrenament,Test de antrenament 6,subiect,2021-antrenament-06-general-subiect.pdf,bac/2021/economie/teste-antrenament/2021-antrenament-06-general-subiect.pdf,185309,e0c913d28367e4880b1537cba7a21d3ab9aca6e7ffc2e12afdb16728660095db
2021,economie,Economie,teste-antrenament,Test de antrenament 7,barem,2021-antrenament-07-general-barem.pdf,bac/2021/economie/teste-antrenament/2021-antrenament-07-general-barem.pdf,111414,8f4a95af3f6fc361471b43f8a58ebd19a474c24fabff0222b42e47b07f70230f
2021,economie,Economie,teste-antrenament,Test de antrenament 7,subiect,2021-antrenament-07-general-subiect.pdf,bac/2021/economie/teste-antrenament/2021-antrenament-07-general-subiect.pdf,125818,323180d54c735bc6988a95b77b8040376d749ea365f27fecabe2a68395ad0598
2021,economie,Economie,teste-antrenament,Test de antrenament 8,barem,2021-antrenament-08-general-barem.pdf,bac/2021/economie/teste-antrenament/2021-antrenament-08-general-barem.pdf,174254,bebb453fa69e189186829ae54375c081ee60745d9a85cac696beb0050381b804
2021,economie,Economie,teste-antrenament,Test de antrenament 8,subiect,2021-antrenament-08-general-subiect.pdf,bac/2021/economie/teste-antrenament/2021-antrenament-08-general-subiect.pdf,128314,faa0f03c2415772c7c4c7ceaef874120e0bb075bfaab022a4518d8f90c8770c5
2021,economie,Economie,teste-antrenament,Test de antrenament 9,barem,2021-antrenament-09-general-barem.pdf,bac/2021/economie/teste-antrenament/2021-antrenament-09-general-barem.pdf,121666,4f678c7e0b8ab15e0c62977f8aed22a82383f550a3c792bc5409fd068e4e40d6
2021,economie,Economie,teste-antrenament,Test de antrenament 9,subiect,2021-antrenament-09-general-subiect.pdf,bac/2021/economie/teste-antrenament/2021-antrenament-09-general-subiect.pdf,241166,7f4ee96ab1a3b04e2ac03eb3f2a776945539cb94df6a6b1d6a2af82f035817f8
2021,economie,Economie,teste-antrenament,Test de antrenament 10,barem,2021-antrenament-10-general-barem.pdf,bac/2021/economie/teste-antrenament/2021-antrenament-10-general-barem.pdf,113244,52e8ad6401b7e0a32b7418f36688f89c4f1e491f3e8b2278acbfbe4d327d5e61
2021,economie,Economie,teste-antrenament,Test de antrenament 10,subiect,2021-antrenament-10-general-subiect.pdf,bac/2021/economie/teste-antrenament/2021-antrenament-10-general-subiect.pdf,127328,ae367f92e3e5cc52c85cc4c776fe6a454f47a75b4fc5677434d0c7688cebd152
2021,economie,Economie,teste-antrenament,Test de antrenament 11,barem,2021-antrenament-11-general-barem.pdf,bac/2021/economie/teste-antrenament/2021-antrenament-11-general-barem.pdf,113852,a6578376463d0cec39061369779564e2753d2b3f1dc05e5f6b17d40a55c75c50
2021,economie,Economie,teste-antrenament,Test de antrenament 11,subiect,2021-antrenament-11-general-subiect.pdf,bac/2021/economie/teste-antrenament/2021-antrenament-11-general-subiect.pdf,127441,8f0c42b7127a99d385419bb482826fc3821c076205cdc202360ac7168e640d74
2021,economie,Economie,teste-antrenament,Test de antrenament 12,barem,2021-antrenament-12-general-barem.pdf,bac/2021/economie/teste-antrenament/2021-antrenament-12-general-barem.pdf,113984,6035061554b96b4c54878e35d877c5d56c62fa076691738f97b2749b67b2e951
2021,economie,Economie,teste-antrenament,Test de antrenament 12,subiect,2021-antrenament-12-general-subiect.pdf,bac/2021/economie/teste-antrenament/2021-antrenament-12-general-subiect.pdf,126500,36f83851576a6a3cfe65108d603c900e00be0e2704bc9757a85d16368b7e94ff
2021,economie,Economie,variante-oficiale,Varianta oficiala 1,barem,2021-varianta-01-general-barem.pdf,bac/2021/economie/variante-oficiale/2021-varianta-01-general-barem.pdf,204940,241fcb140c5c353f5a329e7952c1073202f4067839a5fb83122b010c670a553f
2021,economie,Economie,variante-oficiale,Varianta oficiala 1,subiect,2021-varianta-01-general-subiect.pdf,bac/2021/economie/variante-oficiale/2021-varianta-01-general-subiect.pdf,210844,be6d66ad92c0d747cf4fc14d9333046b2d259193672532a936d0916c38a507b3
2021,economie,Economie,variante-oficiale,Varianta oficiala 4,barem,2021-varianta-04-general-barem.pdf,bac/2021/economie/variante-oficiale/2021-varianta-04-general-barem.pdf,201176,d6de74dbc092db0a009ef1bd19dc5265bacb614df5ef2e23c08be81bbb2a820e
2021,economie,Economie,variante-oficiale,Varianta oficiala 4,subiect,2021-varianta-04-general-subiect.pdf,bac/2021/economie/variante-oficiale/2021-varianta-04-general-subiect.pdf,233257,b5157397c72c2b0476d672e446ab92224810b9e92c8e84f6e53d066b568f0b0b
2021,filosofie,Filosofie,model,Model,barem,2021-model-general-barem.pdf,bac/2021/filosofie/model/2021-model-general-barem.pdf,130621,ba3bc9eb26b98e4d58fa262928c89a1e8509bdc71d46ff9d97e9ad97da430c83
2021,filosofie,Filosofie,model,Model,subiect,2021-model-general-subiect.pdf,bac/2021/filosofie/model/2021-model-general-subiect.pdf,176408,d9aeab6b224434bb88c4f68c2adebf39caa58fdfa3c7f4289cdca64871d1c543
2021,filosofie,Filosofie,simulare,Simulare,barem,2021-simulare-general-barem.pdf,bac/2021/filosofie/simulare/2021-simulare-general-barem.pdf,141973,399391ff96a110b84ce0655e3d0848a85f0d132159649d16165f92426127add9
2021,filosofie,Filosofie,simulare,Simulare,subiect,2021-simulare-general-subiect.pdf,bac/2021/filosofie/simulare/2021-simulare-general-subiect.pdf,209660,a4814d576317b5d326071cb417dda246ba92c1a745bde942d83959c51ff4ef41
2021,filosofie,Filosofie,teste-antrenament,Test de antrenament 1,barem,2021-antrenament-01-general-barem.pdf,bac/2021/filosofie/teste-antrenament/2021-antrenament-01-general-barem.pdf,176869,c7bba39554b6f034e3eacdaf9ecc9e893faa635d9cf260aee0dbaae76b4f296b
2021,filosofie,Filosofie,teste-antrenament,Test de antrenament 1,subiect,2021-antrenament-01-general-subiect.pdf,bac/2021/filosofie/teste-antrenament/2021-antrenament-01-general-subiect.pdf,193712,ad1202604054ce1ad43f65faa0b1b76a15ddcf1f30648dcc485eb49f2145a8d8
2021,filosofie,Filosofie,teste-antrenament,Test de antrenament 2,barem,2021-antrenament-02-general-barem.pdf,bac/2021/filosofie/teste-antrenament/2021-antrenament-02-general-barem.pdf,164536,9dd571b7af8a48066e9249d1b125290afeed3a0f4e8a3afd9014745161ad6ca6
2021,filosofie,Filosofie,teste-antrenament,Test de antrenament 2,subiect,2021-antrenament-02-general-subiect.pdf,bac/2021/filosofie/teste-antrenament/2021-antrenament-02-general-subiect.pdf,191682,dc35fed1978635e40fdc6fe8050aaac425928700a2280fb35a273acaadbd8b5d
2021,filosofie,Filosofie,teste-antrenament,Test de antrenament 3,barem,2021-antrenament-03-general-barem.pdf,bac/2021/filosofie/teste-antrenament/2021-antrenament-03-general-barem.pdf,161333,284aa61794ead6e38991fb7d3e829dd9a76fb3ace4fef54aaf7d617e5feddb0e
2021,filosofie,Filosofie,teste-antrenament,Test de antrenament 3,subiect,2021-antrenament-03-general-subiect.pdf,bac/2021/filosofie/teste-antrenament/2021-antrenament-03-general-subiect.pdf,176343,7ae382737df2e4c190dd4299e7886dc5ade63f2b108bd5aee5da3c492c408898
2021,filosofie,Filosofie,teste-antrenament,Test de antrenament 4,barem,2021-antrenament-04-general-barem.pdf,bac/2021/filosofie/teste-antrenament/2021-antrenament-04-general-barem.pdf,163233,1eaf396b307d1e7a4e3915c55317f3f31e4d9352c4746e5094b256643ebf2ea9
2021,filosofie,Filosofie,teste-antrenament,Test de antrenament 4,subiect,2021-antrenament-04-general-subiect.pdf,bac/2021/filosofie/teste-antrenament/2021-antrenament-04-general-subiect.pdf,197226,b69fff003e6c919e62ce870f72932fa0ba023927c297854236cdee22e162baba
2021,filosofie,Filosofie,teste-antrenament,Test de antrenament 5,barem,2021-antrenament-05-general-barem.pdf,bac/2021/filosofie/teste-antrenament/2021-antrenament-05-general-barem.pdf,163102,573fa51e62fac17d4e0de68f6f9f30bfab9658a9db786b31a36b09750451403e
2021,filosofie,Filosofie,teste-antrenament,Test de antrenament 5,subiect,2021-antrenament-05-general-subiect.pdf,bac/2021/filosofie/teste-antrenament/2021-antrenament-05-general-subiect.pdf,192559,5e9396ae8a7b4cbba97b6dca48d67168d211cb6514bbbac0f8cba2b11e976fc3
2021,filosofie,Filosofie,teste-antrenament,Test de antrenament 6,barem,2021-antrenament-06-general-barem.pdf,bac/2021/filosofie/teste-antrenament/2021-antrenament-06-general-barem.pdf,136210,1095af1de61b6d11204d2316af56dd8dbc35d0e1629a760078047c7defd08ef8
2021,filosofie,Filosofie,teste-antrenament,Test de antrenament 6,subiect,2021-antrenament-06-general-subiect.pdf,bac/2021/filosofie/teste-antrenament/2021-antrenament-06-general-subiect.pdf,191137,bdad4638feff7d0d778fccfb5941019125e012b83003263ce6b0d0da5596bb35
2021,filosofie,Filosofie,teste-antrenament,Test de antrenament 7,barem,2021-antrenament-07-general-barem.pdf,bac/2021/filosofie/teste-antrenament/2021-antrenament-07-general-barem.pdf,136359,31d4402e558d81bb45a99516897bc6f45ff59ba505dbcb1a23f94f5cce640411
2021,filosofie,Filosofie,teste-antrenament,Test de antrenament 7,subiect,2021-antrenament-07-general-subiect.pdf,bac/2021/filosofie/teste-antrenament/2021-antrenament-07-general-subiect.pdf,174516,cb702b26029b5bba13a27d946c9f68fdf51c35fe07803f5257fae0bf381e0e0f
2021,filosofie,Filosofie,teste-antrenament,Test de antrenament 8,barem,2021-antrenament-08-general-barem.pdf,bac/2021/filosofie/teste-antrenament/2021-antrenament-08-general-barem.pdf,163531,bfeecaae6cb5b5ddb9bf6e562e7519ce7c857f5d6a79fa23c24eec2bbce6f882
2021,filosofie,Filosofie,teste-antrenament,Test de antrenament 8,subiect,2021-antrenament-08-general-subiect.pdf,bac/2021/filosofie/teste-antrenament/2021-antrenament-08-general-subiect.pdf,196163,180f60bcc5095c323175a5cbb5d712bcf3da9eea909cb787ee03aeaf147e3cce
2021,filosofie,Filosofie,teste-antrenament,Test de antrenament 9,barem,2021-antrenament-09-general-barem.pdf,bac/2021/filosofie/teste-antrenament/2021-antrenament-09-general-barem.pdf,165013,f2758c4e19951364cab76603c26c6f8048e6445dfe62dd4f2297a1ea59a351f0
2021,filosofie,Filosofie,teste-antrenament,Test de antrenament 9,subiect,2021-antrenament-09-general-subiect.pdf,bac/2021/filosofie/teste-antrenament/2021-antrenament-09-general-subiect.pdf,193116,2e6349e73eba6aaa5640207fdea7403774df819a70ec4e3f05ec08de257d513b
2021,filosofie,Filosofie,teste-antrenament,Test de antrenament 10,barem,2021-antrenament-10-general-barem.pdf,bac/2021/filosofie/teste-antrenament/2021-antrenament-10-general-barem.pdf,164291,a7cf6f8b8e889127edf0161051ca561ca05e665ca86c899486b675fbd01ac6e9
2021,filosofie,Filosofie,teste-antrenament,Test de antrenament 10,subiect,2021-antrenament-10-general-subiect.pdf,bac/2021/filosofie/teste-antrenament/2021-antrenament-10-general-subiect.pdf,193403,e2a7a520cc6fb8e88a9628802b52dc5bcc6f46d61161bfa83654f217b381960c
2021,filosofie,Filosofie,teste-antrenament,Test de antrenament 11,barem,2021-antrenament-11-general-barem.pdf,bac/2021/filosofie/teste-antrenament/2021-antrenament-11-general-barem.pdf,165302,ee00a7cc737cc08d25654331d28575bea92554a5b1dc8ba8b2ffa1d58bf157e9
2021,filosofie,Filosofie,teste-antrenament,Test de antrenament 11,subiect,2021-antrenament-11-general-subiect.pdf,bac/2021/filosofie/teste-antrenament/2021-antrenament-11-general-subiect.pdf,177347,38304e4293855f398145ddf7ce962f548466be2137f3f02823eedd8ba8b9e267
2021,filosofie,Filosofie,teste-antrenament,Test de antrenament 12,barem,2021-antrenament-12-general-barem.pdf,bac/2021/filosofie/teste-antrenament/2021-antrenament-12-general-barem.pdf,164369,bc148c112b70df8e2eea4832fbc6973f218cbe29c9d4e03db39d9b217cd0df43
2021,filosofie,Filosofie,teste-antrenament,Test de antrenament 12,subiect,2021-antrenament-12-general-subiect.pdf,bac/2021/filosofie/teste-antrenament/2021-antrenament-12-general-subiect.pdf,172762,53efc0f44ee014555d51f2671effaefe1fb8defde421f694dd452eaadfd6dcb8
2021,filosofie,Filosofie,variante-oficiale,Varianta oficiala 1,barem,2021-varianta-01-general-barem.pdf,bac/2021/filosofie/variante-oficiale/2021-varianta-01-general-barem.pdf,56609,9bc6beb9b4027d772879bb7ad848a301be71e1af67c509d9f933e84ad6719915
2021,filosofie,Filosofie,variante-oficiale,Varianta oficiala 1,subiect,2021-varianta-01-general-subiect.pdf,bac/2021/filosofie/variante-oficiale/2021-varianta-01-general-subiect.pdf,179165,e575ec0108cbfd8160c475f32c002b6f9926bf30c91d276bd8bbcbb933bb8a09
2021,filosofie,Filosofie,variante-oficiale,Varianta oficiala 4,barem,2021-varianta-04-general-barem.pdf,bac/2021/filosofie/variante-oficiale/2021-varianta-04-general-barem.pdf,66002,ef48da85fad513d93fca398dbb0f812f49ff381972dc377c9298a83c2102efc5
2021,filosofie,Filosofie,variante-oficiale,Varianta oficiala 4,subiect,2021-varianta-04-general-subiect.pdf,bac/2021/filosofie/variante-oficiale/2021-varianta-04-general-subiect.pdf,82908,06a4ec67a415e79c918bc61af8d0085fa538762804a5b1814bc78f7a20c6225d
2021,fizica,Fizica,model,Model,barem,2021-model-tehnologic-barem.pdf,bac/2021/fizica/model/2021-model-tehnologic-barem.pdf,233219,101af4090aa55c923a6b0518a6bc5dffeb9bedf17d525ef00177089616032574
2021,fizica,Fizica,model,Model,subiect,2021-model-tehnologic-subiect.pdf,bac/2021/fizica/model/2021-model-tehnologic-subiect.pdf,294748,96985cf796d7e3a1ad28cf7cc9e22bf0da7a3826a8e51fc9cd2c68ed00d835d7
2021,fizica,Fizica,model,Model,barem,2021-model-teoretic-vocational-barem.pdf,bac/2021/fizica/model/2021-model-teoretic-vocational-barem.pdf,273416,101fa738189455126961a64ebd071e263822c6ae5f0d9f46eaac1485ff0e70b8
2021,fizica,Fizica,model,Model,subiect,2021-model-teoretic-vocational-subiect.pdf,bac/2021/fizica/model/2021-model-teoretic-vocational-subiect.pdf,318105,7ddda6c12010b26ba996d55ec67dfc0bf131335deceaf8aae288f2591faeeb80
2021,fizica,Fizica,simulare,Simulare,barem,2021-simulare-tehnologic-barem.pdf,bac/2021/fizica/simulare/2021-simulare-tehnologic-barem.pdf,217602,4deab5101fe41c02964569ed9ea648294815ad10a5d4b2fc0d606131b54b2e44
2021,fizica,Fizica,simulare,Simulare,subiect,2021-simulare-tehnologic-subiect.pdf,bac/2021/fizica/simulare/2021-simulare-tehnologic-subiect.pdf,301666,c1bbd653d39c1df73546a78d6854f08b1abef57526f875f7766675c967130459
2021,fizica,Fizica,simulare,Simulare,barem,2021-simulare-teoretic-vocational-barem.pdf,bac/2021/fizica/simulare/2021-simulare-teoretic-vocational-barem.pdf,241164,9b78d98951cd1c9d467a62e940c578c7f5852cd8eff749ab8db1e2d4f0c2fe6e
2021,fizica,Fizica,simulare,Simulare,subiect,2021-simulare-teoretic-vocational-subiect.pdf,bac/2021/fizica/simulare/2021-simulare-teoretic-vocational-subiect.pdf,332223,ca50ea993ffef0c68ee5124fac6473489851c9933bb21b950bf892ffe4dcae43
2021,fizica,Fizica,teste-antrenament,Test de antrenament 1,barem,2021-antrenament-01-tehnologic-barem.pdf,bac/2021/fizica/teste-antrenament/2021-antrenament-01-tehnologic-barem.pdf,227958,fe0d96a324acd717f8c3afe53f17e5f5592efdf50761155d1881e9ac759f9c2d
2021,fizica,Fizica,teste-antrenament,Test de antrenament 1,subiect,2021-antrenament-01-tehnologic-subiect.pdf,bac/2021/fizica/teste-antrenament/2021-antrenament-01-tehnologic-subiect.pdf,303107,996bceadb7f7fe09d6b4d5485f18b19a7dee2234c141d7b5c87ed92cad1b48ef
2021,fizica,Fizica,teste-antrenament,Test de antrenament 1,barem,2021-antrenament-01-teoretic-vocational-barem.pdf,bac/2021/fizica/teste-antrenament/2021-antrenament-01-teoretic-vocational-barem.pdf,267405,b1a1d3a4b657e008756570663197d2cab34726d27bb8204b61d2e8340cb89a24
2021,fizica,Fizica,teste-antrenament,Test de antrenament 1,subiect,2021-antrenament-01-teoretic-vocational-subiect.pdf,bac/2021/fizica/teste-antrenament/2021-antrenament-01-teoretic-vocational-subiect.pdf,337256,ff579f52751a3695e94784eab8ac48e6d218b10318570dc517a1ebe9fa3411e1
2021,fizica,Fizica,teste-antrenament,Test de antrenament 2,barem,2021-antrenament-02-tehnologic-barem.pdf,bac/2021/fizica/teste-antrenament/2021-antrenament-02-tehnologic-barem.pdf,226772,ad5f61c5b8253262ea3aba9598961e92e363de6dc40fb77f9a98c41b3faf3ec1
2021,fizica,Fizica,teste-antrenament,Test de antrenament 2,subiect,2021-antrenament-02-tehnologic-subiect.pdf,bac/2021/fizica/teste-antrenament/2021-antrenament-02-tehnologic-subiect.pdf,294524,dba9ba75fb7f2724162c3a7c7c922c935929b70e4940caf20fcdb6e14f83ae20
2021,fizica,Fizica,teste-antrenament,Test de antrenament 2,barem,2021-antrenament-02-teoretic-vocational-barem.pdf,bac/2021/fizica/teste-antrenament/2021-antrenament-02-teoretic-vocational-barem.pdf,229935,15800091aac695fd64f236d47aa18e609017c37b3329bbdb2a54346405be9a92
2021,fizica,Fizica,teste-antrenament,Test de antrenament 2,subiect,2021-antrenament-02-teoretic-vocational-subiect.pdf,bac/2021/fizica/teste-antrenament/2021-antrenament-02-teoretic-vocational-subiect.pdf,318591,15d5703c4450f942f527cb52df56bfc571bcacd56172982263cbaf4c728fef32
2021,fizica,Fizica,teste-antrenament,Test de antrenament 3,barem,2021-antrenament-03-tehnologic-barem.pdf,bac/2021/fizica/teste-antrenament/2021-antrenament-03-tehnologic-barem.pdf,233258,baa627598060331fd9a9a777ca7957cc9630aff2e1fc3c62776ec702d66e7abd
2021,fizica,Fizica,teste-antrenament,Test de antrenament 3,subiect,2021-antrenament-03-tehnologic-subiect.pdf,bac/2021/fizica/teste-antrenament/2021-antrenament-03-tehnologic-subiect.pdf,304345,a9413029d7cd3cbc9ff3c90ccf913230e3caadaa91e49ccf543633aab763677d
2021,fizica,Fizica,teste-antrenament,Test de antrenament 3,barem,2021-antrenament-03-teoretic-vocational-barem.pdf,bac/2021/fizica/teste-antrenament/2021-antrenament-03-teoretic-vocational-barem.pdf,239405,9117e1231c77b876820241d8a4d2e218c4a40b2b01f9a2ee1129c5e9a372ccf4
2021,fizica,Fizica,teste-antrenament,Test de antrenament 3,subiect,2021-antrenament-03-teoretic-vocational-subiect.pdf,bac/2021/fizica/teste-antrenament/2021-antrenament-03-teoretic-vocational-subiect.pdf,336154,953edf8ca245d05f7990d896dae1ac0a8432298fc78d6070b69002367b5fbd5a
2021,fizica,Fizica,teste-antrenament,Test de antrenament 4,barem,2021-antrenament-04-tehnologic-barem.pdf,bac/2021/fizica/teste-antrenament/2021-antrenament-04-tehnologic-barem.pdf,232044,3496691b31165e9b90841dc9d5ab8b5039d1314fd64bac33d34b77b45bff7de0
2021,fizica,Fizica,teste-antrenament,Test de antrenament 4,subiect,2021-antrenament-04-tehnologic-subiect.pdf,bac/2021/fizica/teste-antrenament/2021-antrenament-04-tehnologic-subiect.pdf,266677,20ad1a1be8e0916879172922de012cb3e6cfdddc6eb3b813a88b6f202a625277
2021,fizica,Fizica,teste-antrenament,Test de antrenament 4,barem,2021-antrenament-04-teoretic-vocational-barem.pdf,bac/2021/fizica/teste-antrenament/2021-antrenament-04-teoretic-vocational-barem.pdf,234098,0793ef8e4c8179af2e89543eea8a456972197f28621a0db03ff13c46cd6768d4
2021,fizica,Fizica,teste-antrenament,Test de antrenament 4,subiect,2021-antrenament-04-teoretic-vocational-subiect.pdf,bac/2021/fizica/teste-antrenament/2021-antrenament-04-teoretic-vocational-subiect.pdf,329475,4c50e5cad1e9e2ae22213b6f8ce8ecfa5134d80cb8030b016dfdd43782924630
2021,fizica,Fizica,teste-antrenament,Test de antrenament 5,barem,2021-antrenament-05-tehnologic-barem.pdf,bac/2021/fizica/teste-antrenament/2021-antrenament-05-tehnologic-barem.pdf,230729,0d53e223d49ffd30eeec21000d90df23a6a9091ec5a30ff48561ab472b43865e
2021,fizica,Fizica,teste-antrenament,Test de antrenament 5,subiect,2021-antrenament-05-tehnologic-subiect.pdf,bac/2021/fizica/teste-antrenament/2021-antrenament-05-tehnologic-subiect.pdf,314449,1bbe19a16a88832aa5a16553ffecc92f2389ab71eeef2de184d6100fc625274a
2021,fizica,Fizica,teste-antrenament,Test de antrenament 5,barem,2021-antrenament-05-teoretic-vocational-barem.pdf,bac/2021/fizica/teste-antrenament/2021-antrenament-05-teoretic-vocational-barem.pdf,240946,202cce4bade2572545126a5f58ee46cc2ad085ca5782527b553deb82c1de01f4
2021,fizica,Fizica,teste-antrenament,Test de antrenament 5,subiect,2021-antrenament-05-teoretic-vocational-subiect.pdf,bac/2021/fizica/teste-antrenament/2021-antrenament-05-teoretic-vocational-subiect.pdf,333410,cff55042104fd136b506e1d40a4049fb4e61855275474d4b18b8e0a200c15365
2021,fizica,Fizica,teste-antrenament,Test de antrenament 6,barem,2021-antrenament-06-tehnologic-barem.pdf,bac/2021/fizica/teste-antrenament/2021-antrenament-06-tehnologic-barem.pdf,240848,e86b9e485e6ff2edc0cd65c85551c161c2afc24c06cf798eea3fca8afb1e94cb
2021,fizica,Fizica,teste-antrenament,Test de antrenament 6,subiect,2021-antrenament-06-tehnologic-subiect.pdf,bac/2021/fizica/teste-antrenament/2021-antrenament-06-tehnologic-subiect.pdf,259991,2e0a08ae70d2dda45a4f786059111d6ba680fda14d0b0c490874192722e00347
2021,fizica,Fizica,teste-antrenament,Test de antrenament 6,barem,2021-antrenament-06-teoretic-vocational-barem.pdf,bac/2021/fizica/teste-antrenament/2021-antrenament-06-teoretic-vocational-barem.pdf,243794,2b7950a53e69757c2e20ca77f83394a8da4c4fbc5532d94c5e4b1fb99e2550d2
2021,fizica,Fizica,teste-antrenament,Test de antrenament 6,subiect,2021-antrenament-06-teoretic-vocational-subiect.pdf,bac/2021/fizica/teste-antrenament/2021-antrenament-06-teoretic-vocational-subiect.pdf,265600,7555f2edad04d2e3a0c2a68164a5195f940ee2d984e2f40c2eea14671e482a86
2021,fizica,Fizica,teste-antrenament,Test de antrenament 7,barem,2021-antrenament-07-tehnologic-barem.pdf,bac/2021/fizica/teste-antrenament/2021-antrenament-07-tehnologic-barem.pdf,234254,8f29c45e59c3a99ee59ab144a30fde9716f65bb0d02af51452705c5cda870a14
2021,fizica,Fizica,teste-antrenament,Test de antrenament 7,subiect,2021-antrenament-07-tehnologic-subiect.pdf,bac/2021/fizica/teste-antrenament/2021-antrenament-07-tehnologic-subiect.pdf,274968,f516e1f54e9154199ebf1af77e6db6b5e4b2c23159eb5c35ddd08ba8d1724822
2021,fizica,Fizica,teste-antrenament,Test de antrenament 7,barem,2021-antrenament-07-teoretic-vocational-barem.pdf,bac/2021/fizica/teste-antrenament/2021-antrenament-07-teoretic-vocational-barem.pdf,233424,ad6b3d9229ba6ccc15af31c70981629fa01fbf1d93a2031a78d4df13158a4be1
2021,fizica,Fizica,teste-antrenament,Test de antrenament 7,subiect,2021-antrenament-07-teoretic-vocational-subiect.pdf,bac/2021/fizica/teste-antrenament/2021-antrenament-07-teoretic-vocational-subiect.pdf,308111,dbea23fa90e98ff0407a08d39385e9db1be4226d8dc0deca56799b6584ba33b6
2021,fizica,Fizica,teste-antrenament,Test de antrenament 8,barem,2021-antrenament-08-tehnologic-barem.pdf,bac/2021/fizica/teste-antrenament/2021-antrenament-08-tehnologic-barem.pdf,234717,e95877e972a1b5186c6216ed4c8faa09361bc3f6a698f432360d99326f66b01c
2021,fizica,Fizica,teste-antrenament,Test de antrenament 8,subiect,2021-antrenament-08-tehnologic-subiect.pdf,bac/2021/fizica/teste-antrenament/2021-antrenament-08-tehnologic-subiect.pdf,278107,a6d6fbcfbcea276a6dcb04c1d593d375f99fff2f92a3a653c01f7d4517ee4132
2021,fizica,Fizica,teste-antrenament,Test de antrenament 8,barem,2021-antrenament-08-teoretic-vocational-barem.pdf,bac/2021/fizica/teste-antrenament/2021-antrenament-08-teoretic-vocational-barem.pdf,240396,d8531a23fabf31baef3d9ca72859d324a5eac4a9bf0578b568c0bdb2a7c08b43
2021,fizica,Fizica,teste-antrenament,Test de antrenament 8,subiect,2021-antrenament-08-teoretic-vocational-subiect.pdf,bac/2021/fizica/teste-antrenament/2021-antrenament-08-teoretic-vocational-subiect.pdf,303430,16f407d642e9a0ff6c8a94c7cd264434627ab541e59c85e2a17175da7d63168c
2021,fizica,Fizica,teste-antrenament,Test de antrenament 9,barem,2021-antrenament-09-tehnologic-barem.pdf,bac/2021/fizica/teste-antrenament/2021-antrenament-09-tehnologic-barem.pdf,230931,316f78099f700bbddd52ea7d6328cb10ac8abf3c10773353457b53207477da4c
2021,fizica,Fizica,teste-antrenament,Test de antrenament 9,subiect,2021-antrenament-09-tehnologic-subiect.pdf,bac/2021/fizica/teste-antrenament/2021-antrenament-09-tehnologic-subiect.pdf,285512,56fe703b1ebccf719317b0bd4925268a6dd4ffcd1af4da1f10a23c998371e1c6
2021,fizica,Fizica,teste-antrenament,Test de antrenament 9,barem,2021-antrenament-09-teoretic-vocational-barem.pdf,bac/2021/fizica/teste-antrenament/2021-antrenament-09-teoretic-vocational-barem.pdf,246294,90fe2e38f73fda9909f764ec3d727b5d792af43ab8e57417cd375938e98463c0
2021,fizica,Fizica,teste-antrenament,Test de antrenament 9,subiect,2021-antrenament-09-teoretic-vocational-subiect.pdf,bac/2021/fizica/teste-antrenament/2021-antrenament-09-teoretic-vocational-subiect.pdf,284562,1b52f73fddd88e8cbab04487f481368c48909bc8e424c22fed41c30797e8385b
2021,fizica,Fizica,teste-antrenament,Test de antrenament 10,barem,2021-antrenament-10-tehnologic-barem.pdf,bac/2021/fizica/teste-antrenament/2021-antrenament-10-tehnologic-barem.pdf,237131,a83ec08dc2e435edecd34e86ce9294002fc542e86e899933595a59a30051d514
2021,fizica,Fizica,teste-antrenament,Test de antrenament 10,subiect,2021-antrenament-10-tehnologic-subiect.pdf,bac/2021/fizica/teste-antrenament/2021-antrenament-10-tehnologic-subiect.pdf,365592,5e819f084b56715c119477f8b4d1a252cfc43ea0f2b35128daefefdf967ed9be
2021,fizica,Fizica,teste-antrenament,Test de antrenament 10,barem,2021-antrenament-10-teoretic-vocational-barem.pdf,bac/2021/fizica/teste-antrenament/2021-antrenament-10-teoretic-vocational-barem.pdf,243655,ef60ca4976c2da19c1268715b50c9d6f11a0d12337b8242e2082c85752dd28fb
2021,fizica,Fizica,teste-antrenament,Test de antrenament 10,subiect,2021-antrenament-10-teoretic-vocational-subiect.pdf,bac/2021/fizica/teste-antrenament/2021-antrenament-10-teoretic-vocational-subiect.pdf,356502,d6191977035b9a2625b14bb7186d7b8b2ebfb661a5299b2aa75c7ea7f9c303db
2021,fizica,Fizica,teste-antrenament,Test de antrenament 11,barem,2021-antrenament-11-tehnologic-barem.pdf,bac/2021/fizica/teste-antrenament/2021-antrenament-11-tehnologic-barem.pdf,232289,47f2b7348b4b89f78de8d001d809b6ff5bd91f11e4609ffcfd2146435a12ed11
2021,fizica,Fizica,teste-antrenament,Test de antrenament 11,subiect,2021-antrenament-11-tehnologic-subiect.pdf,bac/2021/fizica/teste-antrenament/2021-antrenament-11-tehnologic-subiect.pdf,272950,842745344b3df9bc89d5e1ab98281939925f6baa4afed02febb4114305a70f2c
2021,fizica,Fizica,teste-antrenament,Test de antrenament 11,barem,2021-antrenament-11-teoretic-vocational-barem.pdf,bac/2021/fizica/teste-antrenament/2021-antrenament-11-teoretic-vocational-barem.pdf,232443,a28b401c858f74e2417cf5bfd23eb936a30db81a317cf9866fdcd5007c423336
2021,fizica,Fizica,teste-antrenament,Test de antrenament 11,subiect,2021-antrenament-11-teoretic-vocational-subiect.pdf,bac/2021/fizica/teste-antrenament/2021-antrenament-11-teoretic-vocational-subiect.pdf,272864,522f66db1ef7d43994a69b48c51278b69ae6adaa4b02513f51e74c510e9a21e7
2021,fizica,Fizica,teste-antrenament,Test de antrenament 12,barem,2021-antrenament-12-tehnologic-barem.pdf,bac/2021/fizica/teste-antrenament/2021-antrenament-12-tehnologic-barem.pdf,260362,180a5d1b83fe67ca8e2d6ec537704e2d57caec63f2a0dc6d1bc33a45063d809a
2021,fizica,Fizica,teste-antrenament,Test de antrenament 12,subiect,2021-antrenament-12-tehnologic-subiect.pdf,bac/2021/fizica/teste-antrenament/2021-antrenament-12-tehnologic-subiect.pdf,316856,781d0cecb6503882bb3e4cd9fd7b674b9e885d37402539e9258504fe9feadfd9
2021,fizica,Fizica,teste-antrenament,Test de antrenament 12,barem,2021-antrenament-12-teoretic-vocational-barem.pdf,bac/2021/fizica/teste-antrenament/2021-antrenament-12-teoretic-vocational-barem.pdf,248486,c90b384cbbb8d153544e47efac8eb7772daa9ae33e89cea3df4c8b1f6110e66b
2021,fizica,Fizica,teste-antrenament,Test de antrenament 12,subiect,2021-antrenament-12-teoretic-vocational-subiect.pdf,bac/2021/fizica/teste-antrenament/2021-antrenament-12-teoretic-vocational-subiect.pdf,320930,d053f3ddeb5e27e0885be189a89330b661b35e7794c8adf349471335a888b59c
2021,fizica,Fizica,variante-oficiale,Varianta oficiala 1,barem,2021-varianta-01-tehnologic-barem.pdf,bac/2021/fizica/variante-oficiale/2021-varianta-01-tehnologic-barem.pdf,231710,a95c97bd004657af31f1eee521c4856d1fa518c8e29bc6733c8d4314c1773917
2021,fizica,Fizica,variante-oficiale,Varianta oficiala 1,subiect,2021-varianta-01-tehnologic-subiect.pdf,bac/2021/fizica/variante-oficiale/2021-varianta-01-tehnologic-subiect.pdf,317425,be6a5a7ce0745fd434d8f3ff7159bcf67853e66346a0a7c119d1990d08f985c8
2021,fizica,Fizica,variante-oficiale,Varianta oficiala 1,barem,2021-varianta-01-teoretic-vocational-barem.pdf,bac/2021/fizica/variante-oficiale/2021-varianta-01-teoretic-vocational-barem.pdf,239052,41d5ef00658e735ca4bdd3cb90c73e3c99b781c72e80e838761251d967867939
2021,fizica,Fizica,variante-oficiale,Varianta oficiala 1,subiect,2021-varianta-01-teoretic-vocational-subiect.pdf,bac/2021/fizica/variante-oficiale/2021-varianta-01-teoretic-vocational-subiect.pdf,295736,d0d548ad46f9301be95d74d85770645a333580a3693fad59fb1324b711242d56
2021,fizica,Fizica,variante-oficiale,Varianta oficiala 4,barem,2021-varianta-04-tehnologic-barem.pdf,bac/2021/fizica/variante-oficiale/2021-varianta-04-tehnologic-barem.pdf,80725,f1905f94be1fde3ee467b0393fac12f54e82ecff44aa1296325215fe2f694b6d
2021,fizica,Fizica,variante-oficiale,Varianta oficiala 4,subiect,2021-varianta-04-tehnologic-subiect.pdf,bac/2021/fizica/variante-oficiale/2021-varianta-04-tehnologic-subiect.pdf,206056,7ec47cc2d3d483d64137dc6199213ded482f505a31191faeba9362bbef6230d8
2021,fizica,Fizica,variante-oficiale,Varianta oficiala 4,barem,2021-varianta-04-teoretic-vocational-barem.pdf,bac/2021/fizica/variante-oficiale/2021-varianta-04-teoretic-vocational-barem.pdf,90880,0bd70fcdf145d8da9e328b12b97e639a43ec6605457573649744802afd6c7370
2021,fizica,Fizica,variante-oficiale,Varianta oficiala 4,subiect,2021-varianta-04-teoretic-vocational-subiect.pdf,bac/2021/fizica/variante-oficiale/2021-varianta-04-teoretic-vocational-subiect.pdf,193077,62e29a31525768d8f8369a19b1e39655b9966de7d918f83e954a80e7400eac0c
2021,fizica,Fizica,variante-oficiale,Varianta oficiala 7,barem,2021-varianta-07-teoretic-vocational-barem.pdf,bac/2021/fizica/variante-oficiale/2021-varianta-07-teoretic-vocational-barem.pdf,244269,ae7a091a885f91bd3cc548740342c82a6c2869e6002c3c31a77774302709f250
2021,fizica,Fizica,variante-oficiale,Varianta oficiala 7,subiect,2021-varianta-07-teoretic-vocational-subiect.pdf,bac/2021/fizica/variante-oficiale/2021-varianta-07-teoretic-vocational-subiect.pdf,357060,1cef2a7ebf3032c00048a609bed021fa790b19bdda7056609c0aabb7209541e9
2021,geografie,Geografie,model,Model,barem,2021-model-general-barem.pdf,bac/2021/geografie/model/2021-model-general-barem.pdf,86433,5c200573de714d2dae56ff61dae0434c02ed19945f21de05b6e67ade0fd4ccac
2021,geografie,Geografie,model,Model,subiect,2021-model-general-subiect.pdf,bac/2021/geografie/model/2021-model-general-subiect.pdf,234566,775be28594a83ea8ce3d6b25519d9463118927412718ef502cea35689f1b500a
2021,geografie,Geografie,simulare,Simulare,barem,2021-simulare-general-barem.pdf,bac/2021/geografie/simulare/2021-simulare-general-barem.pdf,197549,ae3e763aaa6be850c4731ce53e46c3247436557f19459598d3ad8bd3b4d5e28b
2021,geografie,Geografie,simulare,Simulare,subiect,2021-simulare-general-subiect.pdf,bac/2021/geografie/simulare/2021-simulare-general-subiect.pdf,509944,454bf4f57dc1acd91bf88c5f5648b7b2cab4e1d90335b910ed339c38da83e1db
2021,geografie,Geografie,teste-antrenament,Test de antrenament 1,barem,2021-antrenament-01-general-barem.pdf,bac/2021/geografie/teste-antrenament/2021-antrenament-01-general-barem.pdf,380072,fbfacd4ed3ac7dbebd70c96ce4c136892f483611b76423a964ff3137c754ff06
2021,geografie,Geografie,teste-antrenament,Test de antrenament 1,subiect,2021-antrenament-01-general-subiect.pdf,bac/2021/geografie/teste-antrenament/2021-antrenament-01-general-subiect.pdf,537276,a1a83aa2d4b9d354eb0545c5c20d99bfb8caf659f188c1366df9b97c163b5c02
2021,geografie,Geografie,teste-antrenament,Test de antrenament 2,barem,2021-antrenament-02-general-barem.pdf,bac/2021/geografie/teste-antrenament/2021-antrenament-02-general-barem.pdf,376865,5b935015eb9715fd4f10a2e66c99efd76741683e952c986e07d5a2c0b072f146
2021,geografie,Geografie,teste-antrenament,Test de antrenament 2,subiect,2021-antrenament-02-general-subiect.pdf,bac/2021/geografie/teste-antrenament/2021-antrenament-02-general-subiect.pdf,522294,8b142cb187907b75169426f2c264bd843b8b67d34b649fa5d61a2e34e2ec5aba
2021,geografie,Geografie,teste-antrenament,Test de antrenament 3,barem,2021-antrenament-03-general-barem.pdf,bac/2021/geografie/teste-antrenament/2021-antrenament-03-general-barem.pdf,377274,1483b88311971dbc776c404f4bc23e34cb5d0502d2dec809abd059e42b7bfea9
2021,geografie,Geografie,teste-antrenament,Test de antrenament 3,subiect,2021-antrenament-03-general-subiect.pdf,bac/2021/geografie/teste-antrenament/2021-antrenament-03-general-subiect.pdf,516149,458a63b6ba7607670e525ff6ec5de6c9fbb9e10d714bd59365711da783c7bd6e
2021,geografie,Geografie,teste-antrenament,Test de antrenament 4,barem,2021-antrenament-04-general-barem.pdf,bac/2021/geografie/teste-antrenament/2021-antrenament-04-general-barem.pdf,375629,1a1e4fbc6ff85965a2cd4f1c42b68912ae4712ae90ef086c5f4fe5b0dc4861e1
2021,geografie,Geografie,teste-antrenament,Test de antrenament 4,subiect,2021-antrenament-04-general-subiect.pdf,bac/2021/geografie/teste-antrenament/2021-antrenament-04-general-subiect.pdf,538854,f7bc5e24b60f8cf5e12a574f43f8d228d4d184f0c1c7d48f7baaa02faf6ebae6
2021,geografie,Geografie,teste-antrenament,Test de antrenament 5,barem,2021-antrenament-05-general-barem.pdf,bac/2021/geografie/teste-antrenament/2021-antrenament-05-general-barem.pdf,185507,f642f2971ac27ad6d6b1fbb0324a8f32ce2b52d5d09c02bb05426a88576bf16d
2021,geografie,Geografie,teste-antrenament,Test de antrenament 5,subiect,2021-antrenament-05-general-subiect.pdf,bac/2021/geografie/teste-antrenament/2021-antrenament-05-general-subiect.pdf,338804,ad01a602b8d78795810240288bad89ab0df9baaac2a9475a9449cbc253f00a42
2021,geografie,Geografie,teste-antrenament,Test de antrenament 6,barem,2021-antrenament-06-general-barem.pdf,bac/2021/geografie/teste-antrenament/2021-antrenament-06-general-barem.pdf,377829,6d608506672225c3d3e986444750e55b1f615d97f6da546cc70292d87d867735
2021,geografie,Geografie,teste-antrenament,Test de antrenament 6,subiect,2021-antrenament-06-general-subiect.pdf,bac/2021/geografie/teste-antrenament/2021-antrenament-06-general-subiect.pdf,516490,63a40f4ff13ab13023019e51e825ca971dae55c574d8b15170111f91220b77ad
2021,geografie,Geografie,teste-antrenament,Test de antrenament 7,barem,2021-antrenament-07-general-barem.pdf,bac/2021/geografie/teste-antrenament/2021-antrenament-07-general-barem.pdf,377186,26b15375d3fe487934c3bef611a0c0433ff76f8b8c41e52eb5169b605d852836
2021,geografie,Geografie,teste-antrenament,Test de antrenament 7,subiect,2021-antrenament-07-general-subiect.pdf,bac/2021/geografie/teste-antrenament/2021-antrenament-07-general-subiect.pdf,711728,077f1f8f8b280cbb55ec607f20eb8a9c308caa3aaedc59afb7a4bbff15119ac1
2021,geografie,Geografie,teste-antrenament,Test de antrenament 8,barem,2021-antrenament-08-general-barem.pdf,bac/2021/geografie/teste-antrenament/2021-antrenament-08-general-barem.pdf,186848,3c8f85dba1995ce9df7b478670647b7cb7ee790983b7eb35df2d329413dd169b
2021,geografie,Geografie,teste-antrenament,Test de antrenament 8,subiect,2021-antrenament-08-general-subiect.pdf,bac/2021/geografie/teste-antrenament/2021-antrenament-08-general-subiect.pdf,318382,321e6265798ff66b9f484a286ac3e84b16892d5dd5e091db705666b6cf2d95cd
2021,geografie,Geografie,teste-antrenament,Test de antrenament 9,barem,2021-antrenament-09-general-barem.pdf,bac/2021/geografie/teste-antrenament/2021-antrenament-09-general-barem.pdf,377167,24b94be0ff9228bd3001cf75fd002026342780d6bcc901d632d91ab88c26cd27
2021,geografie,Geografie,teste-antrenament,Test de antrenament 9,subiect,2021-antrenament-09-general-subiect.pdf,bac/2021/geografie/teste-antrenament/2021-antrenament-09-general-subiect.pdf,521226,7c8987f31410b00e13426de2fb85b3b3805b140f40fa93c19e98e63307e8c871
2021,geografie,Geografie,teste-antrenament,Test de antrenament 10,barem,2021-antrenament-10-general-barem.pdf,bac/2021/geografie/teste-antrenament/2021-antrenament-10-general-barem.pdf,373878,03656fc332d94344357def96f159ff7504519048ac76e73a453a3f1e427950b4
2021,geografie,Geografie,teste-antrenament,Test de antrenament 10,subiect,2021-antrenament-10-general-subiect.pdf,bac/2021/geografie/teste-antrenament/2021-antrenament-10-general-subiect.pdf,532410,099492965c82367563aed53e9220db964ecb3570f52ac8dfce1350ccc71e884e
2021,geografie,Geografie,teste-antrenament,Test de antrenament 11,barem,2021-antrenament-11-general-barem.pdf,bac/2021/geografie/teste-antrenament/2021-antrenament-11-general-barem.pdf,377801,6997e8aa3d8fd91cd21fc153d30216a30e9b99c65eeac53cd84a203d355b4843
2021,geografie,Geografie,teste-antrenament,Test de antrenament 11,subiect,2021-antrenament-11-general-subiect.pdf,bac/2021/geografie/teste-antrenament/2021-antrenament-11-general-subiect.pdf,524989,65f1c538ebb83cf2ac0f32c258d9f8aff830e255e4bc720020c2c9b60b575d19
2021,geografie,Geografie,teste-antrenament,Test de antrenament 12,barem,2021-antrenament-12-general-barem.pdf,bac/2021/geografie/teste-antrenament/2021-antrenament-12-general-barem.pdf,377588,90377f6a9b626372cc899db416c8e5ce5d7ae9fa9325a92f0483aa7048924a14
2021,geografie,Geografie,teste-antrenament,Test de antrenament 12,subiect,2021-antrenament-12-general-subiect.pdf,bac/2021/geografie/teste-antrenament/2021-antrenament-12-general-subiect.pdf,534839,43e46eb7b45cb6d3de9c345305b719bbc4b6c5cae0b8698364642a2f4354a769
2021,geografie,Geografie,variante-oficiale,Varianta oficiala 1,barem,2021-varianta-01-general-barem.pdf,bac/2021/geografie/variante-oficiale/2021-varianta-01-general-barem.pdf,112980,eb222c9f931646be9bda35f218336b4e4d210c4ea831b85c89708af734cf0c69
2021,geografie,Geografie,variante-oficiale,Varianta oficiala 1,subiect,2021-varianta-01-general-subiect.pdf,bac/2021/geografie/variante-oficiale/2021-varianta-01-general-subiect.pdf,335393,febe02408192b69f6ba4d80bdcf6cf3612f88034956c55ac47b415ed937d7683
2021,geografie,Geografie,variante-oficiale,Varianta oficiala 4,barem,2021-varianta-04-general-barem.pdf,bac/2021/geografie/variante-oficiale/2021-varianta-04-general-barem.pdf,94571,9b39f517852df80ad20039be4b2a9ce0c11bcce450a2f553a792a50b8841a929
2021,geografie,Geografie,variante-oficiale,Varianta oficiala 4,subiect,2021-varianta-04-general-subiect.pdf,bac/2021/geografie/variante-oficiale/2021-varianta-04-general-subiect.pdf,177767,cfd57248b8fedb1fe771fc422569187882941775a3d355f585900abe89d9548f
2021,informatica,Informatica,model,Model,barem,2021-model-mate-info-c-barem.pdf,bac/2021/informatica/model/2021-model-mate-info-c-barem.pdf,96094,b8236cea2e3bd48f8a6e0b460312503a6856ed5cad9dc822ffdbce6083d4490d
2021,informatica,Informatica,model,Model,subiect,2021-model-mate-info-c-subiect.pdf,bac/2021/informatica/model/2021-model-mate-info-c-subiect.pdf,118007,b8e311b7177c126e28b896c899cc94dd3e2b1fbabe875257bdc0a40d1776e6be
2021,informatica,Informatica,model,Model,barem,2021-model-stiinte-naturii-c-barem.pdf,bac/2021/informatica/model/2021-model-stiinte-naturii-c-barem.pdf,91800,a87df8e26fc81f9964e296f4df1952f2b3a551a9f6d9d0b914dca197c5e4386a
2021,informatica,Informatica,model,Model,subiect,2021-model-stiinte-naturii-c-subiect.pdf,bac/2021/informatica/model/2021-model-stiinte-naturii-c-subiect.pdf,115292,e8fb4d0a4d3a3af302767fc56b2c0955987b006c43d096113b3a83379eb883ad
2021,informatica,Informatica,simulare,Simulare,barem,2021-simulare-mate-info-c-barem.pdf,bac/2021/informatica/simulare/2021-simulare-mate-info-c-barem.pdf,107244,ca3aad9947e51a9383ba49e93e7806a0c2324eeaab21985961183cfee220a7e3
2021,informatica,Informatica,simulare,Simulare,subiect,2021-simulare-mate-info-c-subiect.pdf,bac/2021/informatica/simulare/2021-simulare-mate-info-c-subiect.pdf,130125,2eb53b2d9f00aedfa4f18f920cf5f0199f164fd0fc1ec6874eeb671019410aab
2021,informatica,Informatica,simulare,Simulare,barem,2021-simulare-stiinte-naturii-c-barem.pdf,bac/2021/informatica/simulare/2021-simulare-stiinte-naturii-c-barem.pdf,101658,1cbceb1fadb458d54a7e0b48fcbc3a2213ce98760586f09eda96782ba0501053
2021,informatica,Informatica,simulare,Simulare,subiect,2021-simulare-stiinte-naturii-c-subiect.pdf,bac/2021/informatica/simulare/2021-simulare-stiinte-naturii-c-subiect.pdf,124316,5ccef232ae9541fb439a0e40cedee276dffbf652cb8de11048f8a060e19ac455
2021,informatica,Informatica,teste-antrenament,Test de antrenament 1,barem,2021-antrenament-01-mate-info-c-barem.pdf,bac/2021/informatica/teste-antrenament/2021-antrenament-01-mate-info-c-barem.pdf,202222,35f8fe40756c8cf3e62897f3135a4a0bc2107ccbc9124e402069697b150aed1c
2021,informatica,Informatica,teste-antrenament,Test de antrenament 1,subiect,2021-antrenament-01-mate-info-c-subiect.pdf,bac/2021/informatica/teste-antrenament/2021-antrenament-01-mate-info-c-subiect.pdf,224416,0c7a4c19928e0a2ef3365dd6e409d0373dfa73a9170d9452f2cc419a94a8e9fa
2021,informatica,Informatica,teste-antrenament,Test de antrenament 1,barem,2021-antrenament-01-stiinte-naturii-c-barem.pdf,bac/2021/informatica/teste-antrenament/2021-antrenament-01-stiinte-naturii-c-barem.pdf,198561,4493a436ab9b18f6b4f6f9634cafa0b39357eb2dc66a8372c440567061cf62ec
2021,informatica,Informatica,teste-antrenament,Test de antrenament 1,subiect,2021-antrenament-01-stiinte-naturii-c-subiect.pdf,bac/2021/informatica/teste-antrenament/2021-antrenament-01-stiinte-naturii-c-subiect.pdf,218323,83cd5a5daf2944f4534351398ea2e219936fa4f32468b053296f1b990a40f8a1
2021,informatica,Informatica,teste-antrenament,Test de antrenament 2,barem,2021-antrenament-02-mate-info-c-barem.pdf,bac/2021/informatica/teste-antrenament/2021-antrenament-02-mate-info-c-barem.pdf,197228,e46fa3d89b885bec336d0e65eab086b88d5b4d36e750e54ddc1af4e17ac48e70
2021,informatica,Informatica,teste-antrenament,Test de antrenament 2,subiect,2021-antrenament-02-mate-info-c-subiect.pdf,bac/2021/informatica/teste-antrenament/2021-antrenament-02-mate-info-c-subiect.pdf,257144,1d16dd38e02dec367d2aa98bb6b466f24a0e633eded463ee4f4aafa24f5d176a
2021,informatica,Informatica,teste-antrenament,Test de antrenament 2,barem,2021-antrenament-02-stiinte-naturii-c-barem.pdf,bac/2021/informatica/teste-antrenament/2021-antrenament-02-stiinte-naturii-c-barem.pdf,196289,f3cf4e0b4714de08500b67e70124b1d5f4082d7ebcdac9faa0933aea7dca9f88
2021,informatica,Informatica,teste-antrenament,Test de antrenament 2,subiect,2021-antrenament-02-stiinte-naturii-c-subiect.pdf,bac/2021/informatica/teste-antrenament/2021-antrenament-02-stiinte-naturii-c-subiect.pdf,250346,074cfc1844a4304f4201a1cc6565d012fdf5477bbf80c5a0f4ef37c130566e47
2021,informatica,Informatica,teste-antrenament,Test de antrenament 3,barem,2021-antrenament-03-mate-info-c-barem.pdf,bac/2021/informatica/teste-antrenament/2021-antrenament-03-mate-info-c-barem.pdf,201363,9bff8a1b386b628c40055bff008ebc7273daeb77d9acea9133e53ea4450f23c5
2021,informatica,Informatica,teste-antrenament,Test de antrenament 3,subiect,2021-antrenament-03-mate-info-c-subiect.pdf,bac/2021/informatica/teste-antrenament/2021-antrenament-03-mate-info-c-subiect.pdf,254542,163915fb5f05d7be4173a93b24c43254fe75c80178f6df560b0bf32093ba22df
2021,informatica,Informatica,teste-antrenament,Test de antrenament 3,barem,2021-antrenament-03-stiinte-naturii-c-barem.pdf,bac/2021/informatica/teste-antrenament/2021-antrenament-03-stiinte-naturii-c-barem.pdf,199586,aa26a9ef1602c8e81789afe1aa80659e4902168411aa9d92379e53c203fce0b8
2021,informatica,Informatica,teste-antrenament,Test de antrenament 3,subiect,2021-antrenament-03-stiinte-naturii-c-subiect.pdf,bac/2021/informatica/teste-antrenament/2021-antrenament-03-stiinte-naturii-c-subiect.pdf,240840,32b0e0280a1b5217758dc8bd396b30b59cb2422dfb2e4c6a8cacc13a4790791d
2021,informatica,Informatica,teste-antrenament,Test de antrenament 4,barem,2021-antrenament-04-mate-info-c-barem.pdf,bac/2021/informatica/teste-antrenament/2021-antrenament-04-mate-info-c-barem.pdf,101551,bfe7f67382aba08e41dacff65804cb6c8af62b410a8d447cb4a5c8f2625b2842
2021,informatica,Informatica,teste-antrenament,Test de antrenament 4,subiect,2021-antrenament-04-mate-info-c-subiect.pdf,bac/2021/informatica/teste-antrenament/2021-antrenament-04-mate-info-c-subiect.pdf,248188,2666f37cb8fc50bb27d5f85ea32de78600ecfab3639029314c513b6752051fb7
2021,informatica,Informatica,teste-antrenament,Test de antrenament 4,barem,2021-antrenament-04-stiinte-naturii-c-barem.pdf,bac/2021/informatica/teste-antrenament/2021-antrenament-04-stiinte-naturii-c-barem.pdf,199738,f451966e13c22e712837d8d50609588e24c5d343186b9c612e7003a0f7e7bd2d
2021,informatica,Informatica,teste-antrenament,Test de antrenament 4,subiect,2021-antrenament-04-stiinte-naturii-c-subiect.pdf,bac/2021/informatica/teste-antrenament/2021-antrenament-04-stiinte-naturii-c-subiect.pdf,243936,2eabff8ecc44ae7107607520ac193ebec1f326454cca1382acea01f0efb99a1b
2021,informatica,Informatica,teste-antrenament,Test de antrenament 5,barem,2021-antrenament-05-mate-info-c-barem.pdf,bac/2021/informatica/teste-antrenament/2021-antrenament-05-mate-info-c-barem.pdf,199265,2b1da676b34b830b4103206365a3f7bbae5dfa0de91147b774f485a09f24bb25
2021,informatica,Informatica,teste-antrenament,Test de antrenament 5,subiect,2021-antrenament-05-mate-info-c-subiect.pdf,bac/2021/informatica/teste-antrenament/2021-antrenament-05-mate-info-c-subiect.pdf,226728,a2b45f71044f4a5fa3888d2a2c81a70058da798d6c6d72fd1292420a4f4efe22
2021,informatica,Informatica,teste-antrenament,Test de antrenament 5,barem,2021-antrenament-05-stiinte-naturii-c-barem.pdf,bac/2021/informatica/teste-antrenament/2021-antrenament-05-stiinte-naturii-c-barem.pdf,196440,22814eddae89add1844bbe2390bf2c5a88d17d5c0dba87ddb1c5aa0f386e34d2
2021,informatica,Informatica,teste-antrenament,Test de antrenament 5,subiect,2021-antrenament-05-stiinte-naturii-c-subiect.pdf,bac/2021/informatica/teste-antrenament/2021-antrenament-05-stiinte-naturii-c-subiect.pdf,250320,5215ab8a2bcfb1a90e1cb76dbc7e02e814597b7a8a321f8b0a36839529fd69f9
2021,informatica,Informatica,teste-antrenament,Test de antrenament 6,barem,2021-antrenament-06-mate-info-c-barem.pdf,bac/2021/informatica/teste-antrenament/2021-antrenament-06-mate-info-c-barem.pdf,200190,c57a293761e0d9c9e891b744e75375c6922a9353b4070873c652245e68e7b19d
2021,informatica,Informatica,teste-antrenament,Test de antrenament 6,subiect,2021-antrenament-06-mate-info-c-subiect.pdf,bac/2021/informatica/teste-antrenament/2021-antrenament-06-mate-info-c-subiect.pdf,258352,358c94a6164f29784c8e8ff85a777b76fe500283ecbe44d877f762b4198cc4c6
2021,informatica,Informatica,teste-antrenament,Test de antrenament 6,barem,2021-antrenament-06-stiinte-naturii-c-barem.pdf,bac/2021/informatica/teste-antrenament/2021-antrenament-06-stiinte-naturii-c-barem.pdf,197047,85eb861c6fd00bcec4b3aa921c9d4dcfb14fa5e349dbcc6b9538722eb5752008
2021,informatica,Informatica,teste-antrenament,Test de antrenament 6,subiect,2021-antrenament-06-stiinte-naturii-c-subiect.pdf,bac/2021/informatica/teste-antrenament/2021-antrenament-06-stiinte-naturii-c-subiect.pdf,250524,b70df7ca3010e491fb0a0bfc9b2c6f7574d8165bc5363df3ef595525ec175487
2021,informatica,Informatica,teste-antrenament,Test de antrenament 7,barem,2021-antrenament-07-mate-info-c-barem.pdf,bac/2021/informatica/teste-antrenament/2021-antrenament-07-mate-info-c-barem.pdf,220551,645d53ea0d8958ca82a024c99225f7207f86e6f44d08f565f3f9e0baedc15a9f
2021,informatica,Informatica,teste-antrenament,Test de antrenament 7,subiect,2021-antrenament-07-mate-info-c-subiect.pdf,bac/2021/informatica/teste-antrenament/2021-antrenament-07-mate-info-c-subiect.pdf,248057,b6913c5d655a684a9e6cb2617fa2599e51b1342e64570c2ced83bbb5c9d442a1
2021,informatica,Informatica,teste-antrenament,Test de antrenament 7,barem,2021-antrenament-07-stiinte-naturii-c-barem.pdf,bac/2021/informatica/teste-antrenament/2021-antrenament-07-stiinte-naturii-c-barem.pdf,217296,76d10bf2c41dc42723a5ffd9378ec08d4ecc7c587ee6b2f45a8626bfaa41d81c
2021,informatica,Informatica,teste-antrenament,Test de antrenament 7,subiect,2021-antrenament-07-stiinte-naturii-c-subiect.pdf,bac/2021/informatica/teste-antrenament/2021-antrenament-07-stiinte-naturii-c-subiect.pdf,225668,194e1846a0e8ec0a22a834fe5b599fe128308b944e4375a2aea7f6a9140e9286
2021,informatica,Informatica,teste-antrenament,Test de antrenament 8,barem,2021-antrenament-08-mate-info-c-barem.pdf,bac/2021/informatica/teste-antrenament/2021-antrenament-08-mate-info-c-barem.pdf,197088,958904afc8dd71f0524f69367ec9eba5d8c6648d32c6f65828fa2913b60d32e8
2021,informatica,Informatica,teste-antrenament,Test de antrenament 8,subiect,2021-antrenament-08-mate-info-c-subiect.pdf,bac/2021/informatica/teste-antrenament/2021-antrenament-08-mate-info-c-subiect.pdf,235827,530790ea49eb59fea74fde6c96147cd822c4b2bff3494f7ce50b9394a4a59aba
2021,informatica,Informatica,teste-antrenament,Test de antrenament 8,barem,2021-antrenament-08-stiinte-naturii-c-barem.pdf,bac/2021/informatica/teste-antrenament/2021-antrenament-08-stiinte-naturii-c-barem.pdf,195521,b028af97201b39edee5ff95a01c2806cac44ce1f27d1313e2c94c5d017b9c3d4
2021,informatica,Informatica,teste-antrenament,Test de antrenament 8,subiect,2021-antrenament-08-stiinte-naturii-c-subiect.pdf,bac/2021/informatica/teste-antrenament/2021-antrenament-08-stiinte-naturii-c-subiect.pdf,224721,bcce00914643eecc02f3c97d3c662574c685e00473e8610ea0307e1d87fbde4c
2021,informatica,Informatica,teste-antrenament,Test de antrenament 9,barem,2021-antrenament-09-mate-info-c-barem.pdf,bac/2021/informatica/teste-antrenament/2021-antrenament-09-mate-info-c-barem.pdf,200139,15c54149f5b43b56b5e04925dbda5a7bd81fd8985d2cd0a2c2b375692ee64151
2021,informatica,Informatica,teste-antrenament,Test de antrenament 9,subiect,2021-antrenament-09-mate-info-c-subiect.pdf,bac/2021/informatica/teste-antrenament/2021-antrenament-09-mate-info-c-subiect.pdf,227836,43692ceb701a09f5d32854c39b0a3c00c784eeae448759bdbb716ebd558cb4c1
2021,informatica,Informatica,teste-antrenament,Test de antrenament 9,barem,2021-antrenament-09-stiinte-naturii-c-barem.pdf,bac/2021/informatica/teste-antrenament/2021-antrenament-09-stiinte-naturii-c-barem.pdf,197830,6d768b8c020063a80463a8c54f60958422c3b090b3ff6ba7492e8b2fd1491638
2021,informatica,Informatica,teste-antrenament,Test de antrenament 9,subiect,2021-antrenament-09-stiinte-naturii-c-subiect.pdf,bac/2021/informatica/teste-antrenament/2021-antrenament-09-stiinte-naturii-c-subiect.pdf,248952,5491e97c28a238b720a6932a40bdb1c349a0a77a89f30f6bed088f52d7651507
2021,informatica,Informatica,teste-antrenament,Test de antrenament 10,barem,2021-antrenament-10-mate-info-c-barem.pdf,bac/2021/informatica/teste-antrenament/2021-antrenament-10-mate-info-c-barem.pdf,203301,a670416bc60153cee2174cf5a092123008f62535ef996f39de8c9edf433e7015
2021,informatica,Informatica,teste-antrenament,Test de antrenament 10,subiect,2021-antrenament-10-mate-info-c-subiect.pdf,bac/2021/informatica/teste-antrenament/2021-antrenament-10-mate-info-c-subiect.pdf,276609,1d86c4a1f5c9ef5ae02119ad86d3aa2767193ce2fdced7172bf4e735e44a0fdb
2021,informatica,Informatica,teste-antrenament,Test de antrenament 10,barem,2021-antrenament-10-stiinte-naturii-c-barem.pdf,bac/2021/informatica/teste-antrenament/2021-antrenament-10-stiinte-naturii-c-barem.pdf,201778,4490d6154ee3fbac35d0fb9885be6be09a3261389b81af7c1f333a53ac215483
2021,informatica,Informatica,teste-antrenament,Test de antrenament 10,subiect,2021-antrenament-10-stiinte-naturii-c-subiect.pdf,bac/2021/informatica/teste-antrenament/2021-antrenament-10-stiinte-naturii-c-subiect.pdf,268816,12e4a53785312ebb5d260d285789176a223944f6807c36b87a74a706d0aa9823
2021,informatica,Informatica,teste-antrenament,Test de antrenament 11,barem,2021-antrenament-11-mate-info-c-barem.pdf,bac/2021/informatica/teste-antrenament/2021-antrenament-11-mate-info-c-barem.pdf,201306,48c55a2bbf7c02b0c00300e00ce4d901d472931f88517a255b910c65e06cfe87
2021,informatica,Informatica,teste-antrenament,Test de antrenament 11,subiect,2021-antrenament-11-mate-info-c-subiect.pdf,bac/2021/informatica/teste-antrenament/2021-antrenament-11-mate-info-c-subiect.pdf,256235,96c38684534bde4d2c3628c112318773db951161f13bc2521992c6c819776e64
2021,informatica,Informatica,teste-antrenament,Test de antrenament 11,barem,2021-antrenament-11-stiinte-naturii-c-barem.pdf,bac/2021/informatica/teste-antrenament/2021-antrenament-11-stiinte-naturii-c-barem.pdf,199190,48ecfd19b7bcbe27059d2c98b588deb53cd6b2065490fac1bc94feff9796072f
2021,informatica,Informatica,teste-antrenament,Test de antrenament 11,subiect,2021-antrenament-11-stiinte-naturii-c-subiect.pdf,bac/2021/informatica/teste-antrenament/2021-antrenament-11-stiinte-naturii-c-subiect.pdf,246325,48ed93ec4d504fbc23eca8f1999bb58ffd4367e00a8fcb4c02ba5045eb375c12
2021,informatica,Informatica,teste-antrenament,Test de antrenament 12,barem,2021-antrenament-12-mate-info-c-barem.pdf,bac/2021/informatica/teste-antrenament/2021-antrenament-12-mate-info-c-barem.pdf,196728,a4043f84357bc3e7da2f54d2c11a44dda3d7ba398d20dde7486585a207165467
2021,informatica,Informatica,teste-antrenament,Test de antrenament 12,subiect,2021-antrenament-12-mate-info-c-subiect.pdf,bac/2021/informatica/teste-antrenament/2021-antrenament-12-mate-info-c-subiect.pdf,230160,eb6de7525f80cf3415c878b50db3f5504b1a6df8e96aee93907235d2c1f3d826
2021,informatica,Informatica,teste-antrenament,Test de antrenament 12,barem,2021-antrenament-12-stiinte-naturii-c-barem.pdf,bac/2021/informatica/teste-antrenament/2021-antrenament-12-stiinte-naturii-c-barem.pdf,196234,421ca697f71b5bb6a4d746e0202cc2f8daea7be01de1154ca40e2575e400d765
2021,informatica,Informatica,teste-antrenament,Test de antrenament 12,subiect,2021-antrenament-12-stiinte-naturii-c-subiect.pdf,bac/2021/informatica/teste-antrenament/2021-antrenament-12-stiinte-naturii-c-subiect.pdf,222193,a49bf4ee3fffc36e88048c9ed33c12dfc0df1ffc8419ebb76db50f538dc38d2f
2021,informatica,Informatica,variante-oficiale,Varianta oficiala 1,barem,2021-varianta-01-mate-info-c-barem.pdf,bac/2021/informatica/variante-oficiale/2021-varianta-01-mate-info-c-barem.pdf,146806,c9f2884a93409703edaf5a4e5f186b56badd6f1b04d01b4ef79cf73189636108
2021,informatica,Informatica,variante-oficiale,Varianta oficiala 1,subiect,2021-varianta-01-mate-info-c-subiect.pdf,bac/2021/informatica/variante-oficiale/2021-varianta-01-mate-info-c-subiect.pdf,254351,e5cdf01c56b371d74932018dfe978d5270d98837214205da5684e04393a83175
2021,informatica,Informatica,variante-oficiale,Varianta oficiala 1,barem,2021-varianta-01-stiinte-naturii-c-barem.pdf,bac/2021/informatica/variante-oficiale/2021-varianta-01-stiinte-naturii-c-barem.pdf,134276,def81595834dc713bec91c9f8b2d4ed726ab561ac5476ab5e69b364a27181a2b
2021,informatica,Informatica,variante-oficiale,Varianta oficiala 1,subiect,2021-varianta-01-stiinte-naturii-c-subiect.pdf,bac/2021/informatica/variante-oficiale/2021-varianta-01-stiinte-naturii-c-subiect.pdf,248508,0e875aebe01acd9b2733ec40d114bc761c2279fd7136cfe307802d461012c36e
2021,informatica,Informatica,variante-oficiale,Varianta oficiala 4,barem,2021-varianta-04-mate-info-c-barem.pdf,bac/2021/informatica/variante-oficiale/2021-varianta-04-mate-info-c-barem.pdf,100119,a51cf45ad940cf350198ec290de6702507d8860d1deac8f17f390f62daab154d
2021,informatica,Informatica,variante-oficiale,Varianta oficiala 4,subiect,2021-varianta-04-mate-info-c-subiect.pdf,bac/2021/informatica/variante-oficiale/2021-varianta-04-mate-info-c-subiect.pdf,145456,23c5d1d18197b8af25c9b421c5ed1db860eb0c9ffec50af172d094c03a380f29
2021,informatica,Informatica,variante-oficiale,Varianta oficiala 4,barem,2021-varianta-04-stiinte-naturii-c-barem.pdf,bac/2021/informatica/variante-oficiale/2021-varianta-04-stiinte-naturii-c-barem.pdf,99452,648ecad0206f256170fe00830c555696c72ebd6355a9082d748d8adcac55d602
2021,informatica,Informatica,variante-oficiale,Varianta oficiala 4,subiect,2021-varianta-04-stiinte-naturii-c-subiect.pdf,bac/2021/informatica/variante-oficiale/2021-varianta-04-stiinte-naturii-c-subiect.pdf,143010,4b4eb359d8fd44665647db492703d0b867c7de9e16b3f38fd411bbf8b1ad7743
2021,informatica,Informatica,variante-oficiale,Varianta oficiala 7,barem,2021-varianta-07-mate-info-c-barem.pdf,bac/2021/informatica/variante-oficiale/2021-varianta-07-mate-info-c-barem.pdf,201625,057165b326276614270bb883b9652d650704133070742464980c117679ddd6fa
2021,informatica,Informatica,variante-oficiale,Varianta oficiala 7,subiect,2021-varianta-07-mate-info-c-subiect.pdf,bac/2021/informatica/variante-oficiale/2021-varianta-07-mate-info-c-subiect.pdf,256981,b0f51a2b18be4345b19c7bed407a07d4ae261e980302ee14119ba3a60c889173
2021,istorie,Istorie,model,Model,barem,2021-model-general-barem.pdf,bac/2021/istorie/model/2021-model-general-barem.pdf,211480,38e0ab6e9830c24e1ca56b56a07677bae1ade3ec3dca93af7baa1125eba9c381
2021,istorie,Istorie,model,Model,subiect,2021-model-general-subiect.pdf,bac/2021/istorie/model/2021-model-general-subiect.pdf,196939,22d80cbfb8f0ddc1f98a7285a8de61e5fe59be0edd65cb343ef80456d7681c80
2021,istorie,Istorie,simulare,Simulare,barem,2021-simulare-general-barem.pdf,bac/2021/istorie/simulare/2021-simulare-general-barem.pdf,209660,e1b735d8cf041bdf7c0f58c97c8305122737e6e2c482bd27eb468befdad18a64
2021,istorie,Istorie,simulare,Simulare,subiect,2021-simulare-general-subiect.pdf,bac/2021/istorie/simulare/2021-simulare-general-subiect.pdf,204360,190f90e70c7dab68703fd646a92ab84503f2fce45d5c3456da797d346dfac807
2021,istorie,Istorie,teste-antrenament,Test de antrenament 1,barem,2021-antrenament-01-general-barem.pdf,bac/2021/istorie/teste-antrenament/2021-antrenament-01-general-barem.pdf,191124,e8d619122f5f62974e1f8232e9f89766908139385f75973d1883abb8c982234f
2021,istorie,Istorie,teste-antrenament,Test de antrenament 1,subiect,2021-antrenament-01-general-subiect.pdf,bac/2021/istorie/teste-antrenament/2021-antrenament-01-general-subiect.pdf,186867,5e23c8003b1cec0a5b8a981c9068b8ab954eef3731bfbc439e03f476a49d2ff3
2021,istorie,Istorie,teste-antrenament,Test de antrenament 2,barem,2021-antrenament-02-general-barem.pdf,bac/2021/istorie/teste-antrenament/2021-antrenament-02-general-barem.pdf,195700,a34a766abdc0efe723a7c166b466d0add58506b9a345fcb4b00a95bc790550fc
2021,istorie,Istorie,teste-antrenament,Test de antrenament 2,subiect,2021-antrenament-02-general-subiect.pdf,bac/2021/istorie/teste-antrenament/2021-antrenament-02-general-subiect.pdf,188128,b013294427c0bb23d7fd8d280cc0d4fe364654cec8e6ae7fa8dc548faae7f083
2021,istorie,Istorie,teste-antrenament,Test de antrenament 3,barem,2021-antrenament-03-general-barem.pdf,bac/2021/istorie/teste-antrenament/2021-antrenament-03-general-barem.pdf,195525,3c627ef95f21c9c7621103d8a09286d937a2c2d2cefeb796f1f00792c441c7df
2021,istorie,Istorie,teste-antrenament,Test de antrenament 3,subiect,2021-antrenament-03-general-subiect.pdf,bac/2021/istorie/teste-antrenament/2021-antrenament-03-general-subiect.pdf,186935,b8f952dd4ed6184d3eb2e8f53b2e5e765ee78474a7e58ba45f218a8e623e26be
2021,istorie,Istorie,teste-antrenament,Test de antrenament 4,barem,2021-antrenament-04-general-barem.pdf,bac/2021/istorie/teste-antrenament/2021-antrenament-04-general-barem.pdf,189631,936c25a1a4836d5a3b041370df1f5e13ea1c60d2706341e66e916c0d57e17f63
2021,istorie,Istorie,teste-antrenament,Test de antrenament 4,subiect,2021-antrenament-04-general-subiect.pdf,bac/2021/istorie/teste-antrenament/2021-antrenament-04-general-subiect.pdf,183070,e24ac1bcdbfefd5d51a9609ffee6e5625350edf808a127c26065889d5933e818
2021,istorie,Istorie,teste-antrenament,Test de antrenament 5,barem,2021-antrenament-05-general-barem.pdf,bac/2021/istorie/teste-antrenament/2021-antrenament-05-general-barem.pdf,191784,5cea8bb9aae6ec19ea211d83d62fa1e9aed37a03c7710fb487d35d8f53876928
2021,istorie,Istorie,teste-antrenament,Test de antrenament 5,subiect,2021-antrenament-05-general-subiect.pdf,bac/2021/istorie/teste-antrenament/2021-antrenament-05-general-subiect.pdf,183695,85156c38d702e198ff40081f4b77952892e03155de7f96ac271545315dc49e24
2021,istorie,Istorie,teste-antrenament,Test de antrenament 6,barem,2021-antrenament-06-general-barem.pdf,bac/2021/istorie/teste-antrenament/2021-antrenament-06-general-barem.pdf,200396,48f7b38ef48b7f4e9897948be2b7899ef8276fe3dcbc5a814f6c6847076f2d70
2021,istorie,Istorie,teste-antrenament,Test de antrenament 6,subiect,2021-antrenament-06-general-subiect.pdf,bac/2021/istorie/teste-antrenament/2021-antrenament-06-general-subiect.pdf,202673,73bafa329849cddc65cda7a51d3da4887301ec90fcae0428ad5bbfb4b4842ce1
2021,istorie,Istorie,teste-antrenament,Test de antrenament 7,barem,2021-antrenament-07-general-barem.pdf,bac/2021/istorie/teste-antrenament/2021-antrenament-07-general-barem.pdf,193799,032405b1885bda23349f405348b1d8cf47441896cd556562ab4a0e582aa44911
2021,istorie,Istorie,teste-antrenament,Test de antrenament 7,subiect,2021-antrenament-07-general-subiect.pdf,bac/2021/istorie/teste-antrenament/2021-antrenament-07-general-subiect.pdf,182979,a749758c8852ce92384cb423f06b6032e1500b6edddc7002996e9248266ef5a2
2021,istorie,Istorie,teste-antrenament,Test de antrenament 8,barem,2021-antrenament-08-general-barem.pdf,bac/2021/istorie/teste-antrenament/2021-antrenament-08-general-barem.pdf,191459,6cbecc28cfaf1cc10c0323e85a73bda7cffd1f043f17c11b3a38ce090cd07ae7
2021,istorie,Istorie,teste-antrenament,Test de antrenament 8,subiect,2021-antrenament-08-general-subiect.pdf,bac/2021/istorie/teste-antrenament/2021-antrenament-08-general-subiect.pdf,190627,a07ef1c376776e3171a37762abae39f9a2ee24ebb7cc4aea587f1b0dcff774d2
2021,istorie,Istorie,teste-antrenament,Test de antrenament 9,barem,2021-antrenament-09-general-barem.pdf,bac/2021/istorie/teste-antrenament/2021-antrenament-09-general-barem.pdf,194605,9988a0d1f5ce5df1843e00b25f89a095285ab62b7bef61bfe78eb4a5c903f65a
2021,istorie,Istorie,teste-antrenament,Test de antrenament 9,subiect,2021-antrenament-09-general-subiect.pdf,bac/2021/istorie/teste-antrenament/2021-antrenament-09-general-subiect.pdf,184836,b33bea0aaef9194ad7fc7ad3f8770fc5e58a4389d0e496f76623d9b3052c928f
2021,istorie,Istorie,teste-antrenament,Test de antrenament 10,barem,2021-antrenament-10-general-barem.pdf,bac/2021/istorie/teste-antrenament/2021-antrenament-10-general-barem.pdf,194305,1a49218ec5a00bebfae569624a825acc18bea91d83d2cdcb23f949cb1567df98
2021,istorie,Istorie,teste-antrenament,Test de antrenament 10,subiect,2021-antrenament-10-general-subiect.pdf,bac/2021/istorie/teste-antrenament/2021-antrenament-10-general-subiect.pdf,185539,e52a4f24d751699d3f993b18c0a8fd7972e0ecf9326e2eb9e178aa38a21a8e1f
2021,istorie,Istorie,teste-antrenament,Test de antrenament 11,barem,2021-antrenament-11-general-barem.pdf,bac/2021/istorie/teste-antrenament/2021-antrenament-11-general-barem.pdf,198771,a7e6591e97b8a4bee570f47e7831501ae264e8643bbd983fa78ecf1ca0d66796
2021,istorie,Istorie,teste-antrenament,Test de antrenament 11,subiect,2021-antrenament-11-general-subiect.pdf,bac/2021/istorie/teste-antrenament/2021-antrenament-11-general-subiect.pdf,183271,22a40337cf4ea17a724a3a46064a1e3f071cfdba5dc98e44eacc9c377ac23fe5
2021,istorie,Istorie,teste-antrenament,Test de antrenament 12,barem,2021-antrenament-12-general-barem.pdf,bac/2021/istorie/teste-antrenament/2021-antrenament-12-general-barem.pdf,191414,8adda1f2aa33d8b7a93ac8bc93349f6afbffda9e9f58531b77da79f3b1ecb336
2021,istorie,Istorie,teste-antrenament,Test de antrenament 12,subiect,2021-antrenament-12-general-subiect.pdf,bac/2021/istorie/teste-antrenament/2021-antrenament-12-general-subiect.pdf,183916,d9886f225d32c61601c0f4c9a2348f8a98dcf33a26d93207c043f64b1f7d73f4
2021,istorie,Istorie,variante-oficiale,Varianta oficiala 2,barem,2021-varianta-02-general-barem.pdf,bac/2021/istorie/variante-oficiale/2021-varianta-02-general-barem.pdf,196676,2dc99043135f20983be6dcd31bb70545dccca2e4a85675ac31400db763a94883
2021,istorie,Istorie,variante-oficiale,Varianta oficiala 2,subiect,2021-varianta-02-general-subiect.pdf,bac/2021/istorie/variante-oficiale/2021-varianta-02-general-subiect.pdf,199634,7f5f98b5f7ac43fb163313a00584dc2f9752e1bdf786e463b9f2fc3e72910a60
2021,istorie,Istorie,variante-oficiale,Varianta oficiala 4,barem,2021-varianta-04-general-barem.pdf,bac/2021/istorie/variante-oficiale/2021-varianta-04-general-barem.pdf,104379,37cb60e88ba1730ba76942b8f0e32e878c51b1ccf969826be6ed2255d1dd6cdf
2021,istorie,Istorie,variante-oficiale,Varianta oficiala 4,subiect,2021-varianta-04-general-subiect.pdf,bac/2021/istorie/variante-oficiale/2021-varianta-04-general-subiect.pdf,105766,45e9e4aab303f3b4b7d93571161eb590e6e4d617caaaad36e0693d0559d3fe1f
2021,logica,Logica,model,Model,barem,2021-model-general-barem.pdf,bac/2021/logica/model/2021-model-general-barem.pdf,152574,c85472bf8f095918b5cf624d6a07ff8982401f837bbc187d1e94f484e461ba4c
2021,logica,Logica,model,Model,subiect,2021-model-general-subiect.pdf,bac/2021/logica/model/2021-model-general-subiect.pdf,166149,0cfd7abfd103617fa2ba0218cdf7077f5fafd38afb53b5bb0c7cd002414770aa
2021,logica,Logica,simulare,Simulare,barem,2021-simulare-general-barem.pdf,bac/2021/logica/simulare/2021-simulare-general-barem.pdf,153503,5f45fc4a59c6e930c3d36a4ef0a6ec589b092fb9a73cbd4009e44d159c50c0e9
2021,logica,Logica,simulare,Simulare,subiect,2021-simulare-general-subiect.pdf,bac/2021/logica/simulare/2021-simulare-general-subiect.pdf,168696,42d3667d89f1d8b0bbf93f3b87970683f8453500d9bca243d2d4680bd531a976
2021,logica,Logica,teste-antrenament,Test de antrenament 1,barem,2021-antrenament-01-general-barem.pdf,bac/2021/logica/teste-antrenament/2021-antrenament-01-general-barem.pdf,169787,045b22d06acbbbbb10026ead8b550f3f3bef98c8ac6f802b02501726e8185c67
2021,logica,Logica,teste-antrenament,Test de antrenament 1,subiect,2021-antrenament-01-general-subiect.pdf,bac/2021/logica/teste-antrenament/2021-antrenament-01-general-subiect.pdf,201512,ab073f0569a181cb91fa53d77d99ba0df9f05b22cdc90b7368917ec35985fd7d
2021,logica,Logica,teste-antrenament,Test de antrenament 2,barem,2021-antrenament-02-general-barem.pdf,bac/2021/logica/teste-antrenament/2021-antrenament-02-general-barem.pdf,170660,945b5859a677940c41408a07c5955af5f8d7a11604b802e22e417c1e996e98fc
2021,logica,Logica,teste-antrenament,Test de antrenament 2,subiect,2021-antrenament-02-general-subiect.pdf,bac/2021/logica/teste-antrenament/2021-antrenament-02-general-subiect.pdf,203384,9d3f66403195d98fd0a5ded05a22c804c303406918dbaddc9f631e2fd522032a
2021,logica,Logica,teste-antrenament,Test de antrenament 3,barem,2021-antrenament-03-general-barem.pdf,bac/2021/logica/teste-antrenament/2021-antrenament-03-general-barem.pdf,168748,a8ac7a74955980a0a7c7a3e53078de4578acdf6f9ea35bdcbd22b14527ad7fb9
2021,logica,Logica,teste-antrenament,Test de antrenament 3,subiect,2021-antrenament-03-general-subiect.pdf,bac/2021/logica/teste-antrenament/2021-antrenament-03-general-subiect.pdf,201459,2ce880f613f478640eea924abe6c76305dfd6d0b442fdd4b36c3ac466014efac
2021,logica,Logica,teste-antrenament,Test de antrenament 4,barem,2021-antrenament-04-general-barem.pdf,bac/2021/logica/teste-antrenament/2021-antrenament-04-general-barem.pdf,175046,7579c20c86172da2839f3df7f706be6f712ae554a9187434e0f8ffeded90052f
2021,logica,Logica,teste-antrenament,Test de antrenament 4,subiect,2021-antrenament-04-general-subiect.pdf,bac/2021/logica/teste-antrenament/2021-antrenament-04-general-subiect.pdf,204519,c15203c28119a12288c86f02be22eb1c2034dc03c27430c12e0483a68aacd1ad
2021,logica,Logica,teste-antrenament,Test de antrenament 5,barem,2021-antrenament-05-general-barem.pdf,bac/2021/logica/teste-antrenament/2021-antrenament-05-general-barem.pdf,171687,8eabf391af915344b76e6c1ac8705f9c4d40009f87cc43faf367901b7d82efec
2021,logica,Logica,teste-antrenament,Test de antrenament 5,subiect,2021-antrenament-05-general-subiect.pdf,bac/2021/logica/teste-antrenament/2021-antrenament-05-general-subiect.pdf,202020,0704e7e938556fac341d2139902bf74ca8902933d26dd49b50b2c5aed45dba4b
2021,logica,Logica,teste-antrenament,Test de antrenament 6,barem,2021-antrenament-06-general-barem.pdf,bac/2021/logica/teste-antrenament/2021-antrenament-06-general-barem.pdf,171641,594148a4ebf483adfd92250ac4935e04bd943c62045705ed4bb3dde0cccfc289
2021,logica,Logica,teste-antrenament,Test de antrenament 6,subiect,2021-antrenament-06-general-subiect.pdf,bac/2021/logica/teste-antrenament/2021-antrenament-06-general-subiect.pdf,202897,9edf892634282619596eddfadd09900cf8d708089e75d374ced0978bb16f5252
2021,logica,Logica,teste-antrenament,Test de antrenament 7,barem,2021-antrenament-07-general-barem.pdf,bac/2021/logica/teste-antrenament/2021-antrenament-07-general-barem.pdf,167782,0e8726e35548c31d5a0570a3ab7bbc300cfd5e7068c325c23f1d8419e4a0e5fa
2021,logica,Logica,teste-antrenament,Test de antrenament 7,subiect,2021-antrenament-07-general-subiect.pdf,bac/2021/logica/teste-antrenament/2021-antrenament-07-general-subiect.pdf,203057,7457328adbab12b726a6654b82a337f6869e92a2a525eaf6620ed58806c7aca0
2021,logica,Logica,teste-antrenament,Test de antrenament 8,barem,2021-antrenament-08-general-barem.pdf,bac/2021/logica/teste-antrenament/2021-antrenament-08-general-barem.pdf,172217,e913f119df7100e8d68524fcd91381214c90493f16bfaec4e71c433f9144bf2e
2021,logica,Logica,teste-antrenament,Test de antrenament 8,subiect,2021-antrenament-08-general-subiect.pdf,bac/2021/logica/teste-antrenament/2021-antrenament-08-general-subiect.pdf,203782,8108934f3fea627c62d140e2eb669697311f54c4e37dff23674e6b0cf2775091
2021,logica,Logica,teste-antrenament,Test de antrenament 9,barem,2021-antrenament-09-general-barem.pdf,bac/2021/logica/teste-antrenament/2021-antrenament-09-general-barem.pdf,169612,6b3449bc4efc8e1268d384012f6a49677fdb567b74deba39be63273acb36e70b
2021,logica,Logica,teste-antrenament,Test de antrenament 9,subiect,2021-antrenament-09-general-subiect.pdf,bac/2021/logica/teste-antrenament/2021-antrenament-09-general-subiect.pdf,201361,f303503b8a9a4ca92de6a120e892862ccb8c6970951fbdb02d2daf013146f005
2021,logica,Logica,teste-antrenament,Test de antrenament 10,barem,2021-antrenament-10-general-barem.pdf,bac/2021/logica/teste-antrenament/2021-antrenament-10-general-barem.pdf,170051,802bf4a0262cc0510481fcdca9313c697af130071d56f7a105dc56a27eb6595b
2021,logica,Logica,teste-antrenament,Test de antrenament 10,subiect,2021-antrenament-10-general-subiect.pdf,bac/2021/logica/teste-antrenament/2021-antrenament-10-general-subiect.pdf,201855,983c4b6c11038f8a18b49f149c0116144f67127f44b48c2510e3f32ad4164b5f
2021,logica,Logica,teste-antrenament,Test de antrenament 11,barem,2021-antrenament-11-general-barem.pdf,bac/2021/logica/teste-antrenament/2021-antrenament-11-general-barem.pdf,169626,78065b8c5fa39c2bc292cd952b3ad1a2b04bfe5e76b1f2649889b77c90e3390c
2021,logica,Logica,teste-antrenament,Test de antrenament 11,subiect,2021-antrenament-11-general-subiect.pdf,bac/2021/logica/teste-antrenament/2021-antrenament-11-general-subiect.pdf,199449,f56f587d2808f5906299ee513989dd724ed1a43723e202f9993532f3026c8a30
2021,logica,Logica,teste-antrenament,Test de antrenament 12,barem,2021-antrenament-12-general-barem.pdf,bac/2021/logica/teste-antrenament/2021-antrenament-12-general-barem.pdf,165109,ae095abed701cad45fc170767786425d6aebc26bf48a448ec3b24f6f7ffe100f
2021,logica,Logica,teste-antrenament,Test de antrenament 12,subiect,2021-antrenament-12-general-subiect.pdf,bac/2021/logica/teste-antrenament/2021-antrenament-12-general-subiect.pdf,202856,1ed23e58fd3a8e19573b58fbef87c799fcc37083a5bf0ede3da9c199c97eec82
2021,logica,Logica,variante-oficiale,Varianta oficiala 1,barem,2021-varianta-01-general-barem.pdf,bac/2021/logica/variante-oficiale/2021-varianta-01-general-barem.pdf,98575,f2c8e1bdb186655d90f617477af04f50b6c293186ecf01703d584371945632f9
2021,logica,Logica,variante-oficiale,Varianta oficiala 1,subiect,2021-varianta-01-general-subiect.pdf,bac/2021/logica/variante-oficiale/2021-varianta-01-general-subiect.pdf,200526,8fedfdf5e8213ee63e5320ada00adf97470f992162be30155967d0b9ffff2a3a
2021,logica,Logica,variante-oficiale,Varianta oficiala 4,barem,2021-varianta-04-general-barem.pdf,bac/2021/logica/variante-oficiale/2021-varianta-04-general-barem.pdf,77091,3b6453bcb270f74f24f0d2963445fbfc20a97a82f07d374f9c8296fa9bc87435
2021,logica,Logica,variante-oficiale,Varianta oficiala 4,subiect,2021-varianta-04-general-subiect.pdf,bac/2021/logica/variante-oficiale/2021-varianta-04-general-subiect.pdf,96846,de96010d15e0323c2be3a239a2dcd8a8f00933e344723eb0d7e9004cf53ca5c9
2021,matematica,Matematica,model,Model,barem,2021-model-mate-info-barem.pdf,bac/2021/matematica/model/2021-model-mate-info-barem.pdf,384890,3a537300144ff49da96065ad41794f6e2656508d0ccc05a82f40931d2df0cb7f
2021,matematica,Matematica,model,Model,subiect,2021-model-mate-info-subiect.pdf,bac/2021/matematica/model/2021-model-mate-info-subiect.pdf,342891,e5de7c117030cc741e0a1a8f02788598c2a32f2cc2d8d6dd4463d4e6dc4939de
2021,matematica,Matematica,model,Model,barem,2021-model-pedagogic-barem.pdf,bac/2021/matematica/model/2021-model-pedagogic-barem.pdf,297198,670c09f40a1cd691f5b860684ff595140fa0511da03aa6a75232544402a42708
2021,matematica,Matematica,model,Model,subiect,2021-model-pedagogic-subiect.pdf,bac/2021/matematica/model/2021-model-pedagogic-subiect.pdf,265229,1590957f0c80780270f33cf59f0d7d79348000e6fa960260b730b14c61ece750
2021,matematica,Matematica,model,Model,barem,2021-model-stiinte-naturii-barem.pdf,bac/2021/matematica/model/2021-model-stiinte-naturii-barem.pdf,295842,5c9e1c6957602647930037258f6e95fe827771852d0c93c3b8079d7b4ba4f109
2021,matematica,Matematica,model,Model,subiect,2021-model-stiinte-naturii-subiect.pdf,bac/2021/matematica/model/2021-model-stiinte-naturii-subiect.pdf,278549,77f60fa7c678c0fe0e6751ef71bf5240e15327a08f930716ccf7f5be6dc235e5
2021,matematica,Matematica,model,Model,barem,2021-model-tehnologic-barem.pdf,bac/2021/matematica/model/2021-model-tehnologic-barem.pdf,292922,93099a9fe3dfed04fbe5bfc672d255a7d6ff4b034a35104f0d2c4bc5a5ab2e1a
2021,matematica,Matematica,model,Model,subiect,2021-model-tehnologic-subiect.pdf,bac/2021/matematica/model/2021-model-tehnologic-subiect.pdf,283461,e7d71e925453202447312ee5cb31a322652ea9639dc5e3447391cce7921dbf85
2021,matematica,Matematica,simulare,Simulare,barem,2021-simulare-mate-info-barem.pdf,bac/2021/matematica/simulare/2021-simulare-mate-info-barem.pdf,125480,d4b2bfb1344fe7c02004d745f60a39117d82bd7c0744c4a155dd2fb28039f9a5
2021,matematica,Matematica,simulare,Simulare,subiect,2021-simulare-mate-info-subiect.pdf,bac/2021/matematica/simulare/2021-simulare-mate-info-subiect.pdf,115365,55bf0fe3252172ac584784a91f8080a8439bc5f9f7332de2816f449793417aff
2021,matematica,Matematica,simulare,Simulare,barem,2021-simulare-pedagogic-barem.pdf,bac/2021/matematica/simulare/2021-simulare-pedagogic-barem.pdf,118817,b76858ebf1fd09037bde1245c31bd1c453bfc5815fcb7f35138e8757286ce99c
2021,matematica,Matematica,simulare,Simulare,subiect,2021-simulare-pedagogic-subiect.pdf,bac/2021/matematica/simulare/2021-simulare-pedagogic-subiect.pdf,109395,25fd57cf031d1709e3326a4d8f276f10bbaf3cb51c370344e479652fdbc9772b
2021,matematica,Matematica,simulare,Simulare,barem,2021-simulare-stiinte-naturii-barem.pdf,bac/2021/matematica/simulare/2021-simulare-stiinte-naturii-barem.pdf,121307,fa88da32e9b3eadccffea89771d85ac66f49a4c5562c790c9ec7808926fa1cf2
2021,matematica,Matematica,simulare,Simulare,subiect,2021-simulare-stiinte-naturii-subiect.pdf,bac/2021/matematica/simulare/2021-simulare-stiinte-naturii-subiect.pdf,108924,184846052b3b330bd2a32e16db28f3440ba60e9d64f22876a4bc0026c1007bac
2021,matematica,Matematica,simulare,Simulare,barem,2021-simulare-tehnologic-barem.pdf,bac/2021/matematica/simulare/2021-simulare-tehnologic-barem.pdf,117049,907c869b6604e0588499a3a1e4ae0874554c79dadb86d69b8d82f779715bdd7c
2021,matematica,Matematica,simulare,Simulare,subiect,2021-simulare-tehnologic-subiect.pdf,bac/2021/matematica/simulare/2021-simulare-tehnologic-subiect.pdf,105276,d787e7899b4e87540f5101b3e75fd0d2817499e4cca9c97f4744318478ea1db7
2021,matematica,Matematica,teste-antrenament,Test de antrenament 1,barem,2021-antrenament-01-mate-info-barem.pdf,bac/2021/matematica/teste-antrenament/2021-antrenament-01-mate-info-barem.pdf,123256,fd94fc1df846d0bd8b5ff83da8829c9cc0c01ac5cdaa555e568b66b3e5433222
2021,matematica,Matematica,teste-antrenament,Test de antrenament 1,subiect,2021-antrenament-01-mate-info-subiect.pdf,bac/2021/matematica/teste-antrenament/2021-antrenament-01-mate-info-subiect.pdf,111464,51238bdde8c68b4dc52bce06c6a60e7587aea042f302ac8f3d7872c52086b301
2021,matematica,Matematica,teste-antrenament,Test de antrenament 1,barem,2021-antrenament-01-pedagogic-barem.pdf,bac/2021/matematica/teste-antrenament/2021-antrenament-01-pedagogic-barem.pdf,346918,23d7f75d60f3e5bce213283f7e313880d4e5533242e606f21bf3e59cadc94074
2021,matematica,Matematica,teste-antrenament,Test de antrenament 1,subiect,2021-antrenament-01-pedagogic-subiect.pdf,bac/2021/matematica/teste-antrenament/2021-antrenament-01-pedagogic-subiect.pdf,315327,6cbda724eb27aae1583424de8afb1be08c8fb6536130a24d271617acfba26366
2021,matematica,Matematica,teste-antrenament,Test de antrenament 1,barem,2021-antrenament-01-stiinte-naturii-barem.pdf,bac/2021/matematica/teste-antrenament/2021-antrenament-01-stiinte-naturii-barem.pdf,128162,8024bec8497d55b3e2d49bc4e9dceef4a46fabe3cedaac515679b9214e6ec490
2021,matematica,Matematica,teste-antrenament,Test de antrenament 1,subiect,2021-antrenament-01-stiinte-naturii-subiect.pdf,bac/2021/matematica/teste-antrenament/2021-antrenament-01-stiinte-naturii-subiect.pdf,121301,f5b5068d29aa4aa650a4ef2290f197e53d997963cc4da5e629fd34bab9795574
2021,matematica,Matematica,teste-antrenament,Test de antrenament 1,barem,2021-antrenament-01-tehnologic-barem.pdf,bac/2021/matematica/teste-antrenament/2021-antrenament-01-tehnologic-barem.pdf,563341,1f8f0f14e97c974ac7088dd7eb437d5dcd881d1e93f1037a633213b75d2ebbb8
2021,matematica,Matematica,teste-antrenament,Test de antrenament 1,subiect,2021-antrenament-01-tehnologic-subiect.pdf,bac/2021/matematica/teste-antrenament/2021-antrenament-01-tehnologic-subiect.pdf,326761,c8ab7fc769ac5fc3282b2d2f3d8bd6fe005d20439f45e07cf53373d079e1647b
2021,matematica,Matematica,teste-antrenament,Test de antrenament 2,barem,2021-antrenament-02-mate-info-barem.pdf,bac/2021/matematica/teste-antrenament/2021-antrenament-02-mate-info-barem.pdf,125288,4fbb9984a04ddc6934e0256a9323db5e0591e8c297d8945e6aa4d26334f37c5d
2021,matematica,Matematica,teste-antrenament,Test de antrenament 2,subiect,2021-antrenament-02-mate-info-subiect.pdf,bac/2021/matematica/teste-antrenament/2021-antrenament-02-mate-info-subiect.pdf,114412,0cb40f11065e6f2e0f43f6292e89523eeb0531aff758547f36b5a897d8a0fdbe
2021,matematica,Matematica,teste-antrenament,Test de antrenament 2,barem,2021-antrenament-02-pedagogic-barem.pdf,bac/2021/matematica/teste-antrenament/2021-antrenament-02-pedagogic-barem.pdf,111655,8db18bd723ed045d38c161506240a85ead1fde73b42c915d1175de289e713ac9
2021,matematica,Matematica,teste-antrenament,Test de antrenament 2,subiect,2021-antrenament-02-pedagogic-subiect.pdf,bac/2021/matematica/teste-antrenament/2021-antrenament-02-pedagogic-subiect.pdf,316937,c376e7441a3e49e1449082de9374678195c04b6003fc2952e3074a16e88600b0
2021,matematica,Matematica,teste-antrenament,Test de antrenament 2,barem,2021-antrenament-02-stiinte-naturii-barem.pdf,bac/2021/matematica/teste-antrenament/2021-antrenament-02-stiinte-naturii-barem.pdf,116112,61162ab8d10fbf589c68f947536e1cc995e5c5e15a20432b80b7fef41868662e
2021,matematica,Matematica,teste-antrenament,Test de antrenament 2,subiect,2021-antrenament-02-stiinte-naturii-subiect.pdf,bac/2021/matematica/teste-antrenament/2021-antrenament-02-stiinte-naturii-subiect.pdf,113215,76b5d4c1c9b30b42006d114826c005a352b56ffb3af77f92509c44c884fd37a4
2021,matematica,Matematica,teste-antrenament,Test de antrenament 2,barem,2021-antrenament-02-tehnologic-barem.pdf,bac/2021/matematica/teste-antrenament/2021-antrenament-02-tehnologic-barem.pdf,112682,702584c39a09b02d4d8b0afa4bc210fe33d860ae474b82966232d42ff97efecc
2021,matematica,Matematica,teste-antrenament,Test de antrenament 2,subiect,2021-antrenament-02-tehnologic-subiect.pdf,bac/2021/matematica/teste-antrenament/2021-antrenament-02-tehnologic-subiect.pdf,324102,293088fb320b09c0c74e7eab23847e8701ae284cabe8fdc50e4aada16a76345b
2021,matematica,Matematica,teste-antrenament,Test de antrenament 3,barem,2021-antrenament-03-mate-info-barem.pdf,bac/2021/matematica/teste-antrenament/2021-antrenament-03-mate-info-barem.pdf,127107,c0ff251fe2f005e4fc8d005cc5762f59b669fd0f450448a1e848be150e53318e
2021,matematica,Matematica,teste-antrenament,Test de antrenament 3,subiect,2021-antrenament-03-mate-info-subiect.pdf,bac/2021/matematica/teste-antrenament/2021-antrenament-03-mate-info-subiect.pdf,220472,b7af7f8cabe23779340dfcbc6fcd4a941ef80f469fad0d8f5b21b91f5b0a1f39
2021,matematica,Matematica,teste-antrenament,Test de antrenament 3,barem,2021-antrenament-03-pedagogic-barem.pdf,bac/2021/matematica/teste-antrenament/2021-antrenament-03-pedagogic-barem.pdf,130212,7f6c0571707b81f8c71ff59de71a2f914fa527663745f50137846ade8424d844
2021,matematica,Matematica,teste-antrenament,Test de antrenament 3,subiect,2021-antrenament-03-pedagogic-subiect.pdf,bac/2021/matematica/teste-antrenament/2021-antrenament-03-pedagogic-subiect.pdf,262592,f90ca46158bf00e8740cbe895ba44416a28ccf5beff6cec022b5f1dfc55d8642
2021,matematica,Matematica,teste-antrenament,Test de antrenament 3,barem,2021-antrenament-03-stiinte-naturii-barem.pdf,bac/2021/matematica/teste-antrenament/2021-antrenament-03-stiinte-naturii-barem.pdf,126569,2bfb797b3816e0f8ec8ac3078458c39f7ae36045436613dfc568dbf43c3ba139
2021,matematica,Matematica,teste-antrenament,Test de antrenament 3,subiect,2021-antrenament-03-stiinte-naturii-subiect.pdf,bac/2021/matematica/teste-antrenament/2021-antrenament-03-stiinte-naturii-subiect.pdf,108930,ef23087961317d867bd104f6e2aa206c6abc7bfb7c64cf18fad02390639be6bd
2021,matematica,Matematica,teste-antrenament,Test de antrenament 3,barem,2021-antrenament-03-tehnologic-barem.pdf,bac/2021/matematica/teste-antrenament/2021-antrenament-03-tehnologic-barem.pdf,149931,9d1091f6e98277fe791462974c83cd03b1571ad6dbccaa0d5664219d4aa10185
2021,matematica,Matematica,teste-antrenament,Test de antrenament 3,subiect,2021-antrenament-03-tehnologic-subiect.pdf,bac/2021/matematica/teste-antrenament/2021-antrenament-03-tehnologic-subiect.pdf,271309,c69f9d9b1a283d3a0a3ab23eb224489e9f84b29ab0724359099e7be0a169bd77
2021,matematica,Matematica,teste-antrenament,Test de antrenament 4,barem,2021-antrenament-04-mate-info-barem.pdf,bac/2021/matematica/teste-antrenament/2021-antrenament-04-mate-info-barem.pdf,120280,59d233b730854395716cf99af302b3353e0b4357057b726611feea1f36299f46
2021,matematica,Matematica,teste-antrenament,Test de antrenament 4,subiect,2021-antrenament-04-mate-info-subiect.pdf,bac/2021/matematica/teste-antrenament/2021-antrenament-04-mate-info-subiect.pdf,213241,96c42c818a98a6291f9e8a143882d95992aebed532c0fa0e8396775b185d5715
2021,matematica,Matematica,teste-antrenament,Test de antrenament 4,barem,2021-antrenament-04-pedagogic-barem.pdf,bac/2021/matematica/teste-antrenament/2021-antrenament-04-pedagogic-barem.pdf,127893,9f1b9235dd7b3ce81a12dbb7c5e0f5cf5c576ea75f4a8d4d6b2bffb550378d6a
2021,matematica,Matematica,teste-antrenament,Test de antrenament 4,subiect,2021-antrenament-04-pedagogic-subiect.pdf,bac/2021/matematica/teste-antrenament/2021-antrenament-04-pedagogic-subiect.pdf,268778,c7f1bda90279f8792238b757368e865e30045c6a0b31f5e6129ca4412459efc1
2021,matematica,Matematica,teste-antrenament,Test de antrenament 4,barem,2021-antrenament-04-stiinte-naturii-barem.pdf,bac/2021/matematica/teste-antrenament/2021-antrenament-04-stiinte-naturii-barem.pdf,254555,d09580b585814f55ec7b51d3de799c2f29f18db7af137e2db950943f1e1093a2
2021,matematica,Matematica,teste-antrenament,Test de antrenament 4,subiect,2021-antrenament-04-stiinte-naturii-subiect.pdf,bac/2021/matematica/teste-antrenament/2021-antrenament-04-stiinte-naturii-subiect.pdf,231602,d3bd19441d8a6719e05312846a91ba466ea6c6b5685a52ffe1944bef7519fabc
2021,matematica,Matematica,teste-antrenament,Test de antrenament 4,barem,2021-antrenament-04-tehnologic-barem.pdf,bac/2021/matematica/teste-antrenament/2021-antrenament-04-tehnologic-barem.pdf,151124,038f414bdc9153949649114a2f4afd3a8884ae34a6d70bf60898ae0c7076c21d
2021,matematica,Matematica,teste-antrenament,Test de antrenament 4,subiect,2021-antrenament-04-tehnologic-subiect.pdf,bac/2021/matematica/teste-antrenament/2021-antrenament-04-tehnologic-subiect.pdf,269768,d6546b3bf36c5e2ccdee875c872337c7ded05c1fb92fc62aa34201a5f2619cfb
2021,matematica,Matematica,teste-antrenament,Test de antrenament 5,barem,2021-antrenament-05-mate-info-barem.pdf,bac/2021/matematica/teste-antrenament/2021-antrenament-05-mate-info-barem.pdf,124381,6856f01a2a2135173a6ef43e3dec743bd6727ef19cd8483adda620a39608f730
2021,matematica,Matematica,teste-antrenament,Test de antrenament 5,subiect,2021-antrenament-05-mate-info-subiect.pdf,bac/2021/matematica/teste-antrenament/2021-antrenament-05-mate-info-subiect.pdf,115866,9f81c65f440eb96ccfd872d431ced91b8db984fdff79ae082d9263f467edd272
2021,matematica,Matematica,teste-antrenament,Test de antrenament 5,barem,2021-antrenament-05-pedagogic-barem.pdf,bac/2021/matematica/teste-antrenament/2021-antrenament-05-pedagogic-barem.pdf,118412,e9974ef52064a996bbe615b6c75325d5d42311af9e3d7711c4eddb0788835bb7
2021,matematica,Matematica,teste-antrenament,Test de antrenament 5,subiect,2021-antrenament-05-pedagogic-subiect.pdf,bac/2021/matematica/teste-antrenament/2021-antrenament-05-pedagogic-subiect.pdf,263919,46472bbd5aa7c98127ce77847add05e1ca9fce62620048c393ced1ab21572d75
2021,matematica,Matematica,teste-antrenament,Test de antrenament 5,barem,2021-antrenament-05-stiinte-naturii-barem.pdf,bac/2021/matematica/teste-antrenament/2021-antrenament-05-stiinte-naturii-barem.pdf,124576,40b679f00f11d9cfb72d36f8c400b89ee9753e32f5814f88b75550979a7e354d
2021,matematica,Matematica,teste-antrenament,Test de antrenament 5,subiect,2021-antrenament-05-stiinte-naturii-subiect.pdf,bac/2021/matematica/teste-antrenament/2021-antrenament-05-stiinte-naturii-subiect.pdf,106665,77c90b6cf28a1d379a431e8fbdf68a10600e45c364176905d574e863d9756c54
2021,matematica,Matematica,teste-antrenament,Test de antrenament 5,barem,2021-antrenament-05-tehnologic-barem.pdf,bac/2021/matematica/teste-antrenament/2021-antrenament-05-tehnologic-barem.pdf,464863,a95f4de51a04e9e6dd4c19647641f31c732462b3b1d6038115682cf817b63343
2021,matematica,Matematica,teste-antrenament,Test de antrenament 5,subiect,2021-antrenament-05-tehnologic-subiect.pdf,bac/2021/matematica/teste-antrenament/2021-antrenament-05-tehnologic-subiect.pdf,273603,95d332372abc9631b9b578a07858fc837400b3ebc4a21f5c3e0b94d8e26a3051
2021,matematica,Matematica,teste-antrenament,Test de antrenament 6,barem,2021-antrenament-06-mate-info-barem.pdf,bac/2021/matematica/teste-antrenament/2021-antrenament-06-mate-info-barem.pdf,120152,905b4476edb00e7208b4a55e50f151705f8330e6b2300f90208953c9a9b3db9c
2021,matematica,Matematica,teste-antrenament,Test de antrenament 6,subiect,2021-antrenament-06-mate-info-subiect.pdf,bac/2021/matematica/teste-antrenament/2021-antrenament-06-mate-info-subiect.pdf,109335,af8c8e355782c5e2ecdf3ffd2b070453f5a5d6794ca445e1e5a0cee9cff8ca5f
2021,matematica,Matematica,teste-antrenament,Test de antrenament 6,barem,2021-antrenament-06-pedagogic-barem.pdf,bac/2021/matematica/teste-antrenament/2021-antrenament-06-pedagogic-barem.pdf,275205,b17c72d3c964eb805279dcb742110d4573a39480043aad47b459f54339278790
2021,matematica,Matematica,teste-antrenament,Test de antrenament 6,subiect,2021-antrenament-06-pedagogic-subiect.pdf,bac/2021/matematica/teste-antrenament/2021-antrenament-06-pedagogic-subiect.pdf,267762,2026cf9b8a2b1cbfe6f61f09859d282a9beddacb820d9c4b59a950785be13104
2021,matematica,Matematica,teste-antrenament,Test de antrenament 6,barem,2021-antrenament-06-stiinte-naturii-barem.pdf,bac/2021/matematica/teste-antrenament/2021-antrenament-06-stiinte-naturii-barem.pdf,126679,5b9af2be7b495aca0fd24dc75ca88b828c5c3f4e33fac65542283aaefaeec1de
2021,matematica,Matematica,teste-antrenament,Test de antrenament 6,subiect,2021-antrenament-06-stiinte-naturii-subiect.pdf,bac/2021/matematica/teste-antrenament/2021-antrenament-06-stiinte-naturii-subiect.pdf,108659,bc283e17a67307797957b348585530d462dcc2f0f1cb59b49e0e7f4b7ffde2e3
2021,matematica,Matematica,teste-antrenament,Test de antrenament 6,barem,2021-antrenament-06-tehnologic-barem.pdf,bac/2021/matematica/teste-antrenament/2021-antrenament-06-tehnologic-barem.pdf,283994,5188bcd5f9041f56f0113088d09f4b90f2ee548efc49f9e351604c6c1c6a8f4d
2021,matematica,Matematica,teste-antrenament,Test de antrenament 6,subiect,2021-antrenament-06-tehnologic-subiect.pdf,bac/2021/matematica/teste-antrenament/2021-antrenament-06-tehnologic-subiect.pdf,279987,0a4034812fb038cf44efce0504c35e16401f785930884fc31e84f6daf1acf87c
2021,matematica,Matematica,teste-antrenament,Test de antrenament 7,barem,2021-antrenament-07-mate-info-barem.pdf,bac/2021/matematica/teste-antrenament/2021-antrenament-07-mate-info-barem.pdf,125353,99f406d1f223ffc1a44af1f392db2d59740ac4ced0aa4c391a915a2e945460f8
2021,matematica,Matematica,teste-antrenament,Test de antrenament 7,subiect,2021-antrenament-07-mate-info-subiect.pdf,bac/2021/matematica/teste-antrenament/2021-antrenament-07-mate-info-subiect.pdf,116048,7bde9373adf1134d88a2748efa30dc1047a3c07d5026b645d9916b746cc1aabb
2021,matematica,Matematica,teste-antrenament,Test de antrenament 7,barem,2021-antrenament-07-pedagogic-barem.pdf,bac/2021/matematica/teste-antrenament/2021-antrenament-07-pedagogic-barem.pdf,272394,f46ad4ab949c15f71bb836620cc072dec33157cda94193c22c34cc40dc000fe3
2021,matematica,Matematica,teste-antrenament,Test de antrenament 7,subiect,2021-antrenament-07-pedagogic-subiect.pdf,bac/2021/matematica/teste-antrenament/2021-antrenament-07-pedagogic-subiect.pdf,264220,57849db2755b5218d2a05e2b68a1b4f48bacf63a3b803c0ccb1341051df88e27
2021,matematica,Matematica,teste-antrenament,Test de antrenament 7,barem,2021-antrenament-07-stiinte-naturii-barem.pdf,bac/2021/matematica/teste-antrenament/2021-antrenament-07-stiinte-naturii-barem.pdf,121505,9471248bea92d37f31df29945df8de49ca4e3d41a55137e658701d83fd29729a
2021,matematica,Matematica,teste-antrenament,Test de antrenament 7,subiect,2021-antrenament-07-stiinte-naturii-subiect.pdf,bac/2021/matematica/teste-antrenament/2021-antrenament-07-stiinte-naturii-subiect.pdf,229634,9a889bdf35ca02b47dbcf2bd5168d4bd5231800ebb662b60a1bd060aef6ddaab
2021,matematica,Matematica,teste-antrenament,Test de antrenament 7,barem,2021-antrenament-07-tehnologic-barem.pdf,bac/2021/matematica/teste-antrenament/2021-antrenament-07-tehnologic-barem.pdf,282288,78a991c8c3a2bdc68f7ab1c8d6618a5472359b4e053f4619c2c247fd9bf82c72
2021,matematica,Matematica,teste-antrenament,Test de antrenament 7,subiect,2021-antrenament-07-tehnologic-subiect.pdf,bac/2021/matematica/teste-antrenament/2021-antrenament-07-tehnologic-subiect.pdf,270785,c0efe92c1276411f5d85504ce45799344092505cce6fb9e6b74b6eb78d082d25
2021,matematica,Matematica,teste-antrenament,Test de antrenament 8,barem,2021-antrenament-08-mate-info-barem.pdf,bac/2021/matematica/teste-antrenament/2021-antrenament-08-mate-info-barem.pdf,122216,b51e75f62f16c5c8603b82ff6d5ebbfbf65ab7be7cbc2708a35a12c26d19490f
2021,matematica,Matematica,teste-antrenament,Test de antrenament 8,subiect,2021-antrenament-08-mate-info-subiect.pdf,bac/2021/matematica/teste-antrenament/2021-antrenament-08-mate-info-subiect.pdf,111541,a26c27b4a11247182a77f209cb750fc66d5e94941e7ee920a2e00b15d41c3da4
2021,matematica,Matematica,teste-antrenament,Test de antrenament 8,barem,2021-antrenament-08-pedagogic-barem.pdf,bac/2021/matematica/teste-antrenament/2021-antrenament-08-pedagogic-barem.pdf,274527,a70336a05608a43c9fd6ae3044480384f3c1dce93d608d3fe7beda5915dc8cbb
2021,matematica,Matematica,teste-antrenament,Test de antrenament 8,subiect,2021-antrenament-08-pedagogic-subiect.pdf,bac/2021/matematica/teste-antrenament/2021-antrenament-08-pedagogic-subiect.pdf,271015,3f467398515d2a095aca2ecffe39b20fcc67ccfd829fbd7572fe40a70fc04bfa
2021,matematica,Matematica,teste-antrenament,Test de antrenament 8,barem,2021-antrenament-08-stiinte-naturii-barem.pdf,bac/2021/matematica/teste-antrenament/2021-antrenament-08-stiinte-naturii-barem.pdf,120372,bd51085d54227f080e1f4be31f41a9fbf74cb9333b6e79d5aea1a6242909d3a3
2021,matematica,Matematica,teste-antrenament,Test de antrenament 8,subiect,2021-antrenament-08-stiinte-naturii-subiect.pdf,bac/2021/matematica/teste-antrenament/2021-antrenament-08-stiinte-naturii-subiect.pdf,115226,74a610e25638f87e71448ede333be45d99da0e8b5e714bf6719e531ec7052333
2021,matematica,Matematica,teste-antrenament,Test de antrenament 8,barem,2021-antrenament-08-tehnologic-barem.pdf,bac/2021/matematica/teste-antrenament/2021-antrenament-08-tehnologic-barem.pdf,283286,f6dd073df8d62b38d27f1fcb43107c47212a67b4cd160e284bb020dcf7b62dfe
2021,matematica,Matematica,teste-antrenament,Test de antrenament 8,subiect,2021-antrenament-08-tehnologic-subiect.pdf,bac/2021/matematica/teste-antrenament/2021-antrenament-08-tehnologic-subiect.pdf,278077,7d32c39562c274494b01dfc3359597ebf84cb8e4859a2580c7d25270ae622931
2021,matematica,Matematica,teste-antrenament,Test de antrenament 9,barem,2021-antrenament-09-mate-info-barem.pdf,bac/2021/matematica/teste-antrenament/2021-antrenament-09-mate-info-barem.pdf,262985,0a63e25fe64113000937b230b7395fe7e92cc8d240bce5b6192b9207b1555577
2021,matematica,Matematica,teste-antrenament,Test de antrenament 9,subiect,2021-antrenament-09-mate-info-subiect.pdf,bac/2021/matematica/teste-antrenament/2021-antrenament-09-mate-info-subiect.pdf,225189,5304d8f95b9527317054bfe8fb6802892a2a94b17c42eccb522cd828ba03508e
2021,matematica,Matematica,teste-antrenament,Test de antrenament 9,barem,2021-antrenament-09-pedagogic-barem.pdf,bac/2021/matematica/teste-antrenament/2021-antrenament-09-pedagogic-barem.pdf,272495,e3f91654d750b1b028a207d2d22e824cc8504f4a9cd8b4e5041e4e4819ce562b
2021,matematica,Matematica,teste-antrenament,Test de antrenament 9,subiect,2021-antrenament-09-pedagogic-subiect.pdf,bac/2021/matematica/teste-antrenament/2021-antrenament-09-pedagogic-subiect.pdf,268371,a4f49f6b8de0a3d22cecc5d6a581a084396e173cc710987a08d71353b6ea9a7b
2021,matematica,Matematica,teste-antrenament,Test de antrenament 9,barem,2021-antrenament-09-stiinte-naturii-barem.pdf,bac/2021/matematica/teste-antrenament/2021-antrenament-09-stiinte-naturii-barem.pdf,243703,9c8f8f801c8fc69f30b0e12d85df79e9ecdf103e5cc4f149a6c8fde5048f88b6
2021,matematica,Matematica,teste-antrenament,Test de antrenament 9,subiect,2021-antrenament-09-stiinte-naturii-subiect.pdf,bac/2021/matematica/teste-antrenament/2021-antrenament-09-stiinte-naturii-subiect.pdf,213837,454ce22e87bfd70f0cd26f7dd116afb936700c659ecf441610aedd7678fc1b02
2021,matematica,Matematica,teste-antrenament,Test de antrenament 9,barem,2021-antrenament-09-tehnologic-barem.pdf,bac/2021/matematica/teste-antrenament/2021-antrenament-09-tehnologic-barem.pdf,284437,ec986b9c6df8b7ccadf0727f289fdcb04920cd6766283d413d563326630ddafe
2021,matematica,Matematica,teste-antrenament,Test de antrenament 9,subiect,2021-antrenament-09-tehnologic-subiect.pdf,bac/2021/matematica/teste-antrenament/2021-antrenament-09-tehnologic-subiect.pdf,278075,0eea4294f1531ff19c6b8b4c84a3b8f792682ce4c4ed1516c29200baae48119d
2021,matematica,Matematica,teste-antrenament,Test de antrenament 10,barem,2021-antrenament-10-mate-info-barem.pdf,bac/2021/matematica/teste-antrenament/2021-antrenament-10-mate-info-barem.pdf,128653,dfa840ecd39f5f53f2e169f31d6ec296723276b3f19b249adf7e2c1d2e35512f
2021,matematica,Matematica,teste-antrenament,Test de antrenament 10,subiect,2021-antrenament-10-mate-info-subiect.pdf,bac/2021/matematica/teste-antrenament/2021-antrenament-10-mate-info-subiect.pdf,117962,4352bfd6f455693a17471e06c1c20486613cfb5ad9beeb134ccef4adda08b221
2021,matematica,Matematica,teste-antrenament,Test de antrenament 10,barem,2021-antrenament-10-pedagogic-barem.pdf,bac/2021/matematica/teste-antrenament/2021-antrenament-10-pedagogic-barem.pdf,119215,73c2991df9ae130ac477f7a1bfc837a6942f9ffa93d22c8c18698234e46740a8
2021,matematica,Matematica,teste-antrenament,Test de antrenament 10,subiect,2021-antrenament-10-pedagogic-subiect.pdf,bac/2021/matematica/teste-antrenament/2021-antrenament-10-pedagogic-subiect.pdf,265821,ac63b65f45f1cab728a181397c7dfd4a2ce4bc98536b2fe283fb61f9df8b7d39
2021,matematica,Matematica,teste-antrenament,Test de antrenament 10,barem,2021-antrenament-10-stiinte-naturii-barem.pdf,bac/2021/matematica/teste-antrenament/2021-antrenament-10-stiinte-naturii-barem.pdf,122815,6918a4a7719199062ed9103e91dcdbcb55cb1055975e9dfb93842a2cf5b7c051
2021,matematica,Matematica,teste-antrenament,Test de antrenament 10,subiect,2021-antrenament-10-stiinte-naturii-subiect.pdf,bac/2021/matematica/teste-antrenament/2021-antrenament-10-stiinte-naturii-subiect.pdf,109105,38d39b251b5ebc3194a62569a47475da41a38765d17014d9b11fb7836d22b780
2021,matematica,Matematica,teste-antrenament,Test de antrenament 10,barem,2021-antrenament-10-tehnologic-barem.pdf,bac/2021/matematica/teste-antrenament/2021-antrenament-10-tehnologic-barem.pdf,120639,2b074ff9985705db939cb568c6de7d02c012751b40d953637380f2d4e7914838
2021,matematica,Matematica,teste-antrenament,Test de antrenament 10,subiect,2021-antrenament-10-tehnologic-subiect.pdf,bac/2021/matematica/teste-antrenament/2021-antrenament-10-tehnologic-subiect.pdf,272040,4ee6f25eb07f5e9ac88c1da9da860f76c1b382cc33b14d058954b172788e5a7a
2021,matematica,Matematica,teste-antrenament,Test de antrenament 11,barem,2021-antrenament-11-mate-info-barem.pdf,bac/2021/matematica/teste-antrenament/2021-antrenament-11-mate-info-barem.pdf,243779,90ebf8435832ec5ed4115ccea996286c93823e186f3283b14a2fcfd0585913f4
2021,matematica,Matematica,teste-antrenament,Test de antrenament 11,subiect,2021-antrenament-11-mate-info-subiect.pdf,bac/2021/matematica/teste-antrenament/2021-antrenament-11-mate-info-subiect.pdf,224244,b0f3bb32f0797e607f59bb12510952d7b68433adf9862c280bad7ca566065553
2021,matematica,Matematica,teste-antrenament,Test de antrenament 11,barem,2021-antrenament-11-pedagogic-barem.pdf,bac/2021/matematica/teste-antrenament/2021-antrenament-11-pedagogic-barem.pdf,120642,4a3f2673ff60c8fbb1831a4d256e5d19909737513a26127a372c70e57a293fb9
2021,matematica,Matematica,teste-antrenament,Test de antrenament 11,subiect,2021-antrenament-11-pedagogic-subiect.pdf,bac/2021/matematica/teste-antrenament/2021-antrenament-11-pedagogic-subiect.pdf,113628,ef4694686b61eb27d07c04a1d53d72ee47df7c344337b968f07fbb309d26dfcc
2021,matematica,Matematica,teste-antrenament,Test de antrenament 11,barem,2021-antrenament-11-stiinte-naturii-barem.pdf,bac/2021/matematica/teste-antrenament/2021-antrenament-11-stiinte-naturii-barem.pdf,240448,34fbef30fc5f656b95ebcf78709b622fbd6b4afbb95f52506cba5b205d2d4641
2021,matematica,Matematica,teste-antrenament,Test de antrenament 11,subiect,2021-antrenament-11-stiinte-naturii-subiect.pdf,bac/2021/matematica/teste-antrenament/2021-antrenament-11-stiinte-naturii-subiect.pdf,214786,c21642a5815027dc17a136281b754a0afe3ce767083fb2bd351ac4807e782bca
2021,matematica,Matematica,teste-antrenament,Test de antrenament 11,barem,2021-antrenament-11-tehnologic-barem.pdf,bac/2021/matematica/teste-antrenament/2021-antrenament-11-tehnologic-barem.pdf,120901,70b391ede8b4f4cca8b378439439f6a900b66f19f809fb1c67a42049ab5e37bd
2021,matematica,Matematica,teste-antrenament,Test de antrenament 11,subiect,2021-antrenament-11-tehnologic-subiect.pdf,bac/2021/matematica/teste-antrenament/2021-antrenament-11-tehnologic-subiect.pdf,110092,5234c5cd28c1ccbbd452ed7e3849500898e9b3be4749e616af7570870a8b0f95
2021,matematica,Matematica,teste-antrenament,Test de antrenament 12,barem,2021-antrenament-12-mate-info-barem.pdf,bac/2021/matematica/teste-antrenament/2021-antrenament-12-mate-info-barem.pdf,125419,d779523773d6bd0a3db47c0965f8d58ec919bb28e9b5a3a4a07b8d5eb3138c14
2021,matematica,Matematica,teste-antrenament,Test de antrenament 12,subiect,2021-antrenament-12-mate-info-subiect.pdf,bac/2021/matematica/teste-antrenament/2021-antrenament-12-mate-info-subiect.pdf,116036,3bafbff55b40dff593cceebe9a700210cc4370e512359b53f71015aeba6c1760
2021,matematica,Matematica,teste-antrenament,Test de antrenament 12,barem,2021-antrenament-12-pedagogic-barem.pdf,bac/2021/matematica/teste-antrenament/2021-antrenament-12-pedagogic-barem.pdf,121741,54345f672b53f879f92fee6a706ba7a115ada0375dfe3eb1a7546b609822c116
2021,matematica,Matematica,teste-antrenament,Test de antrenament 12,subiect,2021-antrenament-12-pedagogic-subiect.pdf,bac/2021/matematica/teste-antrenament/2021-antrenament-12-pedagogic-subiect.pdf,265181,af05e7e2725b875a2b7854a86f8d3d08bb36f8599b86f9f34aa971bfae6d50b8
2021,matematica,Matematica,teste-antrenament,Test de antrenament 12,barem,2021-antrenament-12-stiinte-naturii-barem.pdf,bac/2021/matematica/teste-antrenament/2021-antrenament-12-stiinte-naturii-barem.pdf,121207,06e683fc61e3664fe68778acbc84e78708b29f9145eed7b7efa42354ef49b70d
2021,matematica,Matematica,teste-antrenament,Test de antrenament 12,subiect,2021-antrenament-12-stiinte-naturii-subiect.pdf,bac/2021/matematica/teste-antrenament/2021-antrenament-12-stiinte-naturii-subiect.pdf,107084,4102c41fc92b47522ad46f1786d05497cfbe3bdc4289e3329179a68243c9d051
2021,matematica,Matematica,teste-antrenament,Test de antrenament 12,barem,2021-antrenament-12-tehnologic-barem.pdf,bac/2021/matematica/teste-antrenament/2021-antrenament-12-tehnologic-barem.pdf,120347,0d8eb7bde2f2cdcc2aee99959ff87f42dd525d9addcdef9024ed15dfa010d78a
2021,matematica,Matematica,teste-antrenament,Test de antrenament 12,subiect,2021-antrenament-12-tehnologic-subiect.pdf,bac/2021/matematica/teste-antrenament/2021-antrenament-12-tehnologic-subiect.pdf,271729,020ee3337d0634b76177ed095d9adf94f352bbde5a9b3dba79f22370aad7636a
2021,matematica,Matematica,variante-oficiale,Varianta oficiala 1,barem,2021-varianta-01-stiinte-naturii-barem.pdf,bac/2021/matematica/variante-oficiale/2021-varianta-01-stiinte-naturii-barem.pdf,160762,27bc0ecef1e051a092a1eb902071f958aedddc30c8e4f10f1e0de3d0fac32c3f
2021,matematica,Matematica,variante-oficiale,Varianta oficiala 1,subiect,2021-varianta-01-stiinte-naturii-subiect.pdf,bac/2021/matematica/variante-oficiale/2021-varianta-01-stiinte-naturii-subiect.pdf,119124,8a1cf10062c3b69faf06f8ff1408cc7e112dbeddd533e90c654cf86b2dae5288
2021,matematica,Matematica,variante-oficiale,Varianta oficiala 1,barem,2021-varianta-01-tehnologic-barem.pdf,bac/2021/matematica/variante-oficiale/2021-varianta-01-tehnologic-barem.pdf,143409,e9f88f36c225ede740d3e8200123cb2b89cdab375b3ec8cfb8aa48f7b6b7ccb0
2021,matematica,Matematica,variante-oficiale,Varianta oficiala 1,subiect,2021-varianta-01-tehnologic-subiect.pdf,bac/2021/matematica/variante-oficiale/2021-varianta-01-tehnologic-subiect.pdf,108070,1b32c6052054dbe858946fb067c6e7610dffbfc0fc8c73fcc5ae2ddf6ba670f0
2021,matematica,Matematica,variante-oficiale,Varianta oficiala 2,barem,2021-varianta-02-mate-info-barem.pdf,bac/2021/matematica/variante-oficiale/2021-varianta-02-mate-info-barem.pdf,158053,7a529f7c1df030a975adfd25cb51b6603c887b5e3ef7d2441bbc20a88bc733ed
2021,matematica,Matematica,variante-oficiale,Varianta oficiala 2,subiect,2021-varianta-02-mate-info-subiect.pdf,bac/2021/matematica/variante-oficiale/2021-varianta-02-mate-info-subiect.pdf,126776,2642146beedcf40ccb780a430474d3e93fa819467bdb52ebd9f7e7928bf7268c
2021,matematica,Matematica,variante-oficiale,Varianta oficiala 2,barem,2021-varianta-02-pedagogic-barem.pdf,bac/2021/matematica/variante-oficiale/2021-varianta-02-pedagogic-barem.pdf,145324,f602f1aaabb88ed9ce3f056b002093237b7c35f5e060b4a649f70e2c56018d30
2021,matematica,Matematica,variante-oficiale,Varianta oficiala 2,subiect,2021-varianta-02-pedagogic-subiect.pdf,bac/2021/matematica/variante-oficiale/2021-varianta-02-pedagogic-subiect.pdf,112918,d848b8e7047f6bf52362920e4d6904c66f5a7a68be40cc759c611b2b6182b84f
2021,matematica,Matematica,variante-oficiale,Varianta oficiala 2,barem,2021-varianta-02-stiinte-naturii-barem.pdf,bac/2021/matematica/variante-oficiale/2021-varianta-02-stiinte-naturii-barem.pdf,166693,5902b449b4fd6c212371df9085ff03624a001d615db52543324c0debca227101
2021,matematica,Matematica,variante-oficiale,Varianta oficiala 2,subiect,2021-varianta-02-stiinte-naturii-subiect.pdf,bac/2021/matematica/variante-oficiale/2021-varianta-02-stiinte-naturii-subiect.pdf,118236,757949dec069783a092947fabc0e02bdbef8ed6fdca1928bd15c4d465c81a7e7
2021,matematica,Matematica,variante-oficiale,Varianta oficiala 2,barem,2021-varianta-02-tehnologic-barem.pdf,bac/2021/matematica/variante-oficiale/2021-varianta-02-tehnologic-barem.pdf,139764,afeeb4a5cdb1acdb338e4ceaab60f5bba4adc8cf02981f568c60ebc4b2db5c80
2021,matematica,Matematica,variante-oficiale,Varianta oficiala 2,subiect,2021-varianta-02-tehnologic-subiect.pdf,bac/2021/matematica/variante-oficiale/2021-varianta-02-tehnologic-subiect.pdf,108688,5cb950c7741ba25f658b8f72c7f1669df08796c41cb2fafd6ed9102aab3892bf
2021,matematica,Matematica,variante-oficiale,Varianta oficiala 4,barem,2021-varianta-04-mate-info-barem.pdf,bac/2021/matematica/variante-oficiale/2021-varianta-04-mate-info-barem.pdf,118220,aa2f34f0fb8e56491bc59d8f4b377217b551082f20fe11596f5312d54299eeb2
2021,matematica,Matematica,variante-oficiale,Varianta oficiala 4,subiect,2021-varianta-04-mate-info-subiect.pdf,bac/2021/matematica/variante-oficiale/2021-varianta-04-mate-info-subiect.pdf,110412,ac4dbdf4497c68c05fad4952a7596984ce31feb812ae29528da8b156509a0490
2021,matematica,Matematica,variante-oficiale,Varianta oficiala 4,barem,2021-varianta-04-pedagogic-barem.pdf,bac/2021/matematica/variante-oficiale/2021-varianta-04-pedagogic-barem.pdf,110731,92b441f9ae9272332c7c503b30367dca135fa0f7da204bc33e1f4226525edaef
2021,matematica,Matematica,variante-oficiale,Varianta oficiala 4,subiect,2021-varianta-04-pedagogic-subiect.pdf,bac/2021/matematica/variante-oficiale/2021-varianta-04-pedagogic-subiect.pdf,103776,c314971a39f9e131f8def8d76e66b73459f797c9b23db42656e7cc4a15d181aa
2021,matematica,Matematica,variante-oficiale,Varianta oficiala 4,barem,2021-varianta-04-stiinte-naturii-barem.pdf,bac/2021/matematica/variante-oficiale/2021-varianta-04-stiinte-naturii-barem.pdf,115537,2bef5d9d8dd51a851d7858637c047256fb473e312d56eb787f1323db701816e4
2021,matematica,Matematica,variante-oficiale,Varianta oficiala 4,subiect,2021-varianta-04-stiinte-naturii-subiect.pdf,bac/2021/matematica/variante-oficiale/2021-varianta-04-stiinte-naturii-subiect.pdf,105026,98d1903a04867ecba16348183fd670b563f35fd3a32ee3dd369bc9bfd8a57ae7
2021,matematica,Matematica,variante-oficiale,Varianta oficiala 4,barem,2021-varianta-04-tehnologic-barem.pdf,bac/2021/matematica/variante-oficiale/2021-varianta-04-tehnologic-barem.pdf,114582,0ff6d535ebebd526d32c44901a7d535b20b73b586194f221daa760b0c2b1cd13
2021,matematica,Matematica,variante-oficiale,Varianta oficiala 4,subiect,2021-varianta-04-tehnologic-subiect.pdf,bac/2021/matematica/variante-oficiale/2021-varianta-04-tehnologic-subiect.pdf,105407,c38661f7498388811c25ad8a12c28e772a3281a9bb99fdabe1a4738cb750dedb
2021,matematica,Matematica,variante-oficiale,Varianta oficiala 7,barem,2021-varianta-07-mate-info-barem.pdf,bac/2021/matematica/variante-oficiale/2021-varianta-07-mate-info-barem.pdf,175035,a2a6fb84c96dddc2eaddb5215462411690b9768d032cfa98c34213829bb1d822
2021,matematica,Matematica,variante-oficiale,Varianta oficiala 7,subiect,2021-varianta-07-mate-info-subiect.pdf,bac/2021/matematica/variante-oficiale/2021-varianta-07-mate-info-subiect.pdf,123923,f2b95bc9ad95bd5224fe9b1fa8c5547673be08afd8812ce0f33f4d535909012a
2021,psihologie,Psihologie,model,Model,barem,2021-model-general-barem.pdf,bac/2021/psihologie/model/2021-model-general-barem.pdf,168092,8abed603064f7b45d1ca136cc1ba86f198135c79b2e8935cc62e29d61300ad29
2021,psihologie,Psihologie,model,Model,subiect,2021-model-general-subiect.pdf,bac/2021/psihologie/model/2021-model-general-subiect.pdf,210854,adc30f123802876a701757d2d8977eef75c5d0924c5098373c5a5e0d44c38908
2021,psihologie,Psihologie,simulare,Simulare,barem,2021-simulare-general-barem.pdf,bac/2021/psihologie/simulare/2021-simulare-general-barem.pdf,179791,29f961a4f846c90dcf39f50e94f605072b1f8e7c40ed1ba14b64b41033d7a6d3
2021,psihologie,Psihologie,simulare,Simulare,subiect,2021-simulare-general-subiect.pdf,bac/2021/psihologie/simulare/2021-simulare-general-subiect.pdf,210066,a54058c513f88ad34a7fcb41b1619f36228d97f64aef0b84582dbfb470aa0162
2021,psihologie,Psihologie,teste-antrenament,Test de antrenament 1,barem,2021-antrenament-01-general-barem.pdf,bac/2021/psihologie/teste-antrenament/2021-antrenament-01-general-barem.pdf,167620,265588fa6e6f0ff04510747585a3f0719d4c8985c050fc2672576976649b6646
2021,psihologie,Psihologie,teste-antrenament,Test de antrenament 1,subiect,2021-antrenament-01-general-subiect.pdf,bac/2021/psihologie/teste-antrenament/2021-antrenament-01-general-subiect.pdf,193924,4b2ca9de8e18a0460149b72a667aafbc1813e05c35a32e9a9299736815c08c12
2021,psihologie,Psihologie,teste-antrenament,Test de antrenament 2,barem,2021-antrenament-02-general-barem.pdf,bac/2021/psihologie/teste-antrenament/2021-antrenament-02-general-barem.pdf,168186,f2d0b92f3174c549aa35aad9514547a2bdcaffdd7b214d63f4a929532cb4d537
2021,psihologie,Psihologie,teste-antrenament,Test de antrenament 2,subiect,2021-antrenament-02-general-subiect.pdf,bac/2021/psihologie/teste-antrenament/2021-antrenament-02-general-subiect.pdf,198259,f9be6553b30d79d13507085f6a42845d9e137efcd49c5febef4e184f13603c98
2021,psihologie,Psihologie,teste-antrenament,Test de antrenament 3,barem,2021-antrenament-03-general-barem.pdf,bac/2021/psihologie/teste-antrenament/2021-antrenament-03-general-barem.pdf,166250,9edfa24779d0d23e260ce400df0b062bb07b8a9b8dd46b29a6586530e662cc09
2021,psihologie,Psihologie,teste-antrenament,Test de antrenament 3,subiect,2021-antrenament-03-general-subiect.pdf,bac/2021/psihologie/teste-antrenament/2021-antrenament-03-general-subiect.pdf,201962,9d8379ed532e0fef05f80d3bb7b6ae8643cc166e4f132940dd3e57eb05408211
2021,psihologie,Psihologie,teste-antrenament,Test de antrenament 4,barem,2021-antrenament-04-general-barem.pdf,bac/2021/psihologie/teste-antrenament/2021-antrenament-04-general-barem.pdf,171240,ebb25a9227ac8b553f17804737ffd7bc84e551fbe43bb388925e7aacabe2aaeb
2021,psihologie,Psihologie,teste-antrenament,Test de antrenament 4,subiect,2021-antrenament-04-general-subiect.pdf,bac/2021/psihologie/teste-antrenament/2021-antrenament-04-general-subiect.pdf,200167,fc7bf6e3f04003fd330939c0cecb8eb4dc4f6f9ef7bec014aacc23e42d3ec93c
2021,psihologie,Psihologie,teste-antrenament,Test de antrenament 5,barem,2021-antrenament-05-general-barem.pdf,bac/2021/psihologie/teste-antrenament/2021-antrenament-05-general-barem.pdf,168337,a75a06155599ba038c28bcc0f83e4f13dd0a801f0fa02143a87c7e8a3ad7455a
2021,psihologie,Psihologie,teste-antrenament,Test de antrenament 5,subiect,2021-antrenament-05-general-subiect.pdf,bac/2021/psihologie/teste-antrenament/2021-antrenament-05-general-subiect.pdf,210683,84bf0c2aae876e611c81377afe70ebdce77b5e79687b40b6e5bcfa3557418547
2021,psihologie,Psihologie,teste-antrenament,Test de antrenament 6,barem,2021-antrenament-06-general-barem.pdf,bac/2021/psihologie/teste-antrenament/2021-antrenament-06-general-barem.pdf,166649,35c0b596c2c08a6b6a052578330bd7638ac870432b34ddf1d3f429cd89140f4b
2021,psihologie,Psihologie,teste-antrenament,Test de antrenament 6,subiect,2021-antrenament-06-general-subiect.pdf,bac/2021/psihologie/teste-antrenament/2021-antrenament-06-general-subiect.pdf,201283,b9447ef61b91a127df334e633f56472a65f9cc9e13caa529a9415eae653d1d86
2021,psihologie,Psihologie,teste-antrenament,Test de antrenament 7,barem,2021-antrenament-07-general-barem.pdf,bac/2021/psihologie/teste-antrenament/2021-antrenament-07-general-barem.pdf,170376,f778187bcfc1fdf9516d81142d9d2f62736578f89493c32db7b88563f63753c8
2021,psihologie,Psihologie,teste-antrenament,Test de antrenament 7,subiect,2021-antrenament-07-general-subiect.pdf,bac/2021/psihologie/teste-antrenament/2021-antrenament-07-general-subiect.pdf,200804,44f13181da7d87d290b9449f118598e882016558f3d7bba913168c7b8a1feeea
2021,psihologie,Psihologie,teste-antrenament,Test de antrenament 8,barem,2021-antrenament-08-general-barem.pdf,bac/2021/psihologie/teste-antrenament/2021-antrenament-08-general-barem.pdf,168088,a82fa5edd5dd5ab07158434c07c21ca22d4feb12861620b03b80d4eb9a94c2cc
2021,psihologie,Psihologie,teste-antrenament,Test de antrenament 8,subiect,2021-antrenament-08-general-subiect.pdf,bac/2021/psihologie/teste-antrenament/2021-antrenament-08-general-subiect.pdf,200154,4f03e3099803e2156311b6ce210c34baa0aa0d8ade0cab525a06e61b100fb179
2021,psihologie,Psihologie,teste-antrenament,Test de antrenament 9,barem,2021-antrenament-09-general-barem.pdf,bac/2021/psihologie/teste-antrenament/2021-antrenament-09-general-barem.pdf,173486,18d0e88bff139a12bda16696b1198216292d4f2e9153d4a4b9ce79932ee4563d
2021,psihologie,Psihologie,teste-antrenament,Test de antrenament 9,subiect,2021-antrenament-09-general-subiect.pdf,bac/2021/psihologie/teste-antrenament/2021-antrenament-09-general-subiect.pdf,208750,c4d2f346675f83925a4bbd9a27bb0d0eae43cbf57c404c2bd908131cf43bcc24
2021,psihologie,Psihologie,teste-antrenament,Test de antrenament 10,barem,2021-antrenament-10-general-barem.pdf,bac/2021/psihologie/teste-antrenament/2021-antrenament-10-general-barem.pdf,167707,aab089815a2f229b0182d2e08ca1ba1f955ee2a7141da7e700ead99c5ba181aa
2021,psihologie,Psihologie,teste-antrenament,Test de antrenament 10,subiect,2021-antrenament-10-general-subiect.pdf,bac/2021/psihologie/teste-antrenament/2021-antrenament-10-general-subiect.pdf,204983,42ce894123df62596d35a6720cc5d05ac6b752add1475ab50e0a917818cf88d1
2021,psihologie,Psihologie,teste-antrenament,Test de antrenament 11,barem,2021-antrenament-11-general-barem.pdf,bac/2021/psihologie/teste-antrenament/2021-antrenament-11-general-barem.pdf,171054,7ce8959f17989e19cb1f40e1519c22d33f81af1a27b5e6c68cad4ee5ab3993e2
2021,psihologie,Psihologie,teste-antrenament,Test de antrenament 11,subiect,2021-antrenament-11-general-subiect.pdf,bac/2021/psihologie/teste-antrenament/2021-antrenament-11-general-subiect.pdf,196799,7165d249754ea505c2299da085d5b52485eb9b7772473ff29e926f446c088406
2021,psihologie,Psihologie,teste-antrenament,Test de antrenament 12,barem,2021-antrenament-12-general-barem.pdf,bac/2021/psihologie/teste-antrenament/2021-antrenament-12-general-barem.pdf,179489,43ec38923a603138b2d96786ed27a99e5e1407bf26c0cc941b4828eaed4199af
2021,psihologie,Psihologie,teste-antrenament,Test de antrenament 12,subiect,2021-antrenament-12-general-subiect.pdf,bac/2021/psihologie/teste-antrenament/2021-antrenament-12-general-subiect.pdf,210093,fc1d6312328d9e55dd3bde3458dc6e8df05d0c10b01f471cbb01744041a83375
2021,psihologie,Psihologie,variante-oficiale,Varianta oficiala 1,barem,2021-varianta-01-general-barem.pdf,bac/2021/psihologie/variante-oficiale/2021-varianta-01-general-barem.pdf,67311,7006cb622c30a846adab68005c4f4c23a9b991eec9eb72e4db260485fa4cf318
2021,psihologie,Psihologie,variante-oficiale,Varianta oficiala 1,subiect,2021-varianta-01-general-subiect.pdf,bac/2021/psihologie/variante-oficiale/2021-varianta-01-general-subiect.pdf,214294,b787dd2c9db6c12b49bbd78a85b9225427d44c6a0f99b2f398e402056507e1d6
2021,psihologie,Psihologie,variante-oficiale,Varianta oficiala 4,barem,2021-varianta-04-general-barem.pdf,bac/2021/psihologie/variante-oficiale/2021-varianta-04-general-barem.pdf,82556,9ae24c17ec32ba6d6a9c3602e82dba73d4f5d586eef33ce9d3f01d3da67e0e70
2021,psihologie,Psihologie,variante-oficiale,Varianta oficiala 4,subiect,2021-varianta-04-general-subiect.pdf,bac/2021/psihologie/variante-oficiale/2021-varianta-04-general-subiect.pdf,98873,f44c89806e3aa3de476bcb618a8d7b1376b339a37f7253319632a7b1ceb9ccef
2021,romana,Limba romana,model,Model,barem,2021-model-real-tehnologic-barem.pdf,bac/2021/romana/model/2021-model-real-tehnologic-barem.pdf,242745,0b7a977724796452e9cc2e101b62eead540a144275d5ce12458bd6aa1f87d601
2021,romana,Limba romana,model,Model,subiect,2021-model-real-tehnologic-subiect.pdf,bac/2021/romana/model/2021-model-real-tehnologic-subiect.pdf,323419,9c8cf175d90b5d122ae157f00ed8e65fa18747cdb138c99b5d5f219b4f35290a
2021,romana,Limba romana,model,Model,barem,2021-model-uman-pedagogic-barem.pdf,bac/2021/romana/model/2021-model-uman-pedagogic-barem.pdf,241382,25533bc74689db609276cf02c91dd908c80b72318e0cbd8cefbf93129b639525
2021,romana,Limba romana,model,Model,subiect,2021-model-uman-pedagogic-subiect.pdf,bac/2021/romana/model/2021-model-uman-pedagogic-subiect.pdf,321877,939f6790a761d0c11c5e80702417017e262bac930d0cceefe6322adb631d4323
2021,romana,Limba romana,simulare,Simulare,barem,2021-simulare-real-tehnologic-barem.pdf,bac/2021/romana/simulare/2021-simulare-real-tehnologic-barem.pdf,241038,b36c36b8225046004326e10291810444107f028a4a1bae85c4ae131d27079cd2
2021,romana,Limba romana,simulare,Simulare,subiect,2021-simulare-real-tehnologic-subiect.pdf,bac/2021/romana/simulare/2021-simulare-real-tehnologic-subiect.pdf,189343,197f88be1247ec3d0516022a8d77d626143b4e6488e5b99e3b70d11b8c273cc2
2021,romana,Limba romana,simulare,Simulare,barem,2021-simulare-uman-pedagogic-barem.pdf,bac/2021/romana/simulare/2021-simulare-uman-pedagogic-barem.pdf,239514,9292fc1101c9b3e48eacabd79b4d04c9a008ab14c8fb9310a9f53f97c83643af
2021,romana,Limba romana,simulare,Simulare,subiect,2021-simulare-uman-pedagogic-subiect.pdf,bac/2021/romana/simulare/2021-simulare-uman-pedagogic-subiect.pdf,188666,239e99c235d42787c77fb27326108138d343e77cd76b16f6f63603845c186992
2021,romana,Limba romana,teste-antrenament,Test de antrenament 1,barem,2021-antrenament-01-real-tehnologic-barem.pdf,bac/2021/romana/teste-antrenament/2021-antrenament-01-real-tehnologic-barem.pdf,233714,41f4c27c2a1bc0c5c2020381eff0f2e0795932b3e3573fa67c97a6375466283a
2021,romana,Limba romana,teste-antrenament,Test de antrenament 1,subiect,2021-antrenament-01-real-tehnologic-subiect.pdf,bac/2021/romana/teste-antrenament/2021-antrenament-01-real-tehnologic-subiect.pdf,235748,b08902ff1143d48d4f396bd1893ae40c8138012fa6bc92be0e971667ec462785
2021,romana,Limba romana,teste-antrenament,Test de antrenament 1,barem,2021-antrenament-01-uman-pedagogic-barem.pdf,bac/2021/romana/teste-antrenament/2021-antrenament-01-uman-pedagogic-barem.pdf,232409,b32e3c5300881ba04a1089fb69988788e15f4f5cc8af19dd4b256d80fb498245
2021,romana,Limba romana,teste-antrenament,Test de antrenament 1,subiect,2021-antrenament-01-uman-pedagogic-subiect.pdf,bac/2021/romana/teste-antrenament/2021-antrenament-01-uman-pedagogic-subiect.pdf,234927,d52eff09c60c36d2979750769dc280c7d6b36dd6e799fc42d87294c828c6f2b4
2021,romana,Limba romana,teste-antrenament,Test de antrenament 2,barem,2021-antrenament-02-real-tehnologic-barem.pdf,bac/2021/romana/teste-antrenament/2021-antrenament-02-real-tehnologic-barem.pdf,233734,a74e14158c16647c0098c256eae3ce598b2d9053562e6db528a76c7dcb787bb6
2021,romana,Limba romana,teste-antrenament,Test de antrenament 2,subiect,2021-antrenament-02-real-tehnologic-subiect.pdf,bac/2021/romana/teste-antrenament/2021-antrenament-02-real-tehnologic-subiect.pdf,311643,34fde80e9a049d08a11b70e3515a2d3ae850a15bb6f060da43af1c742d5e224c
2021,romana,Limba romana,teste-antrenament,Test de antrenament 2,barem,2021-antrenament-02-uman-pedagogic-barem.pdf,bac/2021/romana/teste-antrenament/2021-antrenament-02-uman-pedagogic-barem.pdf,230454,b536a5cf2b3e270db322bc2d22998b0ecdde84fd96fb0ca6335e89e43b7514fd
2021,romana,Limba romana,teste-antrenament,Test de antrenament 2,subiect,2021-antrenament-02-uman-pedagogic-subiect.pdf,bac/2021/romana/teste-antrenament/2021-antrenament-02-uman-pedagogic-subiect.pdf,207652,73db0f2085df47d0f224eb9a7d86940c4a5ac85b849875f482428753c6f61a7c
2021,romana,Limba romana,teste-antrenament,Test de antrenament 3,barem,2021-antrenament-03-real-tehnologic-barem.pdf,bac/2021/romana/teste-antrenament/2021-antrenament-03-real-tehnologic-barem.pdf,182509,8988171351197089d4618409824ac3c7aa7214254eab127e431f651691e6f77b
2021,romana,Limba romana,teste-antrenament,Test de antrenament 3,subiect,2021-antrenament-03-real-tehnologic-subiect.pdf,bac/2021/romana/teste-antrenament/2021-antrenament-03-real-tehnologic-subiect.pdf,184388,b0f2fdd4ff2a6ce8cdc5812554d137e44c1a50c69ca64887922dffbf225efeab
2021,romana,Limba romana,teste-antrenament,Test de antrenament 3,barem,2021-antrenament-03-uman-pedagogic-barem.pdf,bac/2021/romana/teste-antrenament/2021-antrenament-03-uman-pedagogic-barem.pdf,180823,eba02e1487de33fb0f823e3d97cfee0fce22de078f398a3589fa3992fced3271
2021,romana,Limba romana,teste-antrenament,Test de antrenament 3,subiect,2021-antrenament-03-uman-pedagogic-subiect.pdf,bac/2021/romana/teste-antrenament/2021-antrenament-03-uman-pedagogic-subiect.pdf,184119,ff1fd67ab9548554caa4e4dddfcd293241c8585cecacb5dc952f7f88a6b701fc
2021,romana,Limba romana,teste-antrenament,Test de antrenament 4,barem,2021-antrenament-04-real-tehnologic-barem.pdf,bac/2021/romana/teste-antrenament/2021-antrenament-04-real-tehnologic-barem.pdf,184156,66ebcc9974fb9bfe3d3e636a537bdd88f8cbaca096c0010436c8bcccb838a4b1
2021,romana,Limba romana,teste-antrenament,Test de antrenament 4,subiect,2021-antrenament-04-real-tehnologic-subiect.pdf,bac/2021/romana/teste-antrenament/2021-antrenament-04-real-tehnologic-subiect.pdf,315569,7728db696afdae68ceb25a70a96429dfa1d60cfab9202cc5ec5cfe07657cd884
2021,romana,Limba romana,teste-antrenament,Test de antrenament 4,barem,2021-antrenament-04-uman-pedagogic-barem.pdf,bac/2021/romana/teste-antrenament/2021-antrenament-04-uman-pedagogic-barem.pdf,182607,8a2227c42530578fbf5f8b4cfc87ab6671e1781ad4c64608b431750b24280ee6
2021,romana,Limba romana,teste-antrenament,Test de antrenament 4,subiect,2021-antrenament-04-uman-pedagogic-subiect.pdf,bac/2021/romana/teste-antrenament/2021-antrenament-04-uman-pedagogic-subiect.pdf,234721,8bed30d00b7c9ea4fb460b82f0e4e1e4b404a73736e9cb29f725315ff0b1f876
2021,romana,Limba romana,teste-antrenament,Test de antrenament 5,barem,2021-antrenament-05-real-tehnologic-barem.pdf,bac/2021/romana/teste-antrenament/2021-antrenament-05-real-tehnologic-barem.pdf,183589,5a8e77dd31d9d941ae301608a9777e3b0668c1eb369fd11112d8d60c42a5d069
2021,romana,Limba romana,teste-antrenament,Test de antrenament 5,subiect,2021-antrenament-05-real-tehnologic-subiect.pdf,bac/2021/romana/teste-antrenament/2021-antrenament-05-real-tehnologic-subiect.pdf,187584,1fe4134e24234ba62d2f0a587060ec4f9d5101b3376f7fa8e44d117e33fe9eae
2021,romana,Limba romana,teste-antrenament,Test de antrenament 5,barem,2021-antrenament-05-uman-pedagogic-barem.pdf,bac/2021/romana/teste-antrenament/2021-antrenament-05-uman-pedagogic-barem.pdf,181815,79b24f2cd6c793d2069f8f0d55e2c7b9b1c9e7396b184982cf7a365092afc409
2021,romana,Limba romana,teste-antrenament,Test de antrenament 5,subiect,2021-antrenament-05-uman-pedagogic-subiect.pdf,bac/2021/romana/teste-antrenament/2021-antrenament-05-uman-pedagogic-subiect.pdf,187313,b9c1174cef448656024236c0f4afa31bf3c689a76b1ea97cde1b2b01279f231d
2021,romana,Limba romana,teste-antrenament,Test de antrenament 6,barem,2021-antrenament-06-real-tehnologic-barem.pdf,bac/2021/romana/teste-antrenament/2021-antrenament-06-real-tehnologic-barem.pdf,243307,7741da268f224cadc365c9d2b6b88f42da7d57655d5c51cfdf313616ea842de0
2021,romana,Limba romana,teste-antrenament,Test de antrenament 6,subiect,2021-antrenament-06-real-tehnologic-subiect.pdf,bac/2021/romana/teste-antrenament/2021-antrenament-06-real-tehnologic-subiect.pdf,246620,61efc29a99c804bb67a01ffb9889255596cade56d264e27847a391c9ba9a67cc
2021,romana,Limba romana,teste-antrenament,Test de antrenament 6,barem,2021-antrenament-06-uman-pedagogic-barem.pdf,bac/2021/romana/teste-antrenament/2021-antrenament-06-uman-pedagogic-barem.pdf,241511,6458497bb1c6a4a3441a1fc17d445bb7e72a04383aaac62606ac1687cd9f3a7d
2021,romana,Limba romana,teste-antrenament,Test de antrenament 6,subiect,2021-antrenament-06-uman-pedagogic-subiect.pdf,bac/2021/romana/teste-antrenament/2021-antrenament-06-uman-pedagogic-subiect.pdf,244333,8ecec959669ef885c70b14019a5e8d7424e891f69130e9fcb2f35ecc849a187c
2021,romana,Limba romana,teste-antrenament,Test de antrenament 7,barem,2021-antrenament-07-real-tehnologic-barem.pdf,bac/2021/romana/teste-antrenament/2021-antrenament-07-real-tehnologic-barem.pdf,240289,aa8b80fb7370e634afaf3b93d9ffe0270628460e991bd9dc032c70f2474caa51
2021,romana,Limba romana,teste-antrenament,Test de antrenament 7,subiect,2021-antrenament-07-real-tehnologic-subiect.pdf,bac/2021/romana/teste-antrenament/2021-antrenament-07-real-tehnologic-subiect.pdf,244672,fd178f4c9ed09ac6802c2fdf294a5902c148cf1c28d1b4172596ce30161af501
2021,romana,Limba romana,teste-antrenament,Test de antrenament 7,barem,2021-antrenament-07-uman-pedagogic-barem.pdf,bac/2021/romana/teste-antrenament/2021-antrenament-07-uman-pedagogic-barem.pdf,239288,e1e527d7265f3ad08a8a3a12c0c62c8e2a926842182daf1928939cd823e2ab80
2021,romana,Limba romana,teste-antrenament,Test de antrenament 7,subiect,2021-antrenament-07-uman-pedagogic-subiect.pdf,bac/2021/romana/teste-antrenament/2021-antrenament-07-uman-pedagogic-subiect.pdf,243709,bf04fc1e9949a903da464edff5bd9b54e59d468f493137bb19cf2fa6c7bc5135
2021,romana,Limba romana,teste-antrenament,Test de antrenament 8,barem,2021-antrenament-08-real-tehnologic-barem.pdf,bac/2021/romana/teste-antrenament/2021-antrenament-08-real-tehnologic-barem.pdf,185153,01608a010eb0a3664c377ecbed95e241cecfcee6e555badbf0f19af11f9d3274
2021,romana,Limba romana,teste-antrenament,Test de antrenament 8,subiect,2021-antrenament-08-real-tehnologic-subiect.pdf,bac/2021/romana/teste-antrenament/2021-antrenament-08-real-tehnologic-subiect.pdf,190131,e1c50dcf0316a031863f2aefc933bfe0b2db3963a700ba8a5d3be3aa22b750e6
2021,romana,Limba romana,teste-antrenament,Test de antrenament 8,barem,2021-antrenament-08-uman-pedagogic-barem.pdf,bac/2021/romana/teste-antrenament/2021-antrenament-08-uman-pedagogic-barem.pdf,183244,02c732a55d7c2d9aa7a7acbbc02db1de1910a4190d7b877b43fbc618289cbfd8
2021,romana,Limba romana,teste-antrenament,Test de antrenament 8,subiect,2021-antrenament-08-uman-pedagogic-subiect.pdf,bac/2021/romana/teste-antrenament/2021-antrenament-08-uman-pedagogic-subiect.pdf,190112,c7fd3174ffee41d799ecb1c8beaa808d8bd3062e7c1d9a51bb0cd5e7933d15c6
2021,romana,Limba romana,teste-antrenament,Test de antrenament 9,barem,2021-antrenament-09-real-tehnologic-barem.pdf,bac/2021/romana/teste-antrenament/2021-antrenament-09-real-tehnologic-barem.pdf,186264,4c1180484522f154299ee241a82aadeb20ad0a40678dafe7dbc9b24f47e54931
2021,romana,Limba romana,teste-antrenament,Test de antrenament 9,subiect,2021-antrenament-09-real-tehnologic-subiect.pdf,bac/2021/romana/teste-antrenament/2021-antrenament-09-real-tehnologic-subiect.pdf,206297,5b926144196374e93410fee8535ceda8ad21aa91431b52870a5dac998e2388d7
2021,romana,Limba romana,teste-antrenament,Test de antrenament 9,barem,2021-antrenament-09-uman-pedagogic-barem.pdf,bac/2021/romana/teste-antrenament/2021-antrenament-09-uman-pedagogic-barem.pdf,184480,3398ebf55bc062ae996a2e4707a10752a72493fe843ad3689d8e5e4ac6b05744
2021,romana,Limba romana,teste-antrenament,Test de antrenament 9,subiect,2021-antrenament-09-uman-pedagogic-subiect.pdf,bac/2021/romana/teste-antrenament/2021-antrenament-09-uman-pedagogic-subiect.pdf,186901,b8ef98f8b8f44dff1d5b822c8da7378d33e13043d2f9dd660cb02d70354f11af
2021,romana,Limba romana,teste-antrenament,Test de antrenament 10,barem,2021-antrenament-10-real-tehnologic-barem.pdf,bac/2021/romana/teste-antrenament/2021-antrenament-10-real-tehnologic-barem.pdf,183207,763773a2e64c46840cc0dc574531dffdbbd03da83b806d824bb1a361ba216388
2021,romana,Limba romana,teste-antrenament,Test de antrenament 10,subiect,2021-antrenament-10-real-tehnologic-subiect.pdf,bac/2021/romana/teste-antrenament/2021-antrenament-10-real-tehnologic-subiect.pdf,183985,aa766b9e2d2046b504a50f222f6932fa6b2ea4df2e7baf5de1912b78bc92e882
2021,romana,Limba romana,teste-antrenament,Test de antrenament 10,barem,2021-antrenament-10-uman-pedagogic-barem.pdf,bac/2021/romana/teste-antrenament/2021-antrenament-10-uman-pedagogic-barem.pdf,182982,f2e078754bcc794766ebd9cd9456987d3ce4eda9308e2f58da3f32feaa328282
2021,romana,Limba romana,teste-antrenament,Test de antrenament 10,subiect,2021-antrenament-10-uman-pedagogic-subiect.pdf,bac/2021/romana/teste-antrenament/2021-antrenament-10-uman-pedagogic-subiect.pdf,184014,218412084e06f0efc93269aceeb45a46ac038d11b2f43087120dbc59b8e3f1a7
2021,romana,Limba romana,teste-antrenament,Test de antrenament 11,barem,2021-antrenament-11-real-tehnologic-barem.pdf,bac/2021/romana/teste-antrenament/2021-antrenament-11-real-tehnologic-barem.pdf,184831,4d2574bc37b6fde301ec9a2001c279770d96f8f46bd36271d2aeb1664feed365
2021,romana,Limba romana,teste-antrenament,Test de antrenament 11,subiect,2021-antrenament-11-real-tehnologic-subiect.pdf,bac/2021/romana/teste-antrenament/2021-antrenament-11-real-tehnologic-subiect.pdf,190806,37d7afdfbdbe6e9b45026f5a4680844fc8ab18bf076b3dc5bd52d4ad7b2fb1d3
2021,romana,Limba romana,teste-antrenament,Test de antrenament 11,barem,2021-antrenament-11-uman-pedagogic-barem.pdf,bac/2021/romana/teste-antrenament/2021-antrenament-11-uman-pedagogic-barem.pdf,183346,cd763713f6b826011c50dcd6bc916516c6a9868aecaee3cf303f9a9b8988eb9c
2021,romana,Limba romana,teste-antrenament,Test de antrenament 11,subiect,2021-antrenament-11-uman-pedagogic-subiect.pdf,bac/2021/romana/teste-antrenament/2021-antrenament-11-uman-pedagogic-subiect.pdf,190665,c88306a24aa907e0e3bcbf511cd66ba6cf8e3cb951466d16a852ab308053c001
2021,romana,Limba romana,teste-antrenament,Test de antrenament 12,barem,2021-antrenament-12-real-tehnologic-barem.pdf,bac/2021/romana/teste-antrenament/2021-antrenament-12-real-tehnologic-barem.pdf,185086,a2cb04af5aad20c5b473b95086966887dfd34e52b4a5e0c3624d08374080e87e
2021,romana,Limba romana,teste-antrenament,Test de antrenament 12,subiect,2021-antrenament-12-real-tehnologic-subiect.pdf,bac/2021/romana/teste-antrenament/2021-antrenament-12-real-tehnologic-subiect.pdf,184845,470ceb5532c9cac705eea16a02b469a72007e64dbba2ee549baaffdbb796ac90
2021,romana,Limba romana,teste-antrenament,Test de antrenament 12,barem,2021-antrenament-12-uman-pedagogic-barem.pdf,bac/2021/romana/teste-antrenament/2021-antrenament-12-uman-pedagogic-barem.pdf,183391,b4f2a307f2123fa8ac4b57ef72668ddd01d5d4c800c3d11baa4e0ed8257ae077
2021,romana,Limba romana,teste-antrenament,Test de antrenament 12,subiect,2021-antrenament-12-uman-pedagogic-subiect.pdf,bac/2021/romana/teste-antrenament/2021-antrenament-12-uman-pedagogic-subiect.pdf,203762,04483594f88988f8c6cc84b73d91b51441ba9747556e600eda377377cc8fa4be
2021,romana,Limba romana,variante-oficiale,Varianta oficiala 1,barem,2021-varianta-01-real-tehnologic-barem.pdf,bac/2021/romana/variante-oficiale/2021-varianta-01-real-tehnologic-barem.pdf,184239,b836728a9ce2b6d3c599051c04f755c3c2a5730cb824afbdfaea114252a29532
2021,romana,Limba romana,variante-oficiale,Varianta oficiala 1,subiect,2021-varianta-01-real-tehnologic-subiect.pdf,bac/2021/romana/variante-oficiale/2021-varianta-01-real-tehnologic-subiect.pdf,185383,2f6e90e60e6e5387682b5b16f8a5bbaecc0db86d9e010aba9db208905f1895a3
2021,romana,Limba romana,variante-oficiale,Varianta oficiala 4,barem,2021-varianta-04-real-tehnologic-barem.pdf,bac/2021/romana/variante-oficiale/2021-varianta-04-real-tehnologic-barem.pdf,186012,07a9e1c2179659577d2ae086ea211f372c38e4d87c1f16a0cb71dbd2b3050d54
2021,romana,Limba romana,variante-oficiale,Varianta oficiala 4,subiect,2021-varianta-04-real-tehnologic-subiect.pdf,bac/2021/romana/variante-oficiale/2021-varianta-04-real-tehnologic-subiect.pdf,186259,7b6e1d0c05a9e63c9d893977136c0aa6beb6c48c45ec0201d62e1279d77a149d
2021,romana,Limba romana,variante-oficiale,Varianta oficiala 4,barem,2021-varianta-04-uman-pedagogic-barem.pdf,bac/2021/romana/variante-oficiale/2021-varianta-04-uman-pedagogic-barem.pdf,184208,0a2e1adbdbd8e88226d111dffd65c01d90fad8f93fda2630a0365a08a0f7231e
2021,romana,Limba romana,variante-oficiale,Varianta oficiala 4,subiect,2021-varianta-04-uman-pedagogic-subiect.pdf,bac/2021/romana/variante-oficiale/2021-varianta-04-uman-pedagogic-subiect.pdf,204873,95b0dd1a6ab469d78fb0feb412e40402164e32af63dbaaadf0f032872876c099
2021,romana,Limba romana,variante-oficiale,Varianta oficiala 5,barem,2021-varianta-05-real-tehnologic-barem.pdf,bac/2021/romana/variante-oficiale/2021-varianta-05-real-tehnologic-barem.pdf,99055,ff7d440fe2f41827f04475a96d27979068c53740396fe0a2fc015c5abae2ebc5
2021,romana,Limba romana,variante-oficiale,Varianta oficiala 5,subiect,2021-varianta-05-real-tehnologic-subiect.pdf,bac/2021/romana/variante-oficiale/2021-varianta-05-real-tehnologic-subiect.pdf,193145,964007ffee924f6c70cc422c8ef00987cab1087caad1e77e56a174d2f9fb578e
2021,romana,Limba romana,variante-oficiale,Varianta oficiala 5,barem,2021-varianta-05-uman-pedagogic-barem.pdf,bac/2021/romana/variante-oficiale/2021-varianta-05-uman-pedagogic-barem.pdf,98611,dcaefd7bf1534c90ed20107b8de439ac56a5b39eba00a34a94d8407991572b06
2021,romana,Limba romana,variante-oficiale,Varianta oficiala 5,subiect,2021-varianta-05-uman-pedagogic-subiect.pdf,bac/2021/romana/variante-oficiale/2021-varianta-05-uman-pedagogic-subiect.pdf,193169,23ce593ee28d788a823e912ea016ebd8d710e0b6080af5cea927f7d17fe34209
2021,romana,Limba romana,variante-oficiale,Varianta oficiala 6,barem,2021-varianta-06-real-tehnologic-barem.pdf,bac/2021/romana/variante-oficiale/2021-varianta-06-real-tehnologic-barem.pdf,99383,3eef9d499cf8fa46289c74db878c8f6f890cd2abd07ed0e6b0fd9464aa3321d9
2021,romana,Limba romana,variante-oficiale,Varianta oficiala 6,subiect,2021-varianta-06-real-tehnologic-subiect.pdf,bac/2021/romana/variante-oficiale/2021-varianta-06-real-tehnologic-subiect.pdf,100059,805774a4998b18c1415212cb33be10a8364e125b80896e58d53c21f68210e276
2021,romana,Limba romana,variante-oficiale,Varianta oficiala 7,barem,2021-varianta-07-real-tehnologic-barem.pdf,bac/2021/romana/variante-oficiale/2021-varianta-07-real-tehnologic-barem.pdf,183839,c221bafee7b4b0de9196adaa1b49f111dd622ed5feadc42278c91747850c82a0
2021,romana,Limba romana,variante-oficiale,Varianta oficiala 7,subiect,2021-varianta-07-real-tehnologic-subiect.pdf,bac/2021/romana/variante-oficiale/2021-varianta-07-real-tehnologic-subiect.pdf,184681,1cb702da53101077fd5bb63cccb2bc81aadb7f83a49bd89671aff27fc24a650c
2021,sociologie,Sociologie,model,Model,barem,2021-model-general-barem.pdf,bac/2021/sociologie/model/2021-model-general-barem.pdf,148890,f32c6b909869caeb41adf549d0916feab1f5a54b200ac31587f51366271a2f09
2021,sociologie,Sociologie,model,Model,subiect,2021-model-general-subiect.pdf,bac/2021/sociologie/model/2021-model-general-subiect.pdf,163521,f02eb48673c8de4a459306d86b504cb43bdf7020dae7545ba12bf5d1a727721c
2021,sociologie,Sociologie,simulare,Simulare,barem,2021-simulare-general-barem.pdf,bac/2021/sociologie/simulare/2021-simulare-general-barem.pdf,145836,0ef9a4a314a36225043c132fc60c4617f8590691fb92110ac01b4542bd932768
2021,sociologie,Sociologie,simulare,Simulare,subiect,2021-simulare-general-subiect.pdf,bac/2021/sociologie/simulare/2021-simulare-general-subiect.pdf,172228,c07dfe29ce4d2492afee9a6f375242a3698dcca9f2faf2526ebd53139b865444
2021,sociologie,Sociologie,teste-antrenament,Test de antrenament 1,barem,2021-antrenament-01-general-barem.pdf,bac/2021/sociologie/teste-antrenament/2021-antrenament-01-general-barem.pdf,173306,166f71ccc14b57ac1d5ef5c3660251458267db50b03aeeaddd0b4362822dacfa
2021,sociologie,Sociologie,teste-antrenament,Test de antrenament 1,subiect,2021-antrenament-01-general-subiect.pdf,bac/2021/sociologie/teste-antrenament/2021-antrenament-01-general-subiect.pdf,188234,6293d9eb1fe48eea5caa15a7c641b47b3eca804f1ac47f4a824187e29ce82f7d
2021,sociologie,Sociologie,teste-antrenament,Test de antrenament 2,barem,2021-antrenament-02-general-barem.pdf,bac/2021/sociologie/teste-antrenament/2021-antrenament-02-general-barem.pdf,172527,658fc2eb46cc020f547e66ec141f84c27f6354c0346668478dc85adc98fe51d5
2021,sociologie,Sociologie,teste-antrenament,Test de antrenament 2,subiect,2021-antrenament-02-general-subiect.pdf,bac/2021/sociologie/teste-antrenament/2021-antrenament-02-general-subiect.pdf,188162,bec5abc77d2ac39077275e0cfb679a6ce80b5a012f93eb2b5b8fee6fd71bf24f
2021,sociologie,Sociologie,teste-antrenament,Test de antrenament 3,barem,2021-antrenament-03-general-barem.pdf,bac/2021/sociologie/teste-antrenament/2021-antrenament-03-general-barem.pdf,163301,26bd3d76d2c5e2025045ca290bc27198741c8ad9cf4195d823f63186ba2e6808
2021,sociologie,Sociologie,teste-antrenament,Test de antrenament 3,subiect,2021-antrenament-03-general-subiect.pdf,bac/2021/sociologie/teste-antrenament/2021-antrenament-03-general-subiect.pdf,189409,8813717303ee28d90c6c0f0084d18ca56060f870e128a37eef9c60e01c196308
2021,sociologie,Sociologie,teste-antrenament,Test de antrenament 4,barem,2021-antrenament-04-general-barem.pdf,bac/2021/sociologie/teste-antrenament/2021-antrenament-04-general-barem.pdf,146088,cb3c4e2b2e5097c300e2e396735c0b92d95c652b5b4b97b91a1b09cfd1d3e264
2021,sociologie,Sociologie,teste-antrenament,Test de antrenament 4,subiect,2021-antrenament-04-general-subiect.pdf,bac/2021/sociologie/teste-antrenament/2021-antrenament-04-general-subiect.pdf,187018,a7f35f30f183a46ee226263b0f053f663ea63669d17355a323b8229e3897a523
2021,sociologie,Sociologie,teste-antrenament,Test de antrenament 5,barem,2021-antrenament-05-general-barem.pdf,bac/2021/sociologie/teste-antrenament/2021-antrenament-05-general-barem.pdf,174801,7f08986ce116af0f303fab90edf7d4493dc04c68b3de79a05909191e490ef323
2021,sociologie,Sociologie,teste-antrenament,Test de antrenament 5,subiect,2021-antrenament-05-general-subiect.pdf,bac/2021/sociologie/teste-antrenament/2021-antrenament-05-general-subiect.pdf,197490,0154e379a4e63120bcbea81d7ff4a0a13570d7230fee311aac214f15a7146a60
2021,sociologie,Sociologie,teste-antrenament,Test de antrenament 6,barem,2021-antrenament-06-general-barem.pdf,bac/2021/sociologie/teste-antrenament/2021-antrenament-06-general-barem.pdf,161551,664fabd3c2200f73428def502c6c25c62af048eaf833bf99f1a4fa0552f88835
2021,sociologie,Sociologie,teste-antrenament,Test de antrenament 6,subiect,2021-antrenament-06-general-subiect.pdf,bac/2021/sociologie/teste-antrenament/2021-antrenament-06-general-subiect.pdf,191121,7050b64792916dd9f6986ec0c639217aae6548b32c764967c214d36f4261321a
2021,sociologie,Sociologie,teste-antrenament,Test de antrenament 7,barem,2021-antrenament-07-general-barem.pdf,bac/2021/sociologie/teste-antrenament/2021-antrenament-07-general-barem.pdf,174959,9f011f16f11ebf33dcfd3a2fe6bd69e52b5d79583260b25d529773700c4d22eb
2021,sociologie,Sociologie,teste-antrenament,Test de antrenament 7,subiect,2021-antrenament-07-general-subiect.pdf,bac/2021/sociologie/teste-antrenament/2021-antrenament-07-general-subiect.pdf,188451,7484bf5f9f9eb87a3dcfb38a4c9f7f7524adab3c05a56fd9b26781ed46db75f7
2021,sociologie,Sociologie,teste-antrenament,Test de antrenament 8,barem,2021-antrenament-08-general-barem.pdf,bac/2021/sociologie/teste-antrenament/2021-antrenament-08-general-barem.pdf,175119,77db609526edaaae4d26e2ccc36a3b1c5d3b61dada54b336016147e273979f8d
2021,sociologie,Sociologie,teste-antrenament,Test de antrenament 8,subiect,2021-antrenament-08-general-subiect.pdf,bac/2021/sociologie/teste-antrenament/2021-antrenament-08-general-subiect.pdf,202187,51a3a1d3e6444db2e07c932d0be0b770beed5d53341fb2c145538b684d8ec9c5
2021,sociologie,Sociologie,teste-antrenament,Test de antrenament 9,barem,2021-antrenament-09-general-barem.pdf,bac/2021/sociologie/teste-antrenament/2021-antrenament-09-general-barem.pdf,162044,c0d358895b4b02ac4d5611edbea652defb4fcbd2c8b74fe6fcc8927f6627edb0
2021,sociologie,Sociologie,teste-antrenament,Test de antrenament 9,subiect,2021-antrenament-09-general-subiect.pdf,bac/2021/sociologie/teste-antrenament/2021-antrenament-09-general-subiect.pdf,187582,c68fed8ba1ebd3f2f3009280809338df5a002fd3bf2b907c726ace2ba58b7a83
2021,sociologie,Sociologie,teste-antrenament,Test de antrenament 10,barem,2021-antrenament-10-general-barem.pdf,bac/2021/sociologie/teste-antrenament/2021-antrenament-10-general-barem.pdf,162370,c19332361206336594a28051bd1106b9a85135ffd097ca73fcdfd464537f99cf
2021,sociologie,Sociologie,teste-antrenament,Test de antrenament 10,subiect,2021-antrenament-10-general-subiect.pdf,bac/2021/sociologie/teste-antrenament/2021-antrenament-10-general-subiect.pdf,190422,3bf6b81d024999d543c40b554e27aa8fef269c49be50929869c3f2ed40cf7fed
2021,sociologie,Sociologie,teste-antrenament,Test de antrenament 11,barem,2021-antrenament-11-general-barem.pdf,bac/2021/sociologie/teste-antrenament/2021-antrenament-11-general-barem.pdf,173348,9ff4a61076b31dec7bc359cc668d0738b0b1a79a6a15b6976f880dc500df0e8a
2021,sociologie,Sociologie,teste-antrenament,Test de antrenament 11,subiect,2021-antrenament-11-general-subiect.pdf,bac/2021/sociologie/teste-antrenament/2021-antrenament-11-general-subiect.pdf,189743,d8d3c46d73ef74999230a3da6d015b7e09fdacd8cc69c22dae93a62130943326
2021,sociologie,Sociologie,teste-antrenament,Test de antrenament 12,barem,2021-antrenament-12-general-barem.pdf,bac/2021/sociologie/teste-antrenament/2021-antrenament-12-general-barem.pdf,170105,ffba5876cfe3fde0916d885ba02e23bc5146c566b2d97fc740b7b9d3fc19c152
2021,sociologie,Sociologie,teste-antrenament,Test de antrenament 12,subiect,2021-antrenament-12-general-subiect.pdf,bac/2021/sociologie/teste-antrenament/2021-antrenament-12-general-subiect.pdf,187302,30bcf67d559d1205435c791bddb3bf7bb5a7294e5ea5474b2d8f785bfcd54178
2021,sociologie,Sociologie,variante-oficiale,Varianta oficiala 1,barem,2021-varianta-01-general-barem.pdf,bac/2021/sociologie/variante-oficiale/2021-varianta-01-general-barem.pdf,60598,8a8089365185e037d162c7010284ef3d95a376d20f0c233617f4c3b26779308d
2021,sociologie,Sociologie,variante-oficiale,Varianta oficiala 1,subiect,2021-varianta-01-general-subiect.pdf,bac/2021/sociologie/variante-oficiale/2021-varianta-01-general-subiect.pdf,172924,2a24f27a8429f8d54560b9d2df0762ca17dfd0a56f5c4513713b415c7fbb2781
2021,sociologie,Sociologie,variante-oficiale,Varianta oficiala 4,barem,2021-varianta-04-general-barem.pdf,bac/2021/sociologie/variante-oficiale/2021-varianta-04-general-barem.pdf,64200,3d0f7d7ac07831ea144d324ff78da2f90cdda6747f8eeb77776e556a15dd6b68
2021,sociologie,Sociologie,variante-oficiale,Varianta oficiala 4,subiect,2021-varianta-04-general-subiect.pdf,bac/2021/sociologie/variante-oficiale/2021-varianta-04-general-subiect.pdf,86138,2203de40d11800d5dea7ef4d7e96217bef794b646be03e7c4903069fb65ee1b0
2022,biologie,Biologie,model,Model,barem,2022-model-anatomie-fiziologie-barem.pdf,bac/2022/biologie/model/2022-model-anatomie-fiziologie-barem.pdf,152617,242f28580001a7fa3cfba7c69d683bfe985039b2e121a89fb11f417228a6f844
2022,biologie,Biologie,model,Model,subiect,2022-model-anatomie-fiziologie-subiect.pdf,bac/2022/biologie/model/2022-model-anatomie-fiziologie-subiect.pdf,154176,25704c13138a398c728135998a3a69b3b25417cd185e86cae23a715678a054d9
2022,biologie,Biologie,model,Model,barem,2022-model-vegetala-animala-barem.pdf,bac/2022/biologie/model/2022-model-vegetala-animala-barem.pdf,153955,9cd6486f8bdfe21acbd1de6084caf79a03b0ab3302a05347db9df53a27a3d570
2022,biologie,Biologie,model,Model,subiect,2022-model-vegetala-animala-subiect.pdf,bac/2022/biologie/model/2022-model-vegetala-animala-subiect.pdf,156642,ec834f56f81415331d8ba8becd4046cf8c48ba8e23abef50cb9b79a35d3e6b9a
2022,biologie,Biologie,sesiune-august,Sesiunea august,barem,2022-august-anatomie-fiziologie-barem.pdf,bac/2022/biologie/sesiune-august/2022-august-anatomie-fiziologie-barem.pdf,80069,fb92864c2ce2b5ebdd69e964454c544bd433a3ddcefbfc287c3ab3ea1bb26d42
2022,biologie,Biologie,sesiune-august,Sesiunea august,subiect,2022-august-anatomie-fiziologie-subiect.pdf,bac/2022/biologie/sesiune-august/2022-august-anatomie-fiziologie-subiect.pdf,84354,5403363f56a8d11558daddb68fed2795deec392c3ff8b38769ae015364f71c93
2022,biologie,Biologie,sesiune-august,Sesiunea august,barem,2022-august-vegetala-animala-barem.pdf,bac/2022/biologie/sesiune-august/2022-august-vegetala-animala-barem.pdf,78885,0a12ab29ef7b8fcbea16a6786f481a5710e0a334ce125da128644a0de5ec6bd1
2022,biologie,Biologie,sesiune-august,Sesiunea august,subiect,2022-august-vegetala-animala-subiect.pdf,bac/2022/biologie/sesiune-august/2022-august-vegetala-animala-subiect.pdf,85551,f5a7c0f12f6cf9c3d4f9642df15701665e50c19bbc2c7f67f5379998925ba02d
2022,biologie,Biologie,sesiune-iunie,Sesiunea iunie,barem,2022-iunie-anatomie-fiziologie-barem.pdf,bac/2022/biologie/sesiune-iunie/2022-iunie-anatomie-fiziologie-barem.pdf,80032,12ec571fd51278ceb17404b2a143b0902da3970709a08e8fd343c30a98f8a3eb
2022,biologie,Biologie,sesiune-iunie,Sesiunea iunie,subiect,2022-iunie-anatomie-fiziologie-subiect.pdf,bac/2022/biologie/sesiune-iunie/2022-iunie-anatomie-fiziologie-subiect.pdf,83422,d437fe1b3b2a81201a7153cdd3db937cc476d595f826ae54312e9ce62c0ef2a1
2022,biologie,Biologie,sesiune-iunie,Sesiunea iunie,barem,2022-iunie-vegetala-animala-barem.pdf,bac/2022/biologie/sesiune-iunie/2022-iunie-vegetala-animala-barem.pdf,79016,d331ea693a1f6b3d7229121b226348e947bf309b983a2a33562e286b2dbb2d72
2022,biologie,Biologie,sesiune-iunie,Sesiunea iunie,subiect,2022-iunie-vegetala-animala-subiect.pdf,bac/2022/biologie/sesiune-iunie/2022-iunie-vegetala-animala-subiect.pdf,79991,00cf6688db8efa5dd195a19369782d6b57bfc7faab399ef92a987ec88d95a044
2022,biologie,Biologie,sesiune-speciala,Sesiunea speciala,barem,2022-speciala-anatomie-fiziologie-barem.pdf,bac/2022/biologie/sesiune-speciala/2022-speciala-anatomie-fiziologie-barem.pdf,79739,c2476bd582d298ab3877ad9c802fb8da1e8d72fadf5f117334035606899acd51
2022,biologie,Biologie,sesiune-speciala,Sesiunea speciala,subiect,2022-speciala-anatomie-fiziologie-subiect.pdf,bac/2022/biologie/sesiune-speciala/2022-speciala-anatomie-fiziologie-subiect.pdf,79283,6212559530a9e9348ef45a5589e36716f418645aa3243514075ba5d1ae5402f3
2022,biologie,Biologie,sesiune-speciala,Sesiunea speciala,barem,2022-speciala-vegetala-animala-barem.pdf,bac/2022/biologie/sesiune-speciala/2022-speciala-vegetala-animala-barem.pdf,79126,ed7ae27b64e259755131f7a55204cae57d0d55bf85f997fd8e0b1281edbab24c
2022,biologie,Biologie,sesiune-speciala,Sesiunea speciala,subiect,2022-speciala-vegetala-animala-subiect.pdf,bac/2022/biologie/sesiune-speciala/2022-speciala-vegetala-animala-subiect.pdf,87004,8b2508e9ccccad5eb7237c0ac6860743219799b1d4a4119af871a8753995b28c
2022,biologie,Biologie,simulare,Simulare,barem,2022-simulare-anatomie-fiziologie-barem.pdf,bac/2022/biologie/simulare/2022-simulare-anatomie-fiziologie-barem.pdf,158659,b3174c5cb7c0f56df6d942d1a0acd50cd67c1f6e01e3883e60ae5859b245e2c3
2022,biologie,Biologie,simulare,Simulare,subiect,2022-simulare-anatomie-fiziologie-subiect.pdf,bac/2022/biologie/simulare/2022-simulare-anatomie-fiziologie-subiect.pdf,160275,56bc749d00a8f13f27496a9711263f93f2a453ba87b435b6a6d5e86f43d6449b
2022,biologie,Biologie,simulare,Simulare,barem,2022-simulare-vegetala-animala-barem.pdf,bac/2022/biologie/simulare/2022-simulare-vegetala-animala-barem.pdf,158423,980aa744e90f8916e52aeb3edb56b4e0942b1f291ca61a0d14a5b8076a5bb286
2022,biologie,Biologie,simulare,Simulare,subiect,2022-simulare-vegetala-animala-subiect.pdf,bac/2022/biologie/simulare/2022-simulare-vegetala-animala-subiect.pdf,164012,80f8329dafdd55f04205da5aaca3f8128c99984150f34e003a41bbcefc37505b
2022,chimie,Chimie,model,Model,barem,2022-model-anorganica-barem.pdf,bac/2022/chimie/model/2022-model-anorganica-barem.pdf,146487,b2ae20125e957a3b9ed76cafecf4f12aae6c50c7042b51332db0a8acd76571ec
2022,chimie,Chimie,model,Model,subiect,2022-model-anorganica-subiect.pdf,bac/2022/chimie/model/2022-model-anorganica-subiect.pdf,172214,7ab68cd24f8d560a6ffca0db3b9bc73fc2fc847778eb68dc68b75bbc585d52e3
2022,chimie,Chimie,model,Model,barem,2022-model-organica-barem.pdf,bac/2022/chimie/model/2022-model-organica-barem.pdf,143954,35341a7c485338b61aa36ef05ed7153b1b2186587533a8d6c70986949caa4918
2022,chimie,Chimie,model,Model,subiect,2022-model-organica-subiect.pdf,bac/2022/chimie/model/2022-model-organica-subiect.pdf,174260,9782c3c2aecfb933dc04ffd58a4ba353332c1f5cafdd2ff6c5772c93faa481fa
2022,chimie,Chimie,sesiune-august,Sesiunea august,barem,2022-august-anorganica-barem.pdf,bac/2022/chimie/sesiune-august/2022-august-anorganica-barem.pdf,149990,63b1637f0bb5d7f3612900e9f46d0b1a949aea7b09f1a362b7f00a3beb462e2a
2022,chimie,Chimie,sesiune-august,Sesiunea august,subiect,2022-august-anorganica-subiect.pdf,bac/2022/chimie/sesiune-august/2022-august-anorganica-subiect.pdf,181406,d60baea5205ba9124d5c1ef16cadb0f3293e6f1799bd7f936fead4b568e577d3
2022,chimie,Chimie,sesiune-august,Sesiunea august,barem,2022-august-organica-barem.pdf,bac/2022/chimie/sesiune-august/2022-august-organica-barem.pdf,147425,f845537378d525a7988894a0d64da052743e2dfb98b963b32ae625c7d25f4574
2022,chimie,Chimie,sesiune-august,Sesiunea august,subiect,2022-august-organica-subiect.pdf,bac/2022/chimie/sesiune-august/2022-august-organica-subiect.pdf,162416,23bce9fdfba5477748ff5ae41193ca95ae1dcb547b03f4a3332032cfc6daec4f
2022,chimie,Chimie,sesiune-iunie,Sesiunea iunie,barem,2022-iunie-anorganica-barem.pdf,bac/2022/chimie/sesiune-iunie/2022-iunie-anorganica-barem.pdf,87131,8cbeb5af7ba20fd6dd6f4d5842ef725c51f4066277d55dad3dd5e66d8bf451fc
2022,chimie,Chimie,sesiune-iunie,Sesiunea iunie,subiect,2022-iunie-anorganica-subiect.pdf,bac/2022/chimie/sesiune-iunie/2022-iunie-anorganica-subiect.pdf,126407,e630f676a921a3592bf7b1898558d99ff6303f051013d635a3d97b522d8b8941
2022,chimie,Chimie,sesiune-iunie,Sesiunea iunie,barem,2022-iunie-organica-barem.pdf,bac/2022/chimie/sesiune-iunie/2022-iunie-organica-barem.pdf,72452,b8bcdbf2f4526cec3cd839792bac95e9711ff307947c1d18564e6fb788b6cae0
2022,chimie,Chimie,sesiune-iunie,Sesiunea iunie,subiect,2022-iunie-organica-subiect.pdf,bac/2022/chimie/sesiune-iunie/2022-iunie-organica-subiect.pdf,88173,dcc31b5acfd332c8e7cf0e9bb5384cbbb8e82cac0e13d4efb142621690eb129b
2022,chimie,Chimie,sesiune-speciala,Sesiunea speciala,barem,2022-speciala-anorganica-barem.pdf,bac/2022/chimie/sesiune-speciala/2022-speciala-anorganica-barem.pdf,148125,cb791c5b4df4ce041c643ea28e8b3336deb76662a834a0c8d7914013a2e72a9f
2022,chimie,Chimie,sesiune-speciala,Sesiunea speciala,subiect,2022-speciala-anorganica-subiect.pdf,bac/2022/chimie/sesiune-speciala/2022-speciala-anorganica-subiect.pdf,175109,a8b5a89c5f1f6b408ce2d4139035732ef217cfa5c2aa3744741bf1a3050d5416
2022,chimie,Chimie,sesiune-speciala,Sesiunea speciala,barem,2022-speciala-organica-barem.pdf,bac/2022/chimie/sesiune-speciala/2022-speciala-organica-barem.pdf,148693,bbae8a510fea00e1fde51834f4e6f3d86dab3439eec91f78972e230577c549b9
2022,chimie,Chimie,sesiune-speciala,Sesiunea speciala,subiect,2022-speciala-organica-subiect.pdf,bac/2022/chimie/sesiune-speciala/2022-speciala-organica-subiect.pdf,133072,7c9b116eb67000dc14405a36109e0a18edfda89a07542cbf771bb5a7d7782484
2022,chimie,Chimie,simulare,Simulare,barem,2022-simulare-anorganica-barem.pdf,bac/2022/chimie/simulare/2022-simulare-anorganica-barem.pdf,170868,c114845a184c9fd1e679197cbdd93f1886a8237edf8e20d829a367c026a98d6b
2022,chimie,Chimie,simulare,Simulare,subiect,2022-simulare-anorganica-subiect.pdf,bac/2022/chimie/simulare/2022-simulare-anorganica-subiect.pdf,171735,233557c569c65835cab9771741581b533cf383c62e5982136c150f4e87318c62
2022,chimie,Chimie,simulare,Simulare,barem,2022-simulare-organica-barem.pdf,bac/2022/chimie/simulare/2022-simulare-organica-barem.pdf,144813,9ada3c624579116764e1686218cb16527f1b783eed55c0216d573ed7a4631da9
2022,chimie,Chimie,simulare,Simulare,subiect,2022-simulare-organica-subiect.pdf,bac/2022/chimie/simulare/2022-simulare-organica-subiect.pdf,177051,fa192a55adf019a782d7d6aa714f315baabcb8372a749d4f173f345c4d843545
2022,economie,Economie,model,Model,barem,2022-model-general-barem.pdf,bac/2022/economie/model/2022-model-general-barem.pdf,174005,3afecbab445c2f24bd7a8d0dd238aa69ae97169a4ace2aa43ea0c3b002ce68d5
2022,economie,Economie,model,Model,subiect,2022-model-general-subiect.pdf,bac/2022/economie/model/2022-model-general-subiect.pdf,182703,2c6615b3b89bcfaebcf89fbcdf34520dfc34fadc1de9f2c6de227fc6f6002876
2022,economie,Economie,sesiune-august,Sesiunea august,barem,2022-august-general-barem.pdf,bac/2022/economie/sesiune-august/2022-august-general-barem.pdf,205683,509510023a5db6fae9c8991a16be98abba2f261f2d16274910a21810d111a609
2022,economie,Economie,sesiune-august,Sesiunea august,subiect,2022-august-general-subiect.pdf,bac/2022/economie/sesiune-august/2022-august-general-subiect.pdf,214896,8d0489216545e2de03ac93bb1dcf0d735d05935f19a79f166d67b288294492e7
2022,economie,Economie,sesiune-iunie,Sesiunea iunie,barem,2022-iunie-general-barem.pdf,bac/2022/economie/sesiune-iunie/2022-iunie-general-barem.pdf,202598,23951b0defe61c1bb0f68e0e12e508735050331bd6d9b171a8ea41f08c9c2ea0
2022,economie,Economie,sesiune-iunie,Sesiunea iunie,subiect,2022-iunie-general-subiect.pdf,bac/2022/economie/sesiune-iunie/2022-iunie-general-subiect.pdf,209214,502f4f1df0b37a25a8fa6dcc22b35ea9caa84626afac6d4dc3c936265597f70e
2022,economie,Economie,simulare,Simulare,barem,2022-simulare-general-barem.pdf,bac/2022/economie/simulare/2022-simulare-general-barem.pdf,202627,eae2509eccaecf522205e2223f585ae27561cd8b192176c25e157201d265860f
2022,economie,Economie,simulare,Simulare,subiect,2022-simulare-general-subiect.pdf,bac/2022/economie/simulare/2022-simulare-general-subiect.pdf,206258,ad2c65286b235b6319b0871d33062e12e76f0d710a6d9508b5d3df796d73ae8d
2022,filosofie,Filosofie,model,Model,barem,2022-model-general-barem.pdf,bac/2022/filosofie/model/2022-model-general-barem.pdf,277565,d79ab70cced3870bba8fe8161a8399e5e1051903ee7e203ec4cfd9bb68dac30e
2022,filosofie,Filosofie,model,Model,subiect,2022-model-general-subiect.pdf,bac/2022/filosofie/model/2022-model-general-subiect.pdf,322060,59c70375c95e7310fa401757b1f64027b0a81382a36c925a41bc63a91dbedba0
2022,filosofie,Filosofie,sesiune-august,Sesiunea august,barem,2022-august-general-barem.pdf,bac/2022/filosofie/sesiune-august/2022-august-general-barem.pdf,66290,b48608b3839917b027ffa86c670cfa2f0d18ff91e7ad0a8a06c44510a7dd04d0
2022,filosofie,Filosofie,sesiune-august,Sesiunea august,subiect,2022-august-general-subiect.pdf,bac/2022/filosofie/sesiune-august/2022-august-general-subiect.pdf,82907,565cd55d41f42e39ee9c42e7f74c3048a7cafa5381db0d8793827cb6c0e0a348
2022,filosofie,Filosofie,sesiune-iunie,Sesiunea iunie,barem,2022-iunie-general-barem.pdf,bac/2022/filosofie/sesiune-iunie/2022-iunie-general-barem.pdf,66332,611c55ffd79c20a17a6be9b77b4cabf349014ff176d6c3cf8959d4355e19df75
2022,filosofie,Filosofie,sesiune-iunie,Sesiunea iunie,subiect,2022-iunie-general-subiect.pdf,bac/2022/filosofie/sesiune-iunie/2022-iunie-general-subiect.pdf,88592,991d2a4de10f60cf283dfa34fb5bf27321494804be2f6b2a4bb52ee29f708bcb
2022,filosofie,Filosofie,simulare,Simulare,barem,2022-simulare-general-barem.pdf,bac/2022/filosofie/simulare/2022-simulare-general-barem.pdf,443758,90d830497a1852f808f5761d6d820471db1188d1efb9ca7b4f65a0c223391b88
2022,filosofie,Filosofie,simulare,Simulare,subiect,2022-simulare-general-subiect.pdf,bac/2022/filosofie/simulare/2022-simulare-general-subiect.pdf,158088,84a88d35e4ab85d25cb91bcb28ec7e2b4d3c6e3c907a5ced3032752895f17f02
2022,fizica,Fizica,model,Model,barem,2022-model-tehnologic-barem.pdf,bac/2022/fizica/model/2022-model-tehnologic-barem.pdf,229255,0faa8c590e5eeea555113813e8da258895a45327b7b323a9132f4280a71af38b
2022,fizica,Fizica,model,Model,subiect,2022-model-tehnologic-subiect.pdf,bac/2022/fizica/model/2022-model-tehnologic-subiect.pdf,295185,8f810a05e864c97beae8bc5cf3222ff1a5b3266b53e79c3cd0ff1168fecfe054
2022,fizica,Fizica,model,Model,barem,2022-model-teoretic-vocational-barem.pdf,bac/2022/fizica/model/2022-model-teoretic-vocational-barem.pdf,242383,bb1dc497a4e8cebe83d57f007e3bebc3123f8a6c2c295b799eebd2f6cb4c5201
2022,fizica,Fizica,model,Model,subiect,2022-model-teoretic-vocational-subiect.pdf,bac/2022/fizica/model/2022-model-teoretic-vocational-subiect.pdf,312363,0212bc026773b00968d29ac2e3c99944bc27e1ed9df5064264b525f6ba956704
2022,fizica,Fizica,sesiune-august,Sesiunea august,barem,2022-august-tehnologic-barem.pdf,bac/2022/fizica/sesiune-august/2022-august-tehnologic-barem.pdf,84335,69d1e8303a9331656e2dbdcc6dcdb6da1d9166b65e1b987f2cbb75865e1a754c
2022,fizica,Fizica,sesiune-august,Sesiunea august,subiect,2022-august-tehnologic-subiect.pdf,bac/2022/fizica/sesiune-august/2022-august-tehnologic-subiect.pdf,232898,da809374786ad986957225c2ab56e2810e691c8805bfc3e62f5127c8da4df695
2022,fizica,Fizica,sesiune-august,Sesiunea august,barem,2022-august-teoretic-vocational-barem.pdf,bac/2022/fizica/sesiune-august/2022-august-teoretic-vocational-barem.pdf,86987,ccf646b792c71f51f46f09895934069b3bac1f5c8faeb01774819958c43fbaf1
2022,fizica,Fizica,sesiune-august,Sesiunea august,subiect,2022-august-teoretic-vocational-subiect.pdf,bac/2022/fizica/sesiune-august/2022-august-teoretic-vocational-subiect.pdf,288278,6cd3d100999013247029324ffa5de0f25821c0e4d493af1376850e756ac66f6b
2022,fizica,Fizica,sesiune-iunie,Sesiunea iunie,barem,2022-iunie-tehnologic-barem.pdf,bac/2022/fizica/sesiune-iunie/2022-iunie-tehnologic-barem.pdf,80348,9cd56948834e3b00af798f23582ff879af366d2cfdb100f19a40aec058ce4d96
2022,fizica,Fizica,sesiune-iunie,Sesiunea iunie,subiect,2022-iunie-tehnologic-subiect.pdf,bac/2022/fizica/sesiune-iunie/2022-iunie-tehnologic-subiect.pdf,266487,9e245bf8ec1bc5e33d9f06c2dd7c1db972739e6cf89f3608b5178a9a58792d1c
2022,fizica,Fizica,sesiune-iunie,Sesiunea iunie,barem,2022-iunie-teoretic-vocational-barem.pdf,bac/2022/fizica/sesiune-iunie/2022-iunie-teoretic-vocational-barem.pdf,88478,b49a70322ef9c86efc59c873effd9f9269ba168fc66a8b6d3cb313c9b2ae7ea6
2022,fizica,Fizica,sesiune-iunie,Sesiunea iunie,subiect,2022-iunie-teoretic-vocational-subiect.pdf,bac/2022/fizica/sesiune-iunie/2022-iunie-teoretic-vocational-subiect.pdf,234270,b39e676a966de0cbf254a712aac914e4e14d43e0596267b5b9541bb1326fbc6e
2022,fizica,Fizica,sesiune-speciala,Sesiunea speciala,barem,2022-speciala-teoretic-vocational-barem.pdf,bac/2022/fizica/sesiune-speciala/2022-speciala-teoretic-vocational-barem.pdf,241549,2e5e78eb41c4e530566e62e07aa66d00d2b81d5044fb256b537d38bb94e6d096
2022,fizica,Fizica,sesiune-speciala,Sesiunea speciala,subiect,2022-speciala-teoretic-vocational-subiect.pdf,bac/2022/fizica/sesiune-speciala/2022-speciala-teoretic-vocational-subiect.pdf,311942,8f167cb6f89ed0c25fef761e429c6d8081e3003feffc7748aa86a98d2f2638d5
2022,fizica,Fizica,simulare,Simulare,barem,2022-simulare-tehnologic-barem.pdf,bac/2022/fizica/simulare/2022-simulare-tehnologic-barem.pdf,226302,148192eafdfd41e0cc7dbf1efb30b965d6985bbbe3d2db90a1aa6e6c05ee42ea
2022,fizica,Fizica,simulare,Simulare,subiect,2022-simulare-tehnologic-subiect.pdf,bac/2022/fizica/simulare/2022-simulare-tehnologic-subiect.pdf,353069,cec2c77cf08e47a5fc7946ee8b2c28e61899909eb88ac75ddba6b98845068965
2022,fizica,Fizica,simulare,Simulare,barem,2022-simulare-teoretic-vocational-barem.pdf,bac/2022/fizica/simulare/2022-simulare-teoretic-vocational-barem.pdf,244951,e81771fd2ef8381789859bf20c2b7d071e80344b172d3d9477567be06439f0cb
2022,fizica,Fizica,simulare,Simulare,subiect,2022-simulare-teoretic-vocational-subiect.pdf,bac/2022/fizica/simulare/2022-simulare-teoretic-vocational-subiect.pdf,355991,ec3725b1214e26aedacb5018f402cb5955962f8935020cf8d9ad72f3ec16353d
2022,geografie,Geografie,model,Model,barem,2022-model-general-barem.pdf,bac/2022/geografie/model/2022-model-general-barem.pdf,391552,cdb2ec530bef4a253d1d647b6c611d4594343d4e6997f69f73912ca534d23a6b
2022,geografie,Geografie,model,Model,subiect,2022-model-general-subiect.pdf,bac/2022/geografie/model/2022-model-general-subiect.pdf,707420,aff2b89fa13d8a19d00d39e9d05fc1c348c09377b7881613e2bd93d215c0113c
2022,geografie,Geografie,sesiune-august,Sesiunea august,barem,2022-august-general-barem.pdf,bac/2022/geografie/sesiune-august/2022-august-general-barem.pdf,102869,e9639fad6bf889780e873d6633a515c5cbd767e00862b4cd6a1d12caa857e721
2022,geografie,Geografie,sesiune-august,Sesiunea august,subiect,2022-august-general-subiect.pdf,bac/2022/geografie/sesiune-august/2022-august-general-subiect.pdf,337369,e5f2d6487ed166504ee4906eff5c60509c4399505f939421bfb354ae6ac2f6f6
2022,geografie,Geografie,sesiune-iunie,Sesiunea iunie,barem,2022-iunie-general-barem.pdf,bac/2022/geografie/sesiune-iunie/2022-iunie-general-barem.pdf,95079,3164f56ce49977b54079c6990e48aff776d907b0df2f1d994f51df9d2e4a9f35
2022,geografie,Geografie,sesiune-iunie,Sesiunea iunie,subiect,2022-iunie-general-subiect.pdf,bac/2022/geografie/sesiune-iunie/2022-iunie-general-subiect.pdf,324399,cacfbdecc092d595e0a57b37f530cc9eee32337dc148279c1769f9a01e053ea4
2022,geografie,Geografie,sesiune-speciala,Sesiunea speciala,barem,2022-speciala-general-barem.pdf,bac/2022/geografie/sesiune-speciala/2022-speciala-general-barem.pdf,97674,ecac5022a4745a7abbde6c710ea421e068533ac54769b5aa92e3b79e8cd05e47
2022,geografie,Geografie,sesiune-speciala,Sesiunea speciala,subiect,2022-speciala-general-subiect.pdf,bac/2022/geografie/sesiune-speciala/2022-speciala-general-subiect.pdf,183235,90e99f845232733bbad7b53b93572e8b3da84e9d380a7a7732a4b56d68ca643c
2022,geografie,Geografie,simulare,Simulare,barem,2022-simulare-general-barem.pdf,bac/2022/geografie/simulare/2022-simulare-general-barem.pdf,200217,d85817ec44bafa37b701ee1ef4cc35d5abb4de35a4b23167f6da9c42d4a88cfe
2022,geografie,Geografie,simulare,Simulare,subiect,2022-simulare-general-subiect.pdf,bac/2022/geografie/simulare/2022-simulare-general-subiect.pdf,324368,55a76b559fe8315771c725b5939242f0e13d02358f740937edc569ce8de4b1ca
2022,informatica,Informatica,model,Model,barem,2022-model-mate-info-c-barem.pdf,bac/2022/informatica/model/2022-model-mate-info-c-barem.pdf,212924,c0e55ac5c6de8f702c3a0b551c58ea4ba37ce1c178337defe0f867cf7012f8d1
2022,informatica,Informatica,model,Model,subiect,2022-model-mate-info-c-subiect.pdf,bac/2022/informatica/model/2022-model-mate-info-c-subiect.pdf,237250,fceea921715b921d8a89d755c7d2e6e07ee50610615c24a57f35f75e303a3bdb
2022,informatica,Informatica,model,Model,barem,2022-model-stiinte-naturii-c-barem.pdf,bac/2022/informatica/model/2022-model-stiinte-naturii-c-barem.pdf,211739,af63cc1078f9e9df8e26469b17f57bb5c29c65e48452e1087da8f04aea54bb92
2022,informatica,Informatica,model,Model,subiect,2022-model-stiinte-naturii-c-subiect.pdf,bac/2022/informatica/model/2022-model-stiinte-naturii-c-subiect.pdf,277895,0de394a98bbe70a6973f132d20c5116503ba5bb53ab37a7ec05311b5a199d590
2022,informatica,Informatica,sesiune-august,Sesiunea august,barem,2022-august-mate-info-c-barem.pdf,bac/2022/informatica/sesiune-august/2022-august-mate-info-c-barem.pdf,95376,0c1e067a777bf20f62dc3db96aa396b0294cb69714e3ee1de4a98472feb03deb
2022,informatica,Informatica,sesiune-august,Sesiunea august,subiect,2022-august-mate-info-c-subiect.pdf,bac/2022/informatica/sesiune-august/2022-august-mate-info-c-subiect.pdf,143241,ca24196e7b97a308e9826f14fa60cc43816e84abb5dced5054218ab5543c93b6
2022,informatica,Informatica,sesiune-august,Sesiunea august,barem,2022-august-stiinte-naturii-c-barem.pdf,bac/2022/informatica/sesiune-august/2022-august-stiinte-naturii-c-barem.pdf,96125,24c2a735f34ba421577f0183fb733c4e3282df17bfffded1c21f4a2f46b3a706
2022,informatica,Informatica,sesiune-august,Sesiunea august,subiect,2022-august-stiinte-naturii-c-subiect.pdf,bac/2022/informatica/sesiune-august/2022-august-stiinte-naturii-c-subiect.pdf,139332,43a4e7fad9f7ada3d6ea635082cd901956904b35b262c53865a8cdd63389c2b5
2022,informatica,Informatica,sesiune-iunie,Sesiunea iunie,barem,2022-iunie-mate-info-c-barem.pdf,bac/2022/informatica/sesiune-iunie/2022-iunie-mate-info-c-barem.pdf,95973,31916be1e39e1b04f98d90199b467209ba72f4ebbd48e220de8243ae4122bb0f
2022,informatica,Informatica,sesiune-iunie,Sesiunea iunie,subiect,2022-iunie-mate-info-c-subiect.pdf,bac/2022/informatica/sesiune-iunie/2022-iunie-mate-info-c-subiect.pdf,122368,a13a7968b08d8c4c8937c7163c25157d6cff09edb73fe56a94f1cfe1db65b23e
2022,informatica,Informatica,sesiune-iunie,Sesiunea iunie,barem,2022-iunie-stiinte-naturii-c-barem.pdf,bac/2022/informatica/sesiune-iunie/2022-iunie-stiinte-naturii-c-barem.pdf,95998,479711ce5fe50cb6f8ef7ae007b0f813bbae4577a650df34848aa29b1db692d4
2022,informatica,Informatica,sesiune-iunie,Sesiunea iunie,subiect,2022-iunie-stiinte-naturii-c-subiect.pdf,bac/2022/informatica/sesiune-iunie/2022-iunie-stiinte-naturii-c-subiect.pdf,120315,817a2cabc161919cf10325b69e264c837e424704c723fb37adeaf3b716f7b7bd
2022,informatica,Informatica,sesiune-speciala,Sesiunea speciala,barem,2022-speciala-mate-info-c-barem.pdf,bac/2022/informatica/sesiune-speciala/2022-speciala-mate-info-c-barem.pdf,229502,6b24a3141a47f33c350ae7e745d027741d748eca4d1c37e149de5914a73a91ec
2022,informatica,Informatica,sesiune-speciala,Sesiunea speciala,subiect,2022-speciala-mate-info-c-subiect.pdf,bac/2022/informatica/sesiune-speciala/2022-speciala-mate-info-c-subiect.pdf,256607,dd2150eed8f1dff16bbe087e374aea1ed47bab80eb5c861357e348b6a41e1940
2022,informatica,Informatica,simulare,Simulare,barem,2022-simulare-mate-info-c-barem.pdf,bac/2022/informatica/simulare/2022-simulare-mate-info-c-barem.pdf,228966,65bb978163889f623e2d059c716e88b1c1dd8094559d7751803cc57ab96a6c60
2022,informatica,Informatica,simulare,Simulare,subiect,2022-simulare-mate-info-c-subiect.pdf,bac/2022/informatica/simulare/2022-simulare-mate-info-c-subiect.pdf,262243,12d9af4b1d5d9329ff5a306b8f47cbf72aa68936d9b369b3faeaef059752167a
2022,informatica,Informatica,simulare,Simulare,barem,2022-simulare-stiinte-naturii-c-barem.pdf,bac/2022/informatica/simulare/2022-simulare-stiinte-naturii-c-barem.pdf,228822,8fccc27498388c63ca816a19612917fda7c2c7c0ec005ba9094a1cd897b6c726
2022,informatica,Informatica,simulare,Simulare,subiect,2022-simulare-stiinte-naturii-c-subiect.pdf,bac/2022/informatica/simulare/2022-simulare-stiinte-naturii-c-subiect.pdf,248604,556cd25ac00ada8a826a8fe8e9a71c80fcb52e85f9821889ebec833ca9f2b6e0
2022,istorie,Istorie,model,Model,barem,2022-model-general-barem.pdf,bac/2022/istorie/model/2022-model-general-barem.pdf,123375,1e70f769fe06142fa53a34059cdc87edec27c8893e3633c075561d5a4d52970f
2022,istorie,Istorie,model,Model,subiect,2022-model-general-subiect.pdf,bac/2022/istorie/model/2022-model-general-subiect.pdf,120852,3a196d95c1f2a9b5a0cd507b61ca4d0654b15a474f368c990cf765f9def551bf
2022,istorie,Istorie,sesiune-august,Sesiunea august,barem,2022-august-general-barem.pdf,bac/2022/istorie/sesiune-august/2022-august-general-barem.pdf,104235,30421d27ffa2c397bf79fba60db0ca8206904f88daa66e842755f464786a7fa5
2022,istorie,Istorie,sesiune-august,Sesiunea august,subiect,2022-august-general-subiect.pdf,bac/2022/istorie/sesiune-august/2022-august-general-subiect.pdf,104149,6b0fa56723e58cd75324c875e71eda5be2f616093ac1bd59d5b1e5c3bc9ba5bb
2022,istorie,Istorie,sesiune-iunie,Sesiunea iunie,barem,2022-iunie-general-barem.pdf,bac/2022/istorie/sesiune-iunie/2022-iunie-general-barem.pdf,102513,7f84186b3e49d7aa6ee714067d709d9e960795a159f380b8af8069257ed32b67
2022,istorie,Istorie,sesiune-iunie,Sesiunea iunie,subiect,2022-iunie-general-subiect.pdf,bac/2022/istorie/sesiune-iunie/2022-iunie-general-subiect.pdf,203591,043d1e105b62774e731c6150e22ef81784862f44662e9983014108104aa2ea66
2022,istorie,Istorie,sesiune-speciala,Sesiunea speciala,barem,2022-speciala-general-barem.pdf,bac/2022/istorie/sesiune-speciala/2022-speciala-general-barem.pdf,202455,2ef32200d7d18b8262fe1f84c610e9393e1beede0b3383a1aa422b19d186f84d
2022,istorie,Istorie,sesiune-speciala,Sesiunea speciala,subiect,2022-speciala-general-subiect.pdf,bac/2022/istorie/sesiune-speciala/2022-speciala-general-subiect.pdf,202162,b1ff1bcc2af2b56aea1710249f85242d139a3586911226a6bd7c0fccb80573b2
2022,istorie,Istorie,simulare,Simulare,barem,2022-simulare-general-barem.pdf,bac/2022/istorie/simulare/2022-simulare-general-barem.pdf,198643,e5d4cabbcd7eea5437da77c4056cf3df5f7a740f48454faa6eca4ec5efa6b539
2022,istorie,Istorie,simulare,Simulare,subiect,2022-simulare-general-subiect.pdf,bac/2022/istorie/simulare/2022-simulare-general-subiect.pdf,200229,cd46b92a78cdd51251ef252b51662248c8ce542f851ed025e5b4d69a66dfb8ca
2022,logica,Logica,model,Model,barem,2022-model-general-barem.pdf,bac/2022/logica/model/2022-model-general-barem.pdf,298411,ff4e3af3b69cd773edcd4bb625c4ada36e929c301602cfafb816c47921f7a7c0
2022,logica,Logica,model,Model,subiect,2022-model-general-subiect.pdf,bac/2022/logica/model/2022-model-general-subiect.pdf,315355,6d764acc2e50743e7fabeb14149af2747715d8264e234bf480d4a82956a232c2
2022,logica,Logica,sesiune-august,Sesiunea august,barem,2022-august-general-barem.pdf,bac/2022/logica/sesiune-august/2022-august-general-barem.pdf,76910,8cc40bd2d2294c49d78953fed1f94f3d58fb5fe7a98b55c866f167aee6e5be5a
2022,logica,Logica,sesiune-august,Sesiunea august,subiect,2022-august-general-subiect.pdf,bac/2022/logica/sesiune-august/2022-august-general-subiect.pdf,98032,6d6fe511991f64388bb545b659f223e9bb2b79b04e4d3752f896b3506ac46e50
2022,logica,Logica,sesiune-iunie,Sesiunea iunie,barem,2022-iunie-general-barem.pdf,bac/2022/logica/sesiune-iunie/2022-iunie-general-barem.pdf,94833,2fe08db6f9b954e147257d13edba9736e07eae054cd17c746341772055a6274b
2022,logica,Logica,sesiune-iunie,Sesiunea iunie,subiect,2022-iunie-general-subiect.pdf,bac/2022/logica/sesiune-iunie/2022-iunie-general-subiect.pdf,97701,d2eaf08969c83bd2c24c6f862513ac6c8e8bd95b85892cb060b3566818f64bc2
2022,logica,Logica,sesiune-speciala,Sesiunea speciala,barem,2022-speciala-general-barem.pdf,bac/2022/logica/sesiune-speciala/2022-speciala-general-barem.pdf,371244,7988df2ccad08c45e82e273842a7e12d68d5c38e4fed9b7483df26cddb468425
2022,logica,Logica,sesiune-speciala,Sesiunea speciala,subiect,2022-speciala-general-subiect.pdf,bac/2022/logica/sesiune-speciala/2022-speciala-general-subiect.pdf,200335,c2201ea77cc8fa8650281f03e8ee8271d769c090ac79c2b3f43375ab2f8404ef
2022,logica,Logica,simulare,Simulare,barem,2022-simulare-general-barem.pdf,bac/2022/logica/simulare/2022-simulare-general-barem.pdf,303806,f933e2eaa2b87a2929db9c45beb6bf382893bcb5b76e65fb384366d82239b0c0
2022,logica,Logica,simulare,Simulare,subiect,2022-simulare-general-subiect.pdf,bac/2022/logica/simulare/2022-simulare-general-subiect.pdf,315734,12b80d4219c11e9ce5dade8cead9a7c3f755d6a7417c65b373dd1c7aa0dc11e0
2022,matematica,Matematica,model,Model,barem,2022-model-mate-info-barem.pdf,bac/2022/matematica/model/2022-model-mate-info-barem.pdf,132037,5958959904b35157299b6a3a1456f83edb83a2b18fdfd0826fdc697319a1259e
2022,matematica,Matematica,model,Model,subiect,2022-model-mate-info-subiect.pdf,bac/2022/matematica/model/2022-model-mate-info-subiect.pdf,121941,164844bc42e66c68304144416b774a6bea845d5c1edc1d531d88f6e796b5d670
2022,matematica,Matematica,model,Model,barem,2022-model-pedagogic-barem.pdf,bac/2022/matematica/model/2022-model-pedagogic-barem.pdf,246212,4a1dd5170ca37a2d0dec267b479d1d661572bb2a90f9f23f6f544d44aae2682f
2022,matematica,Matematica,model,Model,subiect,2022-model-pedagogic-subiect.pdf,bac/2022/matematica/model/2022-model-pedagogic-subiect.pdf,216629,6cb6e9278d204be8fe2b18d901b1cc2bcaef4bc003d25cd6d653523cf39c2745
2022,matematica,Matematica,model,Model,barem,2022-model-stiinte-naturii-barem.pdf,bac/2022/matematica/model/2022-model-stiinte-naturii-barem.pdf,120047,3b7f99d5050ec80fb1c0bab000280c5b96fadf368a04a61f8e479509aa859607
2022,matematica,Matematica,model,Model,subiect,2022-model-stiinte-naturii-subiect.pdf,bac/2022/matematica/model/2022-model-stiinte-naturii-subiect.pdf,116099,f89bac1d9d6b74534608cb18da78d38e3647d2c3bdc0e3228a8d086619b7b303
2022,matematica,Matematica,model,Model,barem,2022-model-tehnologic-barem.pdf,bac/2022/matematica/model/2022-model-tehnologic-barem.pdf,120142,a166a2801b3461abde8027737c627c4bceb55f4053c884072cc5163f22541d2b
2022,matematica,Matematica,model,Model,subiect,2022-model-tehnologic-subiect.pdf,bac/2022/matematica/model/2022-model-tehnologic-subiect.pdf,107617,b7cde66a5145237a978563d62b35a15c908bcc8301f2d427072b9b7a913c81bd
2022,matematica,Matematica,sesiune-august,Sesiunea august,barem,2022-august-mate-info-barem.pdf,bac/2022/matematica/sesiune-august/2022-august-mate-info-barem.pdf,119494,743bac666056f518c683ed6126d40c18e7090c60485c2420350f35a0add29c02
2022,matematica,Matematica,sesiune-august,Sesiunea august,subiect,2022-august-mate-info-subiect.pdf,bac/2022/matematica/sesiune-august/2022-august-mate-info-subiect.pdf,109516,e7ea8689d4ae7c93ee3e5f05c71abc61a6405e59a0c6e636ad95bf478bd73b1e
2022,matematica,Matematica,sesiune-august,Sesiunea august,barem,2022-august-pedagogic-barem.pdf,bac/2022/matematica/sesiune-august/2022-august-pedagogic-barem.pdf,111213,ea6ecab83d19d669ced1071c5740b2e89a80e6edc4f01cb2beece70cb284dd2a
2022,matematica,Matematica,sesiune-august,Sesiunea august,subiect,2022-august-pedagogic-subiect.pdf,bac/2022/matematica/sesiune-august/2022-august-pedagogic-subiect.pdf,103642,06886bc650fa75e934d97bb937fd6517db12e3d20f8c266c2d4f513ccda73b48
2022,matematica,Matematica,sesiune-august,Sesiunea august,barem,2022-august-stiinte-naturii-barem.pdf,bac/2022/matematica/sesiune-august/2022-august-stiinte-naturii-barem.pdf,115785,23ba0ff5a30d0286afb60e4697f2f8d6bffb3b7b0a9cb66480c4afa8c358f135
2022,matematica,Matematica,sesiune-august,Sesiunea august,subiect,2022-august-stiinte-naturii-subiect.pdf,bac/2022/matematica/sesiune-august/2022-august-stiinte-naturii-subiect.pdf,106318,a535ef02cc217322dda813a4363bf79a65ef8bc67d99b77a3df2c6ee1eff3352
2022,matematica,Matematica,sesiune-august,Sesiunea august,barem,2022-august-tehnologic-barem.pdf,bac/2022/matematica/sesiune-august/2022-august-tehnologic-barem.pdf,114591,dbec55a67c2bae8567323af2e9e8603d97a170153b595507d20fff6b1348fea2
2022,matematica,Matematica,sesiune-august,Sesiunea august,subiect,2022-august-tehnologic-subiect.pdf,bac/2022/matematica/sesiune-august/2022-august-tehnologic-subiect.pdf,104867,29154e0b459d7e7850fad0d43e47862423ea8fd5d190682dbf0cb2f5a334dd1c
2022,matematica,Matematica,sesiune-iunie,Sesiunea iunie,barem,2022-iunie-mate-info-barem.pdf,bac/2022/matematica/sesiune-iunie/2022-iunie-mate-info-barem.pdf,119264,34dc3ac570309b5ae005310fc9071ae49ade40195a3ab0a90489eea799aaaad6
2022,matematica,Matematica,sesiune-iunie,Sesiunea iunie,subiect,2022-iunie-mate-info-subiect.pdf,bac/2022/matematica/sesiune-iunie/2022-iunie-mate-info-subiect.pdf,107856,22da920c51a3ca203b469923ed9e39a0dc6b27cfedcd2d2c7c1eda0b0408a2a4
2022,matematica,Matematica,sesiune-iunie,Sesiunea iunie,barem,2022-iunie-pedagogic-barem.pdf,bac/2022/matematica/sesiune-iunie/2022-iunie-pedagogic-barem.pdf,171390,eaecac1ae5347bf707cdbb758b4b473dd87665df2557e9081960cabbf9dbb427
2022,matematica,Matematica,sesiune-iunie,Sesiunea iunie,subiect,2022-iunie-pedagogic-subiect.pdf,bac/2022/matematica/sesiune-iunie/2022-iunie-pedagogic-subiect.pdf,104770,2965d00300b8ab00a3bac494606f2719f92717c5751aa057df9fd54484b60e66
2022,matematica,Matematica,sesiune-iunie,Sesiunea iunie,barem,2022-iunie-stiinte-naturii-barem.pdf,bac/2022/matematica/sesiune-iunie/2022-iunie-stiinte-naturii-barem.pdf,113958,42c9143d4691c4bb7f2c8dc13ca3c8b79dc885af03f7f345d610c1aaca8eb01f
2022,matematica,Matematica,sesiune-iunie,Sesiunea iunie,subiect,2022-iunie-stiinte-naturii-subiect.pdf,bac/2022/matematica/sesiune-iunie/2022-iunie-stiinte-naturii-subiect.pdf,107349,5e3e53aae0d4fb2ddeeeb01d6c8fe8d0811e932aff6db3883009e26dfff93081
2022,matematica,Matematica,sesiune-iunie,Sesiunea iunie,barem,2022-iunie-tehnologic-barem.pdf,bac/2022/matematica/sesiune-iunie/2022-iunie-tehnologic-barem.pdf,112117,732fe25109f8d80610f5c0fa9203e1c6ec91bc2d65eaca383f186bd4058aae53
2022,matematica,Matematica,sesiune-iunie,Sesiunea iunie,subiect,2022-iunie-tehnologic-subiect.pdf,bac/2022/matematica/sesiune-iunie/2022-iunie-tehnologic-subiect.pdf,103599,39687806860b6c22c2ca03514411f4d1486fa1abd5b0ba925a35dba4680731d4
2022,matematica,Matematica,sesiune-speciala,Sesiunea speciala,barem,2022-speciala-mate-info-barem.pdf,bac/2022/matematica/sesiune-speciala/2022-speciala-mate-info-barem.pdf,116318,bba4a4b1b6a6f983f9b002e1e72c1e0e6126cd2536c68ad24a5ac156a26a6b3d
2022,matematica,Matematica,sesiune-speciala,Sesiunea speciala,subiect,2022-speciala-mate-info-subiect.pdf,bac/2022/matematica/sesiune-speciala/2022-speciala-mate-info-subiect.pdf,108759,854668ab7ff3911f637aed493c8d27cca1563c4a1199de1de5a920bc07288347
2022,matematica,Matematica,sesiune-speciala,Sesiunea speciala,barem,2022-speciala-pedagogic-barem.pdf,bac/2022/matematica/sesiune-speciala/2022-speciala-pedagogic-barem.pdf,114136,71622ecd6582e8c6507bb27eb2e076db776af9f79f4b10273c8a74e6ebb5e194
2022,matematica,Matematica,sesiune-speciala,Sesiunea speciala,subiect,2022-speciala-pedagogic-subiect.pdf,bac/2022/matematica/sesiune-speciala/2022-speciala-pedagogic-subiect.pdf,104368,39c61d15e80773c94c091724d439aa60a489125cbb3a9a763b834b7fb1944c42
2022,matematica,Matematica,sesiune-speciala,Sesiunea speciala,barem,2022-speciala-stiinte-naturii-barem.pdf,bac/2022/matematica/sesiune-speciala/2022-speciala-stiinte-naturii-barem.pdf,115069,c3d97506f17c86659184afd6d4e2ffc21262e08c71bab174f536c2b57c0547ab
2022,matematica,Matematica,sesiune-speciala,Sesiunea speciala,subiect,2022-speciala-stiinte-naturii-subiect.pdf,bac/2022/matematica/sesiune-speciala/2022-speciala-stiinte-naturii-subiect.pdf,107803,b05711a88b29c41e8756b058e1e6e4c01722db728c1ef12929059fe6aa004d43
2022,matematica,Matematica,sesiune-speciala,Sesiunea speciala,barem,2022-speciala-tehnologic-barem.pdf,bac/2022/matematica/sesiune-speciala/2022-speciala-tehnologic-barem.pdf,116848,60e4f5cef9e3f14c74e5cd0198554abeee98eff19883b51999d0619715234b63
2022,matematica,Matematica,sesiune-speciala,Sesiunea speciala,subiect,2022-speciala-tehnologic-subiect.pdf,bac/2022/matematica/sesiune-speciala/2022-speciala-tehnologic-subiect.pdf,103510,68985f5e0c81a60684880a342a1e357896c7f4398c11c257d35124bb2fadb7f3
2022,matematica,Matematica,simulare,Simulare,barem,2022-simulare-mate-info-barem.pdf,bac/2022/matematica/simulare/2022-simulare-mate-info-barem.pdf,131197,1f83319f75817466d101f78de7f18cd2d2fe00ff6086ac4087c16ef55a692f78
2022,matematica,Matematica,simulare,Simulare,subiect,2022-simulare-mate-info-subiect.pdf,bac/2022/matematica/simulare/2022-simulare-mate-info-subiect.pdf,117477,c92dd0fbccbcf91cf42d614037e9c516b1b149167e668d099cf074735b6c6533
2022,matematica,Matematica,simulare,Simulare,barem,2022-simulare-pedagogic-barem.pdf,bac/2022/matematica/simulare/2022-simulare-pedagogic-barem.pdf,284702,49de5185e8f77d89f837f442301f8a5ccb5114243718d7eb0c3ebc8e0e7410e2
2022,matematica,Matematica,simulare,Simulare,subiect,2022-simulare-pedagogic-subiect.pdf,bac/2022/matematica/simulare/2022-simulare-pedagogic-subiect.pdf,211800,ce9d6f394b052ca2e19126140342dc0465f32268385018c1cac7b1fc63743524
2022,matematica,Matematica,simulare,Simulare,barem,2022-simulare-stiinte-naturii-barem.pdf,bac/2022/matematica/simulare/2022-simulare-stiinte-naturii-barem.pdf,125036,1917bb679fb7b3e00d988a39bf94621fe781b677ab74ff9cf00633400610d172
2022,matematica,Matematica,simulare,Simulare,subiect,2022-simulare-stiinte-naturii-subiect.pdf,bac/2022/matematica/simulare/2022-simulare-stiinte-naturii-subiect.pdf,116649,abd641a07bf2d37e129dd717b8d11158cde8e3e5fe97256e76404fa5d0419d22
2022,matematica,Matematica,simulare,Simulare,barem,2022-simulare-tehnologic-barem.pdf,bac/2022/matematica/simulare/2022-simulare-tehnologic-barem.pdf,121353,d86bf3a80c8dd80c334ae7c0f3287f4a4a15603ccfb2448485883633af177b58
2022,matematica,Matematica,simulare,Simulare,subiect,2022-simulare-tehnologic-subiect.pdf,bac/2022/matematica/simulare/2022-simulare-tehnologic-subiect.pdf,111396,9a847061915e3306ecbe096467799d6e60bc2b9b83024d60fbcfda04d8b1fbfc
2022,psihologie,Psihologie,model,Model,barem,2022-model-general-barem.pdf,bac/2022/psihologie/model/2022-model-general-barem.pdf,288260,6aaaf6d7ca1e9ee4ee455ead0aecb9850d5a1e3b3e54821dbabc2b19bb0f1047
2022,psihologie,Psihologie,model,Model,subiect,2022-model-general-subiect.pdf,bac/2022/psihologie/model/2022-model-general-subiect.pdf,329516,3e2c2da7c7bfd1921830e53516dbdd39e622cfdc26af60f2e5abc827e8ef1bb6
2022,psihologie,Psihologie,sesiune-august,Sesiunea august,barem,2022-august-general-barem.pdf,bac/2022/psihologie/sesiune-august/2022-august-general-barem.pdf,89639,85467cc896f08fd79bb222777687a9c85a6ca71234547c98260a24b9639771cf
2022,psihologie,Psihologie,sesiune-august,Sesiunea august,subiect,2022-august-general-subiect.pdf,bac/2022/psihologie/sesiune-august/2022-august-general-subiect.pdf,109789,f6609085b06f6b334d504395d44d00c56706793410de06788c0f1b18ac8aa1b1
2022,psihologie,Psihologie,sesiune-iunie,Sesiunea iunie,barem,2022-iunie-general-barem.pdf,bac/2022/psihologie/sesiune-iunie/2022-iunie-general-barem.pdf,88479,07ef3d69c58023ec721394f722101294cbf35c6c7768969635e7cecf05cf9166
2022,psihologie,Psihologie,sesiune-iunie,Sesiunea iunie,subiect,2022-iunie-general-subiect.pdf,bac/2022/psihologie/sesiune-iunie/2022-iunie-general-subiect.pdf,102620,818f6ba70e4da24e4bf739d740da41ecbc583f77b66bdb7d090dab47d9ff2d3d
2022,psihologie,Psihologie,sesiune-speciala,Sesiunea speciala,barem,2022-speciala-general-barem.pdf,bac/2022/psihologie/sesiune-speciala/2022-speciala-general-barem.pdf,177523,ac1213fe4f072913c64bdbbd670605033f704cf8e2d995dc6a985b64dce9767d
2022,psihologie,Psihologie,sesiune-speciala,Sesiunea speciala,subiect,2022-speciala-general-subiect.pdf,bac/2022/psihologie/sesiune-speciala/2022-speciala-general-subiect.pdf,214721,38c6f5bb34cf1ff984852fdbe455b9b43edd65afefac5d942c84276808aa1ce8
2022,psihologie,Psihologie,simulare,Simulare,barem,2022-simulare-general-barem.pdf,bac/2022/psihologie/simulare/2022-simulare-general-barem.pdf,290490,387d3460599b47e30a3f1a070097433f97dd069f7e51ca6d8bb9a3ada91fb5a6
2022,psihologie,Psihologie,simulare,Simulare,subiect,2022-simulare-general-subiect.pdf,bac/2022/psihologie/simulare/2022-simulare-general-subiect.pdf,389917,7c6775cd19da5ed7ffecf9ed3ff92fb1daffc7e3d3baca3f7a0ff606fb07f419
2022,romana,Limba romana,model,Model,barem,2022-model-real-tehnologic-barem.pdf,bac/2022/romana/model/2022-model-real-tehnologic-barem.pdf,106066,fa06845af1c31c0724107e9d748c3470d3c2797118d103f991c46d76e1fdfbd0
2022,romana,Limba romana,model,Model,subiect,2022-model-real-tehnologic-subiect.pdf,bac/2022/romana/model/2022-model-real-tehnologic-subiect.pdf,111681,f74b87040815820f6d9d58014abea62d8239891ea0438caef03cfef7935b7810
2022,romana,Limba romana,model,Model,barem,2022-model-uman-pedagogic-barem.pdf,bac/2022/romana/model/2022-model-uman-pedagogic-barem.pdf,104774,0b65977ca7207cf700aaf4640463d08c17ba9815179476f1261e5e16db654801
2022,romana,Limba romana,model,Model,subiect,2022-model-uman-pedagogic-subiect.pdf,bac/2022/romana/model/2022-model-uman-pedagogic-subiect.pdf,122655,c7374f6475221b1a4478ea09771c0336c53bfec95662e9d21701f644cea02060
2022,romana,Limba romana,rezerva-iunie,Rezerva iunie,barem,2022-iunie-rezerva-real-tehnologic-barem.pdf,bac/2022/romana/rezerva-iunie/2022-iunie-rezerva-real-tehnologic-barem.pdf,186817,86da958670725c67a3a61a8feb90f94ee215699325a6588553f283ca04599376
2022,romana,Limba romana,rezerva-iunie,Rezerva iunie,subiect,2022-iunie-rezerva-real-tehnologic-subiect.pdf,bac/2022/romana/rezerva-iunie/2022-iunie-rezerva-real-tehnologic-subiect.pdf,210638,65732758650e919ec1b2cc52a94b5d5b43e162363de0fb0dc3d220fc63503777
2022,romana,Limba romana,rezerva-iunie,Rezerva iunie,barem,2022-iunie-rezerva-uman-pedagogic-barem.pdf,bac/2022/romana/rezerva-iunie/2022-iunie-rezerva-uman-pedagogic-barem.pdf,185374,aa4c071e48f93cbe556137b4120f4a40930db193a2ab3969d1260b851da545dc
2022,romana,Limba romana,rezerva-iunie,Rezerva iunie,subiect,2022-iunie-rezerva-uman-pedagogic-subiect.pdf,bac/2022/romana/rezerva-iunie/2022-iunie-rezerva-uman-pedagogic-subiect.pdf,209370,105a3ca1d71efdd341233d4a053767140662a4b6853cfb17369ca7605e6b59cb
2022,romana,Limba romana,sesiune-august,Sesiunea august,barem,2022-august-real-tehnologic-barem.pdf,bac/2022/romana/sesiune-august/2022-august-real-tehnologic-barem.pdf,185536,0d8533bc8ee31ae22b5047e55777fe6323e09f4d9937d95162f03e38ead30642
2022,romana,Limba romana,sesiune-august,Sesiunea august,subiect,2022-august-real-tehnologic-subiect.pdf,bac/2022/romana/sesiune-august/2022-august-real-tehnologic-subiect.pdf,184304,ffd0f4d27a5e29ce88db2138121fb4e3d3ce90b6b33f2b2646abeb459fcfd39f
2022,romana,Limba romana,sesiune-august,Sesiunea august,barem,2022-august-uman-pedagogic-barem.pdf,bac/2022/romana/sesiune-august/2022-august-uman-pedagogic-barem.pdf,184548,967472097447d9456b53acbf3ce210a065169dbb460df9e0ec67b3819c015aaf
2022,romana,Limba romana,sesiune-august,Sesiunea august,subiect,2022-august-uman-pedagogic-subiect.pdf,bac/2022/romana/sesiune-august/2022-august-uman-pedagogic-subiect.pdf,184161,23b3e305a4b77f6fb83456d4f8a66b58e9a78e0a9275348f0b3eaac94d68bd29
2022,romana,Limba romana,sesiune-iunie,Sesiunea iunie,barem,2022-iunie-real-tehnologic-barem.pdf,bac/2022/romana/sesiune-iunie/2022-iunie-real-tehnologic-barem.pdf,186709,612b1906137eda148fbe98494604c94b615ad37da792ccd90d1bd1eace128134
2022,romana,Limba romana,sesiune-iunie,Sesiunea iunie,subiect,2022-iunie-real-tehnologic-subiect.pdf,bac/2022/romana/sesiune-iunie/2022-iunie-real-tehnologic-subiect.pdf,208697,2fb71ffd6f3d62789bf5204770d44f5a1fd83a13b19efd5b7b4cf6c9771a2646
2022,romana,Limba romana,sesiune-iunie,Sesiunea iunie,barem,2022-iunie-uman-pedagogic-barem.pdf,bac/2022/romana/sesiune-iunie/2022-iunie-uman-pedagogic-barem.pdf,184561,f36e49cfa9581cbac5e4e702c5925cee2a3b3e5813fad9c1a6d512a7900afe45
2022,romana,Limba romana,sesiune-iunie,Sesiunea iunie,subiect,2022-iunie-uman-pedagogic-subiect.pdf,bac/2022/romana/sesiune-iunie/2022-iunie-uman-pedagogic-subiect.pdf,207372,df0493a7eb8d842d3c1012ac014e411bc4193bc77c05d85a8865ce2aebb4ac09
2022,romana,Limba romana,sesiune-speciala,Sesiunea speciala,barem,2022-speciala-real-tehnologic-barem.pdf,bac/2022/romana/sesiune-speciala/2022-speciala-real-tehnologic-barem.pdf,183609,ba13bf0b8d0b78b3367e7b606142f4ea5fe88dccc6008498c9de2c82711e1e95
2022,romana,Limba romana,sesiune-speciala,Sesiunea speciala,subiect,2022-speciala-real-tehnologic-subiect.pdf,bac/2022/romana/sesiune-speciala/2022-speciala-real-tehnologic-subiect.pdf,208055,be5e5e8e21e30afece4f4b1d5d54091406d531fe93bf80695d49fc9e2bd08b73
2022,romana,Limba romana,sesiune-speciala,Sesiunea speciala,barem,2022-speciala-uman-pedagogic-barem.pdf,bac/2022/romana/sesiune-speciala/2022-speciala-uman-pedagogic-barem.pdf,182074,56bfaacc14aaf9214937ddfbd8880aae22bcf8a740271145581ea3195879a76d
2022,romana,Limba romana,sesiune-speciala,Sesiunea speciala,subiect,2022-speciala-uman-pedagogic-subiect.pdf,bac/2022/romana/sesiune-speciala/2022-speciala-uman-pedagogic-subiect.pdf,206982,6ec9e789684fa30b1e27e86674a93030928feb2beb23d7ef7f3e14e047048cd8
2022,romana,Limba romana,simulare,Simulare,barem,2022-simulare-real-tehnologic-barem.pdf,bac/2022/romana/simulare/2022-simulare-real-tehnologic-barem.pdf,183418,6ada0e14aa11085905e238d2cdcca0da4e950eb75b165a8a801916347c7ab6e8
2022,romana,Limba romana,simulare,Simulare,subiect,2022-simulare-real-tehnologic-subiect.pdf,bac/2022/romana/simulare/2022-simulare-real-tehnologic-subiect.pdf,191831,2bb1053518c2166e4fe49683338d432337e93bba6bc40cd94ee28d75c6b7f2e0
2022,romana,Limba romana,simulare,Simulare,barem,2022-simulare-uman-pedagogic-barem.pdf,bac/2022/romana/simulare/2022-simulare-uman-pedagogic-barem.pdf,182140,9db429ded743ce227cb4eb7e8e2107c2a9f1a2125ea5b47bc99bca828b807e0e
2022,romana,Limba romana,simulare,Simulare,subiect,2022-simulare-uman-pedagogic-subiect.pdf,bac/2022/romana/simulare/2022-simulare-uman-pedagogic-subiect.pdf,191222,ff67fa2e07751d62a5496d66272fbe036e886e002ff6901cc445dd3135fdf0bf
2022,sociologie,Sociologie,model,Model,barem,2022-model-general-barem.pdf,bac/2022/sociologie/model/2022-model-general-barem.pdf,282573,88780aeafa84919821029ed44e31b62833dee20fc9d3f41146e900953481973b
2022,sociologie,Sociologie,model,Model,subiect,2022-model-general-subiect.pdf,bac/2022/sociologie/model/2022-model-general-subiect.pdf,319998,5d372816b35e154cd2d13a2a3580f7287daf537799a09906207e63bce6c2b457
2022,sociologie,Sociologie,sesiune-august,Sesiunea august,barem,2022-august-general-barem.pdf,bac/2022/sociologie/sesiune-august/2022-august-general-barem.pdf,66523,aaf7e837f372275da8e0f77317cb0dfaa18a2096f6c6e5e79e79eaa3b67d11ae
2022,sociologie,Sociologie,sesiune-august,Sesiunea august,subiect,2022-august-general-subiect.pdf,bac/2022/sociologie/sesiune-august/2022-august-general-subiect.pdf,91239,a756583e2f2a71faf9c3facfb2faa93636efd037820db96cae1743f8a87ad215
2022,sociologie,Sociologie,sesiune-iunie,Sesiunea iunie,barem,2022-iunie-general-barem.pdf,bac/2022/sociologie/sesiune-iunie/2022-iunie-general-barem.pdf,66846,a1c83c5222a80f852d22d16d6e01858eb3df7ace0219ef5b0a8de46e4d2a3af2
2022,sociologie,Sociologie,sesiune-iunie,Sesiunea iunie,subiect,2022-iunie-general-subiect.pdf,bac/2022/sociologie/sesiune-iunie/2022-iunie-general-subiect.pdf,81748,4a087135ca3c2eede78fed71886e4ff7ccd4d73de6a7418f91a33d30b99c3d72
2022,sociologie,Sociologie,sesiune-speciala,Sesiunea speciala,barem,2022-speciala-general-barem.pdf,bac/2022/sociologie/sesiune-speciala/2022-speciala-general-barem.pdf,280943,18e46edb3c1949c5ef5a70591a648d92f59bedb0497f9c738b9afcb1af8e1fd8
2022,sociologie,Sociologie,sesiune-speciala,Sesiunea speciala,subiect,2022-speciala-general-subiect.pdf,bac/2022/sociologie/sesiune-speciala/2022-speciala-general-subiect.pdf,180116,73073f05d3a55a6f48ffbd57a28441ad54fda12143c7c8cb1eb1b0a4c1235538
2022,sociologie,Sociologie,simulare,Simulare,barem,2022-simulare-general-barem.pdf,bac/2022/sociologie/simulare/2022-simulare-general-barem.pdf,281505,08462df6b157e5b49d2fd1abe066667e6c27a609c1504591b3445ba74ca0ed3c
2022,sociologie,Sociologie,simulare,Simulare,subiect,2022-simulare-general-subiect.pdf,bac/2022/sociologie/simulare/2022-simulare-general-subiect.pdf,320138,0bfe8ee2517841f6d78cf21dca4a366e0f9403b91eca22859cb2d8278a109511
2023,biologie,Biologie,model,Model,barem,2023-model-anatomie-fiziologie-barem.pdf,bac/2023/biologie/model/2023-model-anatomie-fiziologie-barem.pdf,153704,eecbf8173b0acddddb46471d996cde7ab0ab4a73b3a638313618842f25580fff
2023,biologie,Biologie,model,Model,subiect,2023-model-anatomie-fiziologie-subiect.pdf,bac/2023/biologie/model/2023-model-anatomie-fiziologie-subiect.pdf,143572,f3f34669ee750d79df78e75317331e16f869dc3009682660093da0bb5439af46
2023,biologie,Biologie,model,Model,barem,2023-model-vegetala-animala-barem.pdf,bac/2023/biologie/model/2023-model-vegetala-animala-barem.pdf,153864,61e57ff0b79a97ceb0be88f802d50ce10c21cc1ac2425890bef4ac03627aee42
2023,biologie,Biologie,model,Model,subiect,2023-model-vegetala-animala-subiect.pdf,bac/2023/biologie/model/2023-model-vegetala-animala-subiect.pdf,167230,65c5c20e15355dbdcc245a08cab22a31d9a51c5f5ba23d965962d7222ce103ad
2023,biologie,Biologie,rezerva-august,Rezerva august,barem,2023-august-rezerva-bio-veg-anim-barem.pdf,bac/2023/biologie/rezerva-august/2023-august-rezerva-bio-veg-anim-barem.pdf,79026,2c5b97f669c867c5bb92d21631649085b108f29846771ef84dfcac91c3733b5d
2023,biologie,Biologie,rezerva-august,Rezerva august,subiect,2023-august-rezerva-bio-veg-anim-subiect.pdf,bac/2023/biologie/rezerva-august/2023-august-rezerva-bio-veg-anim-subiect.pdf,91106,29c4854c91dce3c569f8eea7181ec98eb4dcfcbff186876b386985833c76bf6a
2023,biologie,Biologie,sesiune-august,Sesiunea august,barem,2023-august-anat-fiz-gen-ec-um-barem.pdf,bac/2023/biologie/sesiune-august/2023-august-anat-fiz-gen-ec-um-barem.pdf,80328,061468a7bd1c8057932390da3c4f41207154b6babbc58ff52fbfae64f14f9316
2023,biologie,Biologie,sesiune-august,Sesiunea august,subiect,2023-august-anat-fiz-gen-ec-um-subiect.pdf,bac/2023/biologie/sesiune-august/2023-august-anat-fiz-gen-ec-um-subiect.pdf,77768,1915e9612a67c6973874bbef48511d32b922607c2eb78bf37d663c66a3fd956a
2023,biologie,Biologie,sesiune-august,Sesiunea august,barem,2023-august-bio-veg-anim-barem.pdf,bac/2023/biologie/sesiune-august/2023-august-bio-veg-anim-barem.pdf,78717,066ec18f322cc588047ce049d015edd531d16eb69e1d109bbe43adba1af9eeee
2023,biologie,Biologie,sesiune-august,Sesiunea august,subiect,2023-august-bio-veg-anim-subiect.pdf,bac/2023/biologie/sesiune-august/2023-august-bio-veg-anim-subiect.pdf,90443,21c1f9c800b993fbe3f8a82e0a4d889198b5d099eee9e25fc24d9490be71217a
2023,biologie,Biologie,sesiune-iunie,Sesiunea iunie,barem,2023-iunie-anat-fiz-gen-ec-um-barem.pdf,bac/2023/biologie/sesiune-iunie/2023-iunie-anat-fiz-gen-ec-um-barem.pdf,79684,8cbcea5721e9e831ea666d5bb2f7dce3de2c57ac54e85f29444fd1d2a68053ea
2023,biologie,Biologie,sesiune-iunie,Sesiunea iunie,subiect,2023-iunie-anat-fiz-gen-ec-um-subiect.pdf,bac/2023/biologie/sesiune-iunie/2023-iunie-anat-fiz-gen-ec-um-subiect.pdf,78016,4163e061d80c21379f7fdff93df865e3678d1421997ebcecc82f820ca8433dac
2023,biologie,Biologie,sesiune-iunie,Sesiunea iunie,barem,2023-iunie-bio-veg-anim-barem.pdf,bac/2023/biologie/sesiune-iunie/2023-iunie-bio-veg-anim-barem.pdf,78970,651df11ccd76c196055d0a268ba8e43a0205db1079b3eb2b78ee925546b304fc
2023,biologie,Biologie,sesiune-iunie,Sesiunea iunie,subiect,2023-iunie-bio-veg-anim-subiect.pdf,bac/2023/biologie/sesiune-iunie/2023-iunie-bio-veg-anim-subiect.pdf,91360,a861ac9a9cb62035d76f03c445d58799d338b8ab090f6fa9ff5061fdd007b500
2023,biologie,Biologie,sesiune-speciala,Sesiunea speciala,barem,2023-speciala-anat-fiz-gen-ec-um-barem.pdf,bac/2023/biologie/sesiune-speciala/2023-speciala-anat-fiz-gen-ec-um-barem.pdf,79804,05a1710c7ae6912b8c2e218acf9595eb0f9e613782b249bd4b8d672333c7732c
2023,biologie,Biologie,sesiune-speciala,Sesiunea speciala,subiect,2023-speciala-anat-fiz-gen-ec-um-subiect.pdf,bac/2023/biologie/sesiune-speciala/2023-speciala-anat-fiz-gen-ec-um-subiect.pdf,77181,d20118a280b99082ba64ebb0bad08c335293132229b18733bfddb4e89884306b
2023,biologie,Biologie,sesiune-speciala,Sesiunea speciala,barem,2023-speciala-bio-veg-anim-barem.pdf,bac/2023/biologie/sesiune-speciala/2023-speciala-bio-veg-anim-barem.pdf,78957,eed17414043e771f2032bfb22f635725c4b2e64fe83f6daa00f6915b06cedfee
2023,biologie,Biologie,sesiune-speciala,Sesiunea speciala,subiect,2023-speciala-bio-veg-anim-subiect.pdf,bac/2023/biologie/sesiune-speciala/2023-speciala-bio-veg-anim-subiect.pdf,90663,bcd8e021a04f1b0d4d5582a5ea00989d08fb57b07297934ea657a04b2f6d906a
2023,biologie,Biologie,simulare,Simulare,barem,2023-simulare-anatomie-fiziologie-barem.pdf,bac/2023/biologie/simulare/2023-simulare-anatomie-fiziologie-barem.pdf,157142,97b5c96d376467a3d8d66f15cfb58fae0a4ca1a14b5fc20510bfc98277908586
2023,biologie,Biologie,simulare,Simulare,subiect,2023-simulare-anatomie-fiziologie-subiect.pdf,bac/2023/biologie/simulare/2023-simulare-anatomie-fiziologie-subiect.pdf,149743,7a664aaf783ad66ec4cc1a47eb7e698c3055f67c28770e45e3d8f9d216f707d8
2023,biologie,Biologie,simulare,Simulare,barem,2023-simulare-vegetala-animala-barem.pdf,bac/2023/biologie/simulare/2023-simulare-vegetala-animala-barem.pdf,159539,e077992cb6c6fdb91a54cbe3312c4ad1dc2bdeddfb8ee9a5d93c7d678ed3d20d
2023,biologie,Biologie,simulare,Simulare,subiect,2023-simulare-vegetala-animala-subiect.pdf,bac/2023/biologie/simulare/2023-simulare-vegetala-animala-subiect.pdf,178043,67883a85c652cbdb272c6fdac36cfd433d1832ea9dfcdb465176cb6271efec4f
2023,chimie,Chimie,model,Model,barem,2023-model-anorganica-barem.pdf,bac/2023/chimie/model/2023-model-anorganica-barem.pdf,147971,dd0e62c685a0985f15d4a676ad9ef6a77ec8a2cf539d247690834d54413cca1c
2023,chimie,Chimie,model,Model,subiect,2023-model-anorganica-subiect.pdf,bac/2023/chimie/model/2023-model-anorganica-subiect.pdf,178088,dd4580f48d8f839e7f2fb91cf8400fd1429fa2a5adb24d333cdd09b462170501
2023,chimie,Chimie,model,Model,barem,2023-model-organica-barem.pdf,bac/2023/chimie/model/2023-model-organica-barem.pdf,149184,8214728f3f8fa2d9d87c4f1eee7b7a6ee52a8b03dcddbf1a504ba9749e6f90de
2023,chimie,Chimie,model,Model,subiect,2023-model-organica-subiect.pdf,bac/2023/chimie/model/2023-model-organica-subiect.pdf,163931,3b7fd93b7f479cdb568d15a9b870323455e85f82ed7dd6ec9a5ec81db6fa0fd0
2023,chimie,Chimie,sesiune-august,Sesiunea august,barem,2023-august-chimie-anorganica-barem.pdf,bac/2023/chimie/sesiune-august/2023-august-chimie-anorganica-barem.pdf,70535,ed22d3a75bbf9a0956f2e313a9c9a495a78e87287553bfc4dfb67fe05552b75f
2023,chimie,Chimie,sesiune-august,Sesiunea august,subiect,2023-august-chimie-anorganica-subiect.pdf,bac/2023/chimie/sesiune-august/2023-august-chimie-anorganica-subiect.pdf,89568,be34d605f71d851a0eed5ec5661f203ac63ce27df998df4a79bb729de115802e
2023,chimie,Chimie,sesiune-august,Sesiunea august,barem,2023-august-chimie-organica-barem.pdf,bac/2023/chimie/sesiune-august/2023-august-chimie-organica-barem.pdf,73202,1b5c02160a443282ba6b5aca1c9b9c136305638543c71ea6cc298a68375d902e
2023,chimie,Chimie,sesiune-august,Sesiunea august,subiect,2023-august-chimie-organica-subiect.pdf,bac/2023/chimie/sesiune-august/2023-august-chimie-organica-subiect.pdf,69793,ec15324591307ec46138f884e22d73c43c5391a8288e44406a334903420630fa
2023,chimie,Chimie,sesiune-iunie,Sesiunea iunie,barem,2023-iunie-chimie-anorganica-barem.pdf,bac/2023/chimie/sesiune-iunie/2023-iunie-chimie-anorganica-barem.pdf,144230,8275e18c9e06967bce571d01af47c146cfd9294f7e3f98d87a3d1c6a13b0ef22
2023,chimie,Chimie,sesiune-iunie,Sesiunea iunie,subiect,2023-iunie-chimie-anorganica-subiect.pdf,bac/2023/chimie/sesiune-iunie/2023-iunie-chimie-anorganica-subiect.pdf,176503,71fce42f1fb48505d6b603e5b7d8b2b06d1fc1b46faf30c040c9f884efa3d17d
2023,chimie,Chimie,sesiune-iunie,Sesiunea iunie,barem,2023-iunie-chimie-organica-barem.pdf,bac/2023/chimie/sesiune-iunie/2023-iunie-chimie-organica-barem.pdf,147840,5f7caf41b26e4e054409150d467714f5cd9a002952ba4da7d40ea8162e302b5e
2023,chimie,Chimie,sesiune-iunie,Sesiunea iunie,subiect,2023-iunie-chimie-organica-subiect.pdf,bac/2023/chimie/sesiune-iunie/2023-iunie-chimie-organica-subiect.pdf,137961,4c62eab0b810c6dac9a42227dcb98e951d1969abb1b561839168f9aa4b02d4ed
2023,chimie,Chimie,sesiune-speciala,Sesiunea speciala,barem,2023-speciala-chimie-anorganica-barem.pdf,bac/2023/chimie/sesiune-speciala/2023-speciala-chimie-anorganica-barem.pdf,147901,18e0cfc723f7132ecb61f90ddc87551497c3c01044ec722c13185bd658224ccd
2023,chimie,Chimie,sesiune-speciala,Sesiunea speciala,subiect,2023-speciala-chimie-anorganica-subiect.pdf,bac/2023/chimie/sesiune-speciala/2023-speciala-chimie-anorganica-subiect.pdf,152768,3ec2a8a102574b3636aa2f6c6daebc2108a46c8d51e8cdf6d3427bdea907c959
2023,chimie,Chimie,sesiune-speciala,Sesiunea speciala,barem,2023-speciala-chimie-organica-barem.pdf,bac/2023/chimie/sesiune-speciala/2023-speciala-chimie-organica-barem.pdf,142297,14a3f578864540abcc8be27a2699a42bc236b50964d0aef91e5212bdf9b01b98
2023,chimie,Chimie,sesiune-speciala,Sesiunea speciala,subiect,2023-speciala-chimie-organica-subiect.pdf,bac/2023/chimie/sesiune-speciala/2023-speciala-chimie-organica-subiect.pdf,133785,6ff443164f749b9f993315c0ada7a824ea6eb888d6f0edbda7b30d33af965cbf
2023,chimie,Chimie,simulare,Simulare,barem,2023-simulare-anorganica-barem.pdf,bac/2023/chimie/simulare/2023-simulare-anorganica-barem.pdf,148243,545faa5291172bd56f478fa0b4263342169bd6d31a7debb43ba3529a7aeaa34b
2023,chimie,Chimie,simulare,Simulare,subiect,2023-simulare-anorganica-subiect.pdf,bac/2023/chimie/simulare/2023-simulare-anorganica-subiect.pdf,182930,68917f77c52508e5823ecb8881d3e49b4f64b37c74fb1d07e74abf0a04ce9460
2023,chimie,Chimie,simulare,Simulare,barem,2023-simulare-organica-barem.pdf,bac/2023/chimie/simulare/2023-simulare-organica-barem.pdf,145143,f72bed01bcc82e4dac9e37e28fcb68aafa54a9e9643a5e6942d2df9eb109f511
2023,chimie,Chimie,simulare,Simulare,subiect,2023-simulare-organica-subiect.pdf,bac/2023/chimie/simulare/2023-simulare-organica-subiect.pdf,144215,f1731da575d153de0c5b84c024fdc479a9b79c935da3e3f0c4b791e0ce4bff15
2023,economie,Economie,model,Model,barem,2023-model-general-barem.pdf,bac/2023/economie/model/2023-model-general-barem.pdf,201707,a18cc5fa7750e81af201f0f6b6a08b58a10f5daa94a263d20710a8064952d278
2023,economie,Economie,model,Model,subiect,2023-model-general-subiect.pdf,bac/2023/economie/model/2023-model-general-subiect.pdf,216891,0deec80aa9ae4e90057fef717b761b86ef4be7a702046c0f1d5159f4f5997b65
2023,economie,Economie,sesiune-august,Sesiunea august,barem,2023-august-economie-barem.pdf,bac/2023/economie/sesiune-august/2023-august-economie-barem.pdf,84289,9691790660f032a03cc329d2181a113512a121767f57d82c59fdcebeda3f2950
2023,economie,Economie,sesiune-august,Sesiunea august,subiect,2023-august-economie-subiect.pdf,bac/2023/economie/sesiune-august/2023-august-economie-subiect.pdf,95959,398ce332dcafa18298bb81d4d6b1b78354ec07f621fc79873c054b661488ffa8
2023,economie,Economie,sesiune-iunie,Sesiunea iunie,barem,2023-iunie-economie-barem.pdf,bac/2023/economie/sesiune-iunie/2023-iunie-economie-barem.pdf,172144,f9667bbadaea70272e7e470f22073751af2322ed2101586e626cb33a4123f6c6
2023,economie,Economie,sesiune-iunie,Sesiunea iunie,subiect,2023-iunie-economie-subiect.pdf,bac/2023/economie/sesiune-iunie/2023-iunie-economie-subiect.pdf,184769,a8f49ecb6b5c749e3fa0572b49d14dac44936ddf3a5be631163d54ab7610baa4
2023,economie,Economie,simulare,Simulare,barem,2023-simulare-general-barem.pdf,bac/2023/economie/simulare/2023-simulare-general-barem.pdf,171725,a0e74abe3a3b9e5057c238a7786ce5c8c14dbe90d8a0f90282b909be66f3f01c
2023,economie,Economie,simulare,Simulare,subiect,2023-simulare-general-subiect.pdf,bac/2023/economie/simulare/2023-simulare-general-subiect.pdf,186403,b9116b7c09733d7cb8d1ceea1074d8005ed62691b856226b3ed446d5a7dd6b5f
2023,filosofie,Filosofie,model,Model,barem,2023-model-general-barem.pdf,bac/2023/filosofie/model/2023-model-general-barem.pdf,82542,1f6781e6068dc77eaa949824276870cc4610cc6735931fd883dd8182f7becfd0
2023,filosofie,Filosofie,model,Model,subiect,2023-model-general-subiect.pdf,bac/2023/filosofie/model/2023-model-general-subiect.pdf,294972,49ca10b0839b6feb1020f908a62999e06efff41b66f87bf2e802186f0651baa9
2023,filosofie,Filosofie,sesiune-august,Sesiunea august,barem,2023-august-filosofie-barem.pdf,bac/2023/filosofie/sesiune-august/2023-august-filosofie-barem.pdf,65459,5c43067a2606946ab8d8dff691d940a6326177e38b56ed4dfb97dffebedd86c1
2023,filosofie,Filosofie,sesiune-august,Sesiunea august,subiect,2023-august-filosofie-subiect.pdf,bac/2023/filosofie/sesiune-august/2023-august-filosofie-subiect.pdf,76583,ad1b588d1c0d003407e2ea3fecfaa43178e4541687c09a6a4301535af7782822
2023,filosofie,Filosofie,sesiune-iunie,Sesiunea iunie,barem,2023-iunie-filosofie-barem.pdf,bac/2023/filosofie/sesiune-iunie/2023-iunie-filosofie-barem.pdf,134024,108a65a07e2c321a0a2de49b93f468c27ad45e4ebf0d30e958c6fd014868c409
2023,filosofie,Filosofie,sesiune-iunie,Sesiunea iunie,subiect,2023-iunie-filosofie-subiect.pdf,bac/2023/filosofie/sesiune-iunie/2023-iunie-filosofie-subiect.pdf,148836,c9f2245e6c017791be6bc450457fa5647cf74bb390770f34a0690a350fea6454
2023,filosofie,Filosofie,simulare,Simulare,barem,2023-simulare-general-barem.pdf,bac/2023/filosofie/simulare/2023-simulare-general-barem.pdf,282343,a58a672c6e61da54e2ae6c63b5756ed34296fac89acbac4c070e92f8bb84e5ec
2023,filosofie,Filosofie,simulare,Simulare,subiect,2023-simulare-general-subiect.pdf,bac/2023/filosofie/simulare/2023-simulare-general-subiect.pdf,318969,dd7a48dc03d00dfd086ad918f399c0ad7ab15ac1ca610174f047762797073e61
2023,fizica,Fizica,model,Model,barem,2023-model-tehnologic-barem.pdf,bac/2023/fizica/model/2023-model-tehnologic-barem.pdf,218695,775bf4ae0087810dfa511fd55cd3a4f81889fbad537245aa872433a24df811af
2023,fizica,Fizica,model,Model,subiect,2023-model-tehnologic-subiect.pdf,bac/2023/fizica/model/2023-model-tehnologic-subiect.pdf,267816,dc629c43bc3f02e4a030248aa1f2ec5eb030fbeea20cfc985c05918e84c6769b
2023,fizica,Fizica,model,Model,barem,2023-model-teoretic-vocational-barem.pdf,bac/2023/fizica/model/2023-model-teoretic-vocational-barem.pdf,240358,6ca89c7de47c268b5cd28e150cb8784c5c8a62b8f91074b886cf566814ef9d5c
2023,fizica,Fizica,model,Model,subiect,2023-model-teoretic-vocational-subiect.pdf,bac/2023/fizica/model/2023-model-teoretic-vocational-subiect.pdf,280498,8ccfc80b234a6ee471262532461e01ee75a41d545e7752b00c49705eeb3ec857
2023,fizica,Fizica,rezerva-iunie,Rezerva iunie,barem,2023-iunie-rezerva-fizica-teoretic-vocational-barem.pdf,bac/2023/fizica/rezerva-iunie/2023-iunie-rezerva-fizica-teoretic-vocational-barem.pdf,257612,5f89db5456476481a69a2e4c4c399143f81570c87aa0fc89b342f4c8540e9785
2023,fizica,Fizica,rezerva-iunie,Rezerva iunie,subiect,2023-iunie-rezerva-fizica-teoretic-vocational-subiect.pdf,bac/2023/fizica/rezerva-iunie/2023-iunie-rezerva-fizica-teoretic-vocational-subiect.pdf,213788,c9c195235f4557d7ad51331dae0d8a2089a9fbd16e3d24db4a56b1a3b7470043
2023,fizica,Fizica,sesiune-august,Sesiunea august,barem,2023-august-fizica-tehnologic-barem.pdf,bac/2023/fizica/sesiune-august/2023-august-fizica-tehnologic-barem.pdf,220547,fcd37865d4475b5b4e19512af75f1c05949da504fd478e59525f06b217988079
2023,fizica,Fizica,sesiune-august,Sesiunea august,subiect,2023-august-fizica-tehnologic-subiect.pdf,bac/2023/fizica/sesiune-august/2023-august-fizica-tehnologic-subiect.pdf,350786,c7cd8c7d1073278ad791559bce828d3e189c52ebd87dd1502ec64d7e4d5fec5e
2023,fizica,Fizica,sesiune-august,Sesiunea august,barem,2023-august-fizica-teoretic-vocational-barem.pdf,bac/2023/fizica/sesiune-august/2023-august-fizica-teoretic-vocational-barem.pdf,240631,50469d05a4452be950cda6f8ea86d148614838668ed51a11f2af01d20ac2c808
2023,fizica,Fizica,sesiune-august,Sesiunea august,subiect,2023-august-fizica-teoretic-vocational-subiect.pdf,bac/2023/fizica/sesiune-august/2023-august-fizica-teoretic-vocational-subiect.pdf,328636,de7c01855911344c2e49bfb8a4fc31882328ccee6812c7580dadd7ecb17ccb19
2023,fizica,Fizica,sesiune-iunie,Sesiunea iunie,barem,2023-iunie-fizica-tehnologic-barem.pdf,bac/2023/fizica/sesiune-iunie/2023-iunie-fizica-tehnologic-barem.pdf,230428,105e04e8cb95045b0f48dd7791b6a733a8a1590232f660f362acc92ed9855e16
2023,fizica,Fizica,sesiune-iunie,Sesiunea iunie,subiect,2023-iunie-fizica-tehnologic-subiect.pdf,bac/2023/fizica/sesiune-iunie/2023-iunie-fizica-tehnologic-subiect.pdf,306522,1b5f7ff24edf848671877d406aab84bcb860918bc3c1c4f3a8591315fb2252cd
2023,fizica,Fizica,sesiune-iunie,Sesiunea iunie,barem,2023-iunie-fizica-teoretic-vocational-barem.pdf,bac/2023/fizica/sesiune-iunie/2023-iunie-fizica-teoretic-vocational-barem.pdf,248349,5391b8dfc1291c7ec9540230238f465f13d2c69b5c9de683b7589c88a4147655
2023,fizica,Fizica,sesiune-iunie,Sesiunea iunie,subiect,2023-iunie-fizica-teoretic-vocational-subiect.pdf,bac/2023/fizica/sesiune-iunie/2023-iunie-fizica-teoretic-vocational-subiect.pdf,321148,cee7314ec8542f71dd21cf1b2482409a538c2a9a2b8823d6ade0240ee9ccb8a4
2023,fizica,Fizica,sesiune-speciala,Sesiunea speciala,barem,2023-speciala-fizica-teoretic-vocational-barem.pdf,bac/2023/fizica/sesiune-speciala/2023-speciala-fizica-teoretic-vocational-barem.pdf,232824,f21b93a6b55a3f9fb86480464bea90fe531a08db389ad7abdc94d3918efb5976
2023,fizica,Fizica,sesiune-speciala,Sesiunea speciala,subiect,2023-speciala-fizica-teoretic-vocational-subiect.pdf,bac/2023/fizica/sesiune-speciala/2023-speciala-fizica-teoretic-vocational-subiect.pdf,315237,ff2d3cb8c388d7d196d5a878bff213dbfeb29ab908781e4bfaa372c6fcd5a41e
2023,fizica,Fizica,simulare,Simulare,barem,2023-simulare-tehnologic-barem.pdf,bac/2023/fizica/simulare/2023-simulare-tehnologic-barem.pdf,231801,67e27ce84db6e8a4eba5ad78f70934f7753318201f6ce37b0dca033e860762c0
2023,fizica,Fizica,simulare,Simulare,subiect,2023-simulare-tehnologic-subiect.pdf,bac/2023/fizica/simulare/2023-simulare-tehnologic-subiect.pdf,303244,9540649701887a8a98c9db59ffc2bcb6b1c0595b6be8fe1111d84967ea2e9864
2023,fizica,Fizica,simulare,Simulare,barem,2023-simulare-teoretic-vocational-barem.pdf,bac/2023/fizica/simulare/2023-simulare-teoretic-vocational-barem.pdf,278490,c71f776759476ea38585ed5cc301241746b251045f447175927905707efbffaa
2023,fizica,Fizica,simulare,Simulare,subiect,2023-simulare-teoretic-vocational-subiect.pdf,bac/2023/fizica/simulare/2023-simulare-teoretic-vocational-subiect.pdf,381578,b1f310338c6d58cab3424d84f78b14f92a924ec7c88a58af4e7b29f26288ef15
2023,geografie,Geografie,model,Model,barem,2023-model-general-barem.pdf,bac/2023/geografie/model/2023-model-general-barem.pdf,200509,211e53be381a609c7dc1f836e56cd5a7b4ee2ba5f083ec8e6def53d6bf21f405
2023,geografie,Geografie,model,Model,subiect,2023-model-general-subiect.pdf,bac/2023/geografie/model/2023-model-general-subiect.pdf,317066,6598885be123939173085cc601031e25e89060976f9d7bde82d81cf64adbf105
2023,geografie,Geografie,rezerva-august,Rezerva august,barem,2023-august-rezerva-geografie-barem.pdf,bac/2023/geografie/rezerva-august/2023-august-rezerva-geografie-barem.pdf,100876,8bfc43062fc166bef8357e92a340b3bdeb0b29fb727b34dde42e0f4605203fce
2023,geografie,Geografie,rezerva-august,Rezerva august,subiect,2023-august-rezerva-geografie-subiect.pdf,bac/2023/geografie/rezerva-august/2023-august-rezerva-geografie-subiect.pdf,184802,b9eafb96b56e28d34c4a41a858822d03a7d4a97e1dfc93ef8f3649c41c06edce
2023,geografie,Geografie,sesiune-august,Sesiunea august,barem,2023-august-geografie-barem.pdf,bac/2023/geografie/sesiune-august/2023-august-geografie-barem.pdf,103341,adbe6cfd60198a86ebbe322cb04fcc3f4e170b886d361e76e3e0bf35e9f6586b
2023,geografie,Geografie,sesiune-august,Sesiunea august,subiect,2023-august-geografie-subiect.pdf,bac/2023/geografie/sesiune-august/2023-august-geografie-subiect.pdf,175132,5afd0be9e0c810a33f4ce17061079a6cda424f8370a5e27032963057f19332f4
2023,geografie,Geografie,sesiune-iunie,Sesiunea iunie,barem,2023-iunie-geografie-barem.pdf,bac/2023/geografie/sesiune-iunie/2023-iunie-geografie-barem.pdf,200858,7029b0f2d300975ccdf94fc71d9e033da89b372a408919382e6b47c022c514a3
2023,geografie,Geografie,sesiune-iunie,Sesiunea iunie,subiect,2023-iunie-geografie-subiect.pdf,bac/2023/geografie/sesiune-iunie/2023-iunie-geografie-subiect.pdf,331930,741bfdc7f55525d6d3d58ca010459475e21f0e54467f228642cfab20b9ae288e
2023,geografie,Geografie,sesiune-speciala,Sesiunea speciala,barem,2023-speciala-geografie-barem.pdf,bac/2023/geografie/sesiune-speciala/2023-speciala-geografie-barem.pdf,198227,aa1a220c4931068798321e22fb685c0001012da1d3ce9b6cb9c1a453ece55abb
2023,geografie,Geografie,sesiune-speciala,Sesiunea speciala,subiect,2023-speciala-geografie-subiect.pdf,bac/2023/geografie/sesiune-speciala/2023-speciala-geografie-subiect.pdf,311553,9670f38fa37a7a99248063e1a6b6d9bf39e31fa5ecb3037bf78c8e63d50099d2
2023,geografie,Geografie,simulare,Simulare,barem,2023-simulare-general-barem.pdf,bac/2023/geografie/simulare/2023-simulare-general-barem.pdf,200952,7e6bc0974b49729e464f07cfa87abd23eaa8f4e8cd1139bc7f9c266ad17ea3b4
2023,geografie,Geografie,simulare,Simulare,subiect,2023-simulare-general-subiect.pdf,bac/2023/geografie/simulare/2023-simulare-general-subiect.pdf,308894,eea2f6104fc326a73eccb5488950ed4d592fe7c2c7a9411e97d218d890852a95
2023,informatica,Informatica,model,Model,barem,2023-model-mate-info-barem.pdf,bac/2023/informatica/model/2023-model-mate-info-barem.pdf,104313,0a1c613241ac70e19e5281e87c69c395eabb96ce5c3a1f11e16a59ec8b0b8e8c
2023,informatica,Informatica,model,Model,subiect,2023-model-mate-info-c-subiect.pdf,bac/2023/informatica/model/2023-model-mate-info-c-subiect.pdf,252224,9c3062047b2dbf7545ab27438a7ebd7d86eedb508e6b8f5f4a0796fa54d37347
2023,informatica,Informatica,model,Model,subiect,2023-model-mate-info-pascal-subiect.pdf,bac/2023/informatica/model/2023-model-mate-info-pascal-subiect.pdf,252104,ac7533db56e5a1609fdd5cce23ef129f20a1b1a2a392add555502179a0b9f544
2023,informatica,Informatica,model,Model,barem,2023-model-stiinte-naturii-barem.pdf,bac/2023/informatica/model/2023-model-stiinte-naturii-barem.pdf,103074,01e0440aed7f876789d9dd78b91ff45a6cccaa68c771edb2b30493f64ddbab95
2023,informatica,Informatica,model,Model,subiect,2023-model-stiinte-naturii-c-subiect.pdf,bac/2023/informatica/model/2023-model-stiinte-naturii-c-subiect.pdf,245249,ec6d1f988df31d2efc37a5c89383059e6a6e8076edcd5fe355e911c14d3e4961
2023,informatica,Informatica,model,Model,subiect,2023-model-stiinte-naturii-pascal-subiect.pdf,bac/2023/informatica/model/2023-model-stiinte-naturii-pascal-subiect.pdf,245447,832b6e565d44f733388880fc827f5abd0afaab235c1afdd2565a349131d4822e
2023,informatica,Informatica,sesiune-august,Sesiunea august,barem,2023-august-informatica-2023-sp-mi-barem.pdf,bac/2023/informatica/sesiune-august/2023-august-informatica-2023-sp-mi-barem.pdf,102804,ddb21ef5355c360037a2abd4602d92c629129c4974badf433cb89c9cc3e33ed7
2023,informatica,Informatica,sesiune-august,Sesiunea august,subiect,2023-august-informatica-2023-sp-mi-c-subiect.pdf,bac/2023/informatica/sesiune-august/2023-august-informatica-2023-sp-mi-c-subiect.pdf,120859,cafc9c67197892941c461087b2d9ffc83bef2414c33545d0fc14d1ec5b460fdd
2023,informatica,Informatica,sesiune-august,Sesiunea august,subiect,2023-august-informatica-2023-sp-mi-pascal-subiect.pdf,bac/2023/informatica/sesiune-august/2023-august-informatica-2023-sp-mi-pascal-subiect.pdf,120504,f8ff8b86bd0d916c60b8669d8ac985d5b7475b11c478bd9e555ff361d16104a7
2023,informatica,Informatica,sesiune-august,Sesiunea august,barem,2023-august-informatica-2023-sp-sn-barem.pdf,bac/2023/informatica/sesiune-august/2023-august-informatica-2023-sp-sn-barem.pdf,102901,d4aa142cddaf51b39cd37b6ce581f830051427dc5cf79bb2ddeaf79c49316fd2
2023,informatica,Informatica,sesiune-august,Sesiunea august,subiect,2023-august-informatica-2023-sp-sn-c-subiect.pdf,bac/2023/informatica/sesiune-august/2023-august-informatica-2023-sp-sn-c-subiect.pdf,117812,63690dc74ae0b12c641db7ff9ecbe6c93fcfb3d6ec2c62d3ce63c9063532339e
2023,informatica,Informatica,sesiune-august,Sesiunea august,subiect,2023-august-informatica-2023-sp-sn-pascal-subiect.pdf,bac/2023/informatica/sesiune-august/2023-august-informatica-2023-sp-sn-pascal-subiect.pdf,117595,1ed2811c6edf2033dffa2fffc5eab92c503e91cc93593ed8215fb517ccac2e82
2023,informatica,Informatica,sesiune-iunie,Sesiunea iunie,barem,2023-iunie-informatica-2023-sp-mi-barem.pdf,bac/2023/informatica/sesiune-iunie/2023-iunie-informatica-2023-sp-mi-barem.pdf,105657,6072a7a76bc4948baa628d1bd0c0dcd89966f254430573d064ba0ca35eb61673
2023,informatica,Informatica,sesiune-iunie,Sesiunea iunie,subiect,2023-iunie-informatica-2023-sp-mi-c-subiect.pdf,bac/2023/informatica/sesiune-iunie/2023-iunie-informatica-2023-sp-mi-c-subiect.pdf,126283,c77c402f3aa43afd6b450e4c9b9745ed52909f55f489008a1735cf83826e24d8
2023,informatica,Informatica,sesiune-iunie,Sesiunea iunie,subiect,2023-iunie-informatica-2023-sp-mi-pascal-subiect.pdf,bac/2023/informatica/sesiune-iunie/2023-iunie-informatica-2023-sp-mi-pascal-subiect.pdf,126407,a772398dcfe9f089ba8f7b214c31a333b1ee3e72cf3ad149c92ad71cb55bfbf2
2023,informatica,Informatica,sesiune-iunie,Sesiunea iunie,barem,2023-iunie-informatica-2023-sp-sn-barem.pdf,bac/2023/informatica/sesiune-iunie/2023-iunie-informatica-2023-sp-sn-barem.pdf,103063,603f47b7fdf455c90140ea3cf469d9eb4fe8bbf3d6ad83c275f3effcb3d8ec04
2023,informatica,Informatica,sesiune-iunie,Sesiunea iunie,subiect,2023-iunie-informatica-2023-sp-sn-c-subiect.pdf,bac/2023/informatica/sesiune-iunie/2023-iunie-informatica-2023-sp-sn-c-subiect.pdf,122038,c453d9614dc849408516acc31683f8e0b06e4cf3b3da2c1dc9b4e3b822808590
2023,informatica,Informatica,sesiune-iunie,Sesiunea iunie,subiect,2023-iunie-informatica-2023-sp-sn-pascal-subiect.pdf,bac/2023/informatica/sesiune-iunie/2023-iunie-informatica-2023-sp-sn-pascal-subiect.pdf,121725,7e3fce91dbd61f1c29411bbacc64a7fff31cb7c151c70eca9dc69a6e810fccb2
2023,informatica,Informatica,sesiune-speciala,Sesiunea speciala,barem,2023-speciala-informatica-2023-sp-mi-barem.pdf,bac/2023/informatica/sesiune-speciala/2023-speciala-informatica-2023-sp-mi-barem.pdf,104330,a49ac7e7bac274dc8ab9820b6911048dc15c972a27e3e53c7041f741d8e2b29e
2023,informatica,Informatica,sesiune-speciala,Sesiunea speciala,subiect,2023-speciala-informatica-2023-sp-mi-c-subiect.pdf,bac/2023/informatica/sesiune-speciala/2023-speciala-informatica-2023-sp-mi-c-subiect.pdf,123115,7861ab1a6cee3d00b4f59e6612da5b22b685f0202878bd5382a51e521d5ae8a1
2023,informatica,Informatica,simulare,Simulare,barem,2023-simulare-mi-barem.pdf,bac/2023/informatica/simulare/2023-simulare-mi-barem.pdf,216787,758a764b753ba37e825a22a12f1b2250496f9d53f3dce8941b297531bcd9d6e9
2023,informatica,Informatica,simulare,Simulare,subiect,2023-simulare-mi-c-subiect.pdf,bac/2023/informatica/simulare/2023-simulare-mi-c-subiect.pdf,232069,8ee57682f25e9ea8719707e6398f6fdfcf4581fa44cc025767bd68d885af1df8
2023,informatica,Informatica,simulare,Simulare,subiect,2023-simulare-mi-pascal-subiect.pdf,bac/2023/informatica/simulare/2023-simulare-mi-pascal-subiect.pdf,231779,2c74ec50ecdc3f39a672df9c5f9c44939bc0c891362c2aa01567ea2f9eb0c516
2023,informatica,Informatica,simulare,Simulare,barem,2023-simulare-sn-barem.pdf,bac/2023/informatica/simulare/2023-simulare-sn-barem.pdf,214457,e44371d91032c3a8d0aecce0c39205e70551855f242515eed114a0d7336332d4
2023,informatica,Informatica,simulare,Simulare,subiect,2023-simulare-sn-c-subiect.pdf,bac/2023/informatica/simulare/2023-simulare-sn-c-subiect.pdf,221409,762c70c579e82687660d4c2a83b6bccfc8cc825b7fb5248a12e80bf3747982c4
2023,informatica,Informatica,simulare,Simulare,subiect,2023-simulare-sn-pascal-subiect.pdf,bac/2023/informatica/simulare/2023-simulare-sn-pascal-subiect.pdf,220872,3ca12eb5088d325e41e1f4f255a93ebc3ca27f5db1499b1980c4c4248c88f458
2023,istorie,Istorie,model,Model,barem,2023-model-istorie-barem.pdf,bac/2023/istorie/model/2023-model-istorie-barem.pdf,206593,56124dec8bc11b8384bdb0a6589e0d9ba2fd8e6edd2cf7580999cd23cf842956
2023,istorie,Istorie,model,Model,subiect,2023-model-istorie-subiect.pdf,bac/2023/istorie/model/2023-model-istorie-subiect.pdf,197435,ce6e10ec65247b384b14250598b2ae5743bf6e52c36a30fab4951e9aba837444
2023,istorie,Istorie,sesiune-august,Sesiunea august,barem,2023-august-istorie-barem.pdf,bac/2023/istorie/sesiune-august/2023-august-istorie-barem.pdf,106895,0d56598b719134ee72e52df201ab137f79cbb78024be57c74af5950681934659
2023,istorie,Istorie,sesiune-august,Sesiunea august,subiect,2023-august-istorie-subiect.pdf,bac/2023/istorie/sesiune-august/2023-august-istorie-subiect.pdf,106766,c31f8e3124ffa676d74a7be43dabe9f09a3b9c34ebc4b3e26c36c09b69103e40
2023,istorie,Istorie,sesiune-iunie,Sesiunea iunie,barem,2023-iunie-istorie-barem.pdf,bac/2023/istorie/sesiune-iunie/2023-iunie-istorie-barem.pdf,104583,14aff06cd7dfb6143eb5dc469a5ec856fa4b80988c0ae9b0fdc3c8359c8f8e9c
2023,istorie,Istorie,sesiune-iunie,Sesiunea iunie,subiect,2023-iunie-istorie-subiect.pdf,bac/2023/istorie/sesiune-iunie/2023-iunie-istorie-subiect.pdf,104888,b101989e17e20294b83c7abffae3b8e0b4dd39e91f6022b1684d92a72c048ec3
2023,istorie,Istorie,sesiune-speciala,Sesiunea speciala,barem,2023-speciala-istorie-barem.pdf,bac/2023/istorie/sesiune-speciala/2023-speciala-istorie-barem.pdf,208817,a9d3014d8894295bc75a9acfc7cee4c2b0e77ef976f126e96c644a32855d6a3d
2023,istorie,Istorie,sesiune-speciala,Sesiunea speciala,subiect,2023-speciala-istorie-subiect.pdf,bac/2023/istorie/sesiune-speciala/2023-speciala-istorie-subiect.pdf,197240,64d16e9304e26ea7eaaf4173f11a7e1223a4fbdf4e197a03f9f091aa8fd5a757
2023,istorie,Istorie,simulare,Simulare,barem,2023-simulare-general-barem.pdf,bac/2023/istorie/simulare/2023-simulare-general-barem.pdf,201010,8f4376782147eba79a95c48e0cf207405192abdbea26ceabf1c8292104c55e73
2023,istorie,Istorie,simulare,Simulare,subiect,2023-simulare-general-subiect.pdf,bac/2023/istorie/simulare/2023-simulare-general-subiect.pdf,199082,11b1a21772cfe24d9d82abdd40edc5a94e9498c0a42f548152e89d3374e76bc3
2023,logica,Logica,model,Model,barem,2023-model-general-barem.pdf,bac/2023/logica/model/2023-model-general-barem.pdf,292977,ba9e4f32f6af0932e94e17467b9cc2fa4da69dc8fc00ab9c3a422da47b1ce4c0
2023,logica,Logica,model,Model,subiect,2023-model-general-subiect.pdf,bac/2023/logica/model/2023-model-general-subiect.pdf,302694,6f309424c6bf75c3f523d8fa367d7e9a7b4edb60667921cd52be3c9800f984ea
2023,logica,Logica,rezerva-iunie,Rezerva iunie,barem,2023-iunie-rezerva-logica-barem.pdf,bac/2023/logica/rezerva-iunie/2023-iunie-rezerva-logica-barem.pdf,186232,5ff1d38eedf4de07f510ae2f110fcd003d97590171aa07a33252eb140d7d7dc5
2023,logica,Logica,rezerva-iunie,Rezerva iunie,subiect,2023-iunie-rezerva-logica-subiect.pdf,bac/2023/logica/rezerva-iunie/2023-iunie-rezerva-logica-subiect.pdf,179084,01c597b89d88c616420dcd782553480830417c13086d84d23c81078cba329e1a
2023,logica,Logica,sesiune-august,Sesiunea august,barem,2023-august-logica-barem.pdf,bac/2023/logica/sesiune-august/2023-august-logica-barem.pdf,84035,a271142e3a9a40082ead0bc09c2b71142481dcc84027136ea677f42fc931eb7a
2023,logica,Logica,sesiune-august,Sesiunea august,subiect,2023-august-logica-subiect.pdf,bac/2023/logica/sesiune-august/2023-august-logica-subiect.pdf,78904,b32eb99e7e6d9bc8ca2f3689cabae6461f2c8952043e1ac84b6fd5c497c125f3
2023,logica,Logica,sesiune-iunie,Sesiunea iunie,barem,2023-iunie-logica-barem.pdf,bac/2023/logica/sesiune-iunie/2023-iunie-logica-barem.pdf,189831,6aeeb50db7d0ff7ffc324c6c5083c936c425714d5db73aa6edb2a8f5eb329ada
2023,logica,Logica,sesiune-iunie,Sesiunea iunie,subiect,2023-iunie-logica-subiect.pdf,bac/2023/logica/sesiune-iunie/2023-iunie-logica-subiect.pdf,176957,b09d4b4a8112428963535857a67b8ede58336f505072dd5b21fa03b626ca29e4
2023,logica,Logica,sesiune-speciala,Sesiunea speciala,barem,2023-speciala-logica-barem.pdf,bac/2023/logica/sesiune-speciala/2023-speciala-logica-barem.pdf,88778,f1ae36b44f6c9d1e1ffbb276ee7996e4f7a8f941d621851e3c6746de7948a922
2023,logica,Logica,sesiune-speciala,Sesiunea speciala,subiect,2023-speciala-logica-subiect.pdf,bac/2023/logica/sesiune-speciala/2023-speciala-logica-subiect.pdf,78745,639ec402c0a7930b643d1eb83a7503fa7ce24c8ca048302c60dd6575b046a669
2023,logica,Logica,simulare,Simulare,barem,2023-simulare-general-barem.pdf,bac/2023/logica/simulare/2023-simulare-general-barem.pdf,290006,244fc1a455f6ce465f852bbfa85757c35ad48caaf22d0466d3ad0a595a85b089
2023,logica,Logica,simulare,Simulare,subiect,2023-simulare-general-subiect.pdf,bac/2023/logica/simulare/2023-simulare-general-subiect.pdf,315399,7b9bc242cb160c9468da2fe47bfd2e22fb7f23ef232da6b1164c769fe9be8296
2023,matematica,Matematica,model,Model,barem,2023-model-mate-info-barem.pdf,bac/2023/matematica/model/2023-model-mate-info-barem.pdf,124896,c7086ec5e59162ab207f66a5e066b943b7aa785cf45c2fd144b2ba3ae57d6ab1
2023,matematica,Matematica,model,Model,subiect,2023-model-mate-info-subiect.pdf,bac/2023/matematica/model/2023-model-mate-info-subiect.pdf,108801,776ccb2b1bb4bb878eaf2d8bd7080df64aad2e04e6f9925116d952f1ea65f8f0
2023,matematica,Matematica,model,Model,barem,2023-model-pedagogic-barem.pdf,bac/2023/matematica/model/2023-model-pedagogic-barem.pdf,237803,d8ffc41eb973f7f8ef2d756ceb640b40dc13892490bddfcdddc206fcc8497fe2
2023,matematica,Matematica,model,Model,subiect,2023-model-pedagogic-subiect.pdf,bac/2023/matematica/model/2023-model-pedagogic-subiect.pdf,212702,603b63603b54a2a38fc89615ad0b2b4641d2fa50379961d68f8e9158d3c4e185
2023,matematica,Matematica,model,Model,barem,2023-model-stiinte-naturii-barem.pdf,bac/2023/matematica/model/2023-model-stiinte-naturii-barem.pdf,122224,a78d8fb7bc3b60cfcda62ffff3c7a644c6ab9431926ad45156401626bcca8dcb
2023,matematica,Matematica,model,Model,subiect,2023-model-stiinte-naturii-subiect.pdf,bac/2023/matematica/model/2023-model-stiinte-naturii-subiect.pdf,110125,f9b9fc301cd39b59206c52106c65e743d8e9b74008dbb0edd756dc24be83ab72
2023,matematica,Matematica,model,Model,barem,2023-model-tehnologic-barem.pdf,bac/2023/matematica/model/2023-model-tehnologic-barem.pdf,116392,a251e80cf623eeb7937eff1fd024273ad1f09fced9b4e3c42c0884a8926068c0
2023,matematica,Matematica,model,Model,subiect,2023-model-tehnologic-subiect.pdf,bac/2023/matematica/model/2023-model-tehnologic-subiect.pdf,106436,c0e475f549ac5607727055500f42f63cf0fb7aaece90e15e5fedf76f84a31943
2023,matematica,Matematica,rezerva-august,Rezerva august,barem,2023-august-rezerva-matematica-m-tehnologic-barem.pdf,bac/2023/matematica/rezerva-august/2023-august-rezerva-matematica-m-tehnologic-barem.pdf,113111,389987cf5066d514c233f75f0b6bbb3bdd44d2d06a84d72369cce79d20b82b7d
2023,matematica,Matematica,rezerva-august,Rezerva august,subiect,2023-august-rezerva-matematica-m-tehnologic-subiect.pdf,bac/2023/matematica/rezerva-august/2023-august-rezerva-matematica-m-tehnologic-subiect.pdf,103446,27854e9fb72d885fc237bbb669e0dbc981a9bbbde60741a10eeb1976d3d19e0d
2023,matematica,Matematica,sesiune-august,Sesiunea august,barem,2023-august-matematica-m-mate-info-barem.pdf,bac/2023/matematica/sesiune-august/2023-august-matematica-m-mate-info-barem.pdf,119409,f1e0de6b3a6fa4b9e81046d30e41715e642411cb98937af16ee38bad67007188
2023,matematica,Matematica,sesiune-august,Sesiunea august,subiect,2023-august-matematica-m-mate-info-subiect.pdf,bac/2023/matematica/sesiune-august/2023-august-matematica-m-mate-info-subiect.pdf,523834,50b183de6ab0d57e42edaad32505625da2a80a5b8c1a2fee4bdae6a5f7d3c162
2023,matematica,Matematica,sesiune-august,Sesiunea august,barem,2023-august-matematica-m-pedagogic-barem.pdf,bac/2023/matematica/sesiune-august/2023-august-matematica-m-pedagogic-barem.pdf,110392,92253b8c13ffd2f145b9a5971a235b656fe74a25d04ad5d11b05f5a1c340725d
2023,matematica,Matematica,sesiune-august,Sesiunea august,subiect,2023-august-matematica-m-pedagogic-subiect.pdf,bac/2023/matematica/sesiune-august/2023-august-matematica-m-pedagogic-subiect.pdf,105618,56c9abf0820b97d5448885f926369f0a3323c9b164ebbd10f194397cfa66810b
2023,matematica,Matematica,sesiune-august,Sesiunea august,barem,2023-august-matematica-m-st-nat-barem.pdf,bac/2023/matematica/sesiune-august/2023-august-matematica-m-st-nat-barem.pdf,113106,98fb6c48791fca611ed38a4ce80f847fd173b7bf3ad6332edaa4492c605e905d
2023,matematica,Matematica,sesiune-august,Sesiunea august,subiect,2023-august-matematica-m-st-nat-subiect.pdf,bac/2023/matematica/sesiune-august/2023-august-matematica-m-st-nat-subiect.pdf,108103,a0dbf78eafef33a3f6f2ba31fb51ec50845d120b429a300519b99fd235c0a64f
2023,matematica,Matematica,sesiune-august,Sesiunea august,barem,2023-august-matematica-m-tehnologic-barem.pdf,bac/2023/matematica/sesiune-august/2023-august-matematica-m-tehnologic-barem.pdf,113618,ff4d857e0326aa69db97b8a6049d63aae2cd3bea2dc5c5bc1f2d3e11cf0d6b9b
2023,matematica,Matematica,sesiune-august,Sesiunea august,subiect,2023-august-matematica-m-tehnologic-subiect.pdf,bac/2023/matematica/sesiune-august/2023-august-matematica-m-tehnologic-subiect.pdf,104200,620f6e96f62adbac4ab59c3e4c0f1a745cacf1cfa9780f7c99cf7ac80113ee07
2023,matematica,Matematica,sesiune-iunie,Sesiunea iunie,barem,2023-iunie-matematica-m-mate-info-barem.pdf,bac/2023/matematica/sesiune-iunie/2023-iunie-matematica-m-mate-info-barem.pdf,119501,d001c0d6ec5b1a61f0ca9004167a878b924d18841f516d7abadb7de1c5de3f22
2023,matematica,Matematica,sesiune-iunie,Sesiunea iunie,subiect,2023-iunie-matematica-m-mate-info-subiect.pdf,bac/2023/matematica/sesiune-iunie/2023-iunie-matematica-m-mate-info-subiect.pdf,109086,5aff90f6ce50ac34297f3d9a5de19ce1ef178aef50361c0f6a11d143a389cf62
2023,matematica,Matematica,sesiune-iunie,Sesiunea iunie,barem,2023-iunie-matematica-m-pedagogic-barem.pdf,bac/2023/matematica/sesiune-iunie/2023-iunie-matematica-m-pedagogic-barem.pdf,113408,a53077889def4a44e85e942ac11e9dfffc57ddac91f63a7c790ca2317a863b60
2023,matematica,Matematica,sesiune-iunie,Sesiunea iunie,subiect,2023-iunie-matematica-m-pedagogic-subiect.pdf,bac/2023/matematica/sesiune-iunie/2023-iunie-matematica-m-pedagogic-subiect.pdf,105403,ca6c26043d33d8e53d5455171f0ef6ab0337aab68faff3dd154540e50f9f5edd
2023,matematica,Matematica,sesiune-iunie,Sesiunea iunie,barem,2023-iunie-matematica-m-st-nat-barem.pdf,bac/2023/matematica/sesiune-iunie/2023-iunie-matematica-m-st-nat-barem.pdf,114576,2cc9f4c9b8996a3a543039b8d602e3189e513eabbe1404ee0679ed2e48a9f397
2023,matematica,Matematica,sesiune-iunie,Sesiunea iunie,subiect,2023-iunie-matematica-m-st-nat-subiect.pdf,bac/2023/matematica/sesiune-iunie/2023-iunie-matematica-m-st-nat-subiect.pdf,105767,3f2f5fe27b1cf81a2f365baa0af7378fba07ce95b0da2eb31eaa6387a9789bc1
2023,matematica,Matematica,sesiune-iunie,Sesiunea iunie,barem,2023-iunie-matematica-m-tehnologic-barem.pdf,bac/2023/matematica/sesiune-iunie/2023-iunie-matematica-m-tehnologic-barem.pdf,112162,3400342e8167eb5a4468e9f4e22185f4d077d1f7f916326bdddc4425182b033f
2023,matematica,Matematica,sesiune-iunie,Sesiunea iunie,subiect,2023-iunie-matematica-m-tehnologic-subiect.pdf,bac/2023/matematica/sesiune-iunie/2023-iunie-matematica-m-tehnologic-subiect.pdf,105020,28fd37330a5816f10bba139b8238a1689280607ddde99231877f769e2516d511
2023,matematica,Matematica,sesiune-speciala,Sesiunea speciala,barem,2023-speciala-matematica-m-mate-info-barem.pdf,bac/2023/matematica/sesiune-speciala/2023-speciala-matematica-m-mate-info-barem.pdf,118100,211a7b852b5905c57c95966483e0d4c2adfb7618c15180177776794240165a8d
2023,matematica,Matematica,sesiune-speciala,Sesiunea speciala,subiect,2023-speciala-matematica-m-mate-info-subiect.pdf,bac/2023/matematica/sesiune-speciala/2023-speciala-matematica-m-mate-info-subiect.pdf,108686,932068817a47a8814f670ec83dfae4caf294b40c90963ed15768c9b17dde2b7b
2023,matematica,Matematica,sesiune-speciala,Sesiunea speciala,barem,2023-speciala-matematica-m-st-nat-barem.pdf,bac/2023/matematica/sesiune-speciala/2023-speciala-matematica-m-st-nat-barem.pdf,118127,762a22924589439978227ae2404993a2db770da54ea413c81e0d62f8503b3594
2023,matematica,Matematica,sesiune-speciala,Sesiunea speciala,subiect,2023-speciala-matematica-m-st-nat-subiect.pdf,bac/2023/matematica/sesiune-speciala/2023-speciala-matematica-m-st-nat-subiect.pdf,106405,58df522ccb8fa147b1d71fea66a2e51fd4cb9ff09b6faca69998e5f3bea06db2
2023,matematica,Matematica,sesiune-speciala,Sesiunea speciala,barem,2023-speciala-matematica-m-tehnologic-barem.pdf,bac/2023/matematica/sesiune-speciala/2023-speciala-matematica-m-tehnologic-barem.pdf,114419,db3959586151acc80618afd5bde87995838a27b31bc925f2d2a1b6160c1069eb
2023,matematica,Matematica,sesiune-speciala,Sesiunea speciala,subiect,2023-speciala-matematica-m-tehnologic-subiect.pdf,bac/2023/matematica/sesiune-speciala/2023-speciala-matematica-m-tehnologic-subiect.pdf,106023,556031756e6887c2873365d11526cffe38c77378bfa5b8785a01f42948e7a21c
2023,matematica,Matematica,simulare,Simulare,barem,2023-simulare-mate-info-barem.pdf,bac/2023/matematica/simulare/2023-simulare-mate-info-barem.pdf,127057,fe1d07cfed2007d5e683bba751988181762efb5e9048ff705e71deed9326a86a
2023,matematica,Matematica,simulare,Simulare,subiect,2023-simulare-mate-info-subiect.pdf,bac/2023/matematica/simulare/2023-simulare-mate-info-subiect.pdf,121341,34c864981ce238fc040ef3bb26c72b6aa32d2cbaf71525bda25b3e9465038e29
2023,matematica,Matematica,simulare,Simulare,barem,2023-simulare-pedagogic-barem.pdf,bac/2023/matematica/simulare/2023-simulare-pedagogic-barem.pdf,246578,9d84f4c3d334b403b8be242227a9290d1eb2dac66188c4a849f756c70ac9fbf7
2023,matematica,Matematica,simulare,Simulare,subiect,2023-simulare-pedagogic-subiect.pdf,bac/2023/matematica/simulare/2023-simulare-pedagogic-subiect.pdf,178349,a55043bf89ff46d76cfed4345296d11d7b653be07581b9ea8b9f55d00a497747
2023,matematica,Matematica,simulare,Simulare,barem,2023-simulare-stiinte-naturii-barem.pdf,bac/2023/matematica/simulare/2023-simulare-stiinte-naturii-barem.pdf,119074,b0e6fa1426c5e9034fcbbb4640489341f6b5998ea2ec1777d2ce8ddef2483143
2023,matematica,Matematica,simulare,Simulare,subiect,2023-simulare-stiinte-naturii-subiect.pdf,bac/2023/matematica/simulare/2023-simulare-stiinte-naturii-subiect.pdf,119654,a9afdae173926a4edd87cbc470b31ca1abda4da99935654ab542d65c191b53e5
2023,matematica,Matematica,simulare,Simulare,barem,2023-simulare-tehnologic-barem.pdf,bac/2023/matematica/simulare/2023-simulare-tehnologic-barem.pdf,117357,6e720ea98a94de0ebb13e1eaf27bb652fdc405519d113e302cc4b1c5a079813e
2023,matematica,Matematica,simulare,Simulare,subiect,2023-simulare-tehnologic-subiect.pdf,bac/2023/matematica/simulare/2023-simulare-tehnologic-subiect.pdf,109606,6eda0398ac9ee1f9997914b76a67fcb0b69f84446b4a684aad47f9eb7d8e6eab
2023,psihologie,Psihologie,model,Model,barem,2023-model-general-barem.pdf,bac/2023/psihologie/model/2023-model-general-barem.pdf,353764,b4fff223314d1ee9e9544c690bdc608234f0b3b70fd8d397b45834ebcbe4f813
2023,psihologie,Psihologie,model,Model,subiect,2023-model-general-subiect.pdf,bac/2023/psihologie/model/2023-model-general-subiect.pdf,305473,95bffcc98895ea79191a0c78fa2b3bb9d8ec81e5e002c6d7bdb880121f2ffc28
2023,psihologie,Psihologie,sesiune-august,Sesiunea august,barem,2023-august-psihologie-barem.pdf,bac/2023/psihologie/sesiune-august/2023-august-psihologie-barem.pdf,91075,53ea9ea60c5092fa52908452a7347bd432e4ea85d69e67e3be6ce09b67761bab
2023,psihologie,Psihologie,sesiune-august,Sesiunea august,subiect,2023-august-psihologie-subiect.pdf,bac/2023/psihologie/sesiune-august/2023-august-psihologie-subiect.pdf,81364,15f99a61332b37afb685a8a687ac3fc0f6eacf3ef33716ec40709276e8816f79
2023,psihologie,Psihologie,sesiune-iunie,Sesiunea iunie,barem,2023-iunie-psihologie-barem.pdf,bac/2023/psihologie/sesiune-iunie/2023-iunie-psihologie-barem.pdf,173239,3887643d3f3bae3a2129524956b77dba184d3febd9ac5fecd86c9f3a16721ae4
2023,psihologie,Psihologie,sesiune-iunie,Sesiunea iunie,subiect,2023-iunie-psihologie-subiect.pdf,bac/2023/psihologie/sesiune-iunie/2023-iunie-psihologie-subiect.pdf,175551,16aeafb34ea990bd92b871e2679e4bcfed06ad51d200ce7b42de815e450b9e2c
2023,psihologie,Psihologie,sesiune-speciala,Sesiunea speciala,barem,2023-speciala-psihologie-barem.pdf,bac/2023/psihologie/sesiune-speciala/2023-speciala-psihologie-barem.pdf,77515,88edfc32d26548041fc2235eb288a077d577f6e08faf10cf2e0b684f3d10e323
2023,psihologie,Psihologie,sesiune-speciala,Sesiunea speciala,subiect,2023-speciala-psihologie-subiect.pdf,bac/2023/psihologie/sesiune-speciala/2023-speciala-psihologie-subiect.pdf,81675,32cf91578a12eb172cfd77aece8bd5655541f37c0119ecea270005a5daa792d3
2023,psihologie,Psihologie,simulare,Simulare,barem,2023-simulare-general-barem.pdf,bac/2023/psihologie/simulare/2023-simulare-general-barem.pdf,359669,81c8980ae36ffd12a25f7b71cf334302d3a6091c5982149f502eed3c99eb5eae
2023,psihologie,Psihologie,simulare,Simulare,subiect,2023-simulare-general-subiect.pdf,bac/2023/psihologie/simulare/2023-simulare-general-subiect.pdf,329915,d558dd5aeb5123ca2398b4640e860584e9f326bc89c529f7e2621d99f64cdb40
2023,romana,Limba romana,model,Model,barem,2023-model-real-tehnologic-barem.pdf,bac/2023/romana/model/2023-model-real-tehnologic-barem.pdf,185438,44ad9b38b4b20410b690f07127dfcf25c3156f30278a1e1abe223e590fe08cc1
2023,romana,Limba romana,model,Model,subiect,2023-model-real-tehnologic-subiect.pdf,bac/2023/romana/model/2023-model-real-tehnologic-subiect.pdf,187599,e2d3e7428bc90039170094681cd5affb918559afbe0946599a8e0d58112f7bb0
2023,romana,Limba romana,model,Model,barem,2023-model-uman-pedagogic-barem.pdf,bac/2023/romana/model/2023-model-uman-pedagogic-barem.pdf,182968,a32a0df694f6c6f28c84fca736736b5b5f2857ddeb02dd1faca6640ebd6ef00a
2023,romana,Limba romana,model,Model,subiect,2023-model-uman-pedagogic-subiect.pdf,bac/2023/romana/model/2023-model-uman-pedagogic-subiect.pdf,186265,88d82119d6df68186de57082560eb356877263f00044ba08c1c9fbfea9be6c70
2023,romana,Limba romana,rezerva-august,Rezerva august,barem,2023-august-rezerva-romana-real-tehn-barem.pdf,bac/2023/romana/rezerva-august/2023-august-rezerva-romana-real-tehn-barem.pdf,185525,4c456f1d115c98c983dcf3dcc17d704500634c710d174a5389ce3fd1d5a698b0
2023,romana,Limba romana,rezerva-august,Rezerva august,subiect,2023-august-rezerva-romana-real-tehn-subiect.pdf,bac/2023/romana/rezerva-august/2023-august-rezerva-romana-real-tehn-subiect.pdf,208190,8020d78d3c3d079ec63bdf9da89d27b737259d3050f874e869f91a656b5e0301
2023,romana,Limba romana,rezerva-august,Rezerva august,barem,2023-august-rezerva-romana-uman-ped-barem.pdf,bac/2023/romana/rezerva-august/2023-august-rezerva-romana-uman-ped-barem.pdf,183924,58d9f477f99079651ed1d3147c871544eaadd735c2335627f36d5b2dc11ee0ca
2023,romana,Limba romana,rezerva-august,Rezerva august,subiect,2023-august-rezerva-romana-uman-ped-subiect.pdf,bac/2023/romana/rezerva-august/2023-august-rezerva-romana-uman-ped-subiect.pdf,207390,5d09a8514f899cb3f404e883e14033cd5d5f1e461b31e20df066f608a2c876fe
2023,romana,Limba romana,sesiune-august,Sesiunea august,barem,2023-august-romana-real-tehn-barem.pdf,bac/2023/romana/sesiune-august/2023-august-romana-real-tehn-barem.pdf,185011,ba6d5070bb49234a691d68b999427792d2103f14f7e9599bf36b010cadf3f12a
2023,romana,Limba romana,sesiune-august,Sesiunea august,subiect,2023-august-romana-real-tehn-subiect.pdf,bac/2023/romana/sesiune-august/2023-august-romana-real-tehn-subiect.pdf,189838,d924fd347933d60aa09b7a0ceaafddae8ac2371beb8321d5e5a1e62b9ed26769
2023,romana,Limba romana,sesiune-august,Sesiunea august,barem,2023-august-romana-uman-ped-barem.pdf,bac/2023/romana/sesiune-august/2023-august-romana-uman-ped-barem.pdf,183951,8a9243931b83e1526984d5049c901838253b55d64e49b84947192467299c329a
2023,romana,Limba romana,sesiune-august,Sesiunea august,subiect,2023-august-romana-uman-ped-subiect.pdf,bac/2023/romana/sesiune-august/2023-august-romana-uman-ped-subiect.pdf,189063,6e5aaa5b19413552946b53b9cf6aca036f62408971065ca6c922f0b5c363027e
2023,romana,Limba romana,sesiune-iunie,Sesiunea iunie,barem,2023-iunie-romana-real-tehn-barem.pdf,bac/2023/romana/sesiune-iunie/2023-iunie-romana-real-tehn-barem.pdf,184655,c7e655bbf0ffb511b148fdee6e63dfd66f06cf13092bc8aaf59bf83c02a41d86
2023,romana,Limba romana,sesiune-iunie,Sesiunea iunie,subiect,2023-iunie-romana-real-tehn-subiect.pdf,bac/2023/romana/sesiune-iunie/2023-iunie-romana-real-tehn-subiect.pdf,186182,eea209038421b61ea57f416f382f68657b9484c79e35ac66e62c40315985831e
2023,romana,Limba romana,sesiune-iunie,Sesiunea iunie,barem,2023-iunie-romana-uman-ped-barem.pdf,bac/2023/romana/sesiune-iunie/2023-iunie-romana-uman-ped-barem.pdf,181802,4df78f70c5d94f5c9b8cf62d4f0a6e0d83c258dca91317144d45007a549d819e
2023,romana,Limba romana,sesiune-iunie,Sesiunea iunie,subiect,2023-iunie-romana-uman-ped-subiect.pdf,bac/2023/romana/sesiune-iunie/2023-iunie-romana-uman-ped-subiect.pdf,186069,8708e3546db314c04b1de6b60e212131a46ef0f423c7e81d5d6753cfead6c828
2023,romana,Limba romana,sesiune-speciala,Sesiunea speciala,barem,2023-speciala-romana-real-tehn-barem.pdf,bac/2023/romana/sesiune-speciala/2023-speciala-romana-real-tehn-barem.pdf,184169,53a21d9c3c9cade520666ef922c20685371ff68cc29dfeb3db5cbaadf1e9427e
2023,romana,Limba romana,sesiune-speciala,Sesiunea speciala,subiect,2023-speciala-romana-real-tehn-subiect.pdf,bac/2023/romana/sesiune-speciala/2023-speciala-romana-real-tehn-subiect.pdf,191769,75cbc80262305658b10d4a8fbe3d43c892c55b386ff09a5e33c37378658d6962
2023,romana,Limba romana,sesiune-speciala,Sesiunea speciala,barem,2023-speciala-romana-uman-ped-barem.pdf,bac/2023/romana/sesiune-speciala/2023-speciala-romana-uman-ped-barem.pdf,182586,54704ae082e0d1a66c0538986eb534be6fe51e4d78e3950e80e5920cac3236b2
2023,romana,Limba romana,sesiune-speciala,Sesiunea speciala,subiect,2023-speciala-romana-uman-ped-subiect.pdf,bac/2023/romana/sesiune-speciala/2023-speciala-romana-uman-ped-subiect.pdf,191216,65f0f5c8f1a4cba9f4888c8ed29618e766fb61de73374aefa0bf58e96ea3d541
2023,romana,Limba romana,simulare,Simulare,barem,2023-simulare-real-tehnologic-barem.pdf,bac/2023/romana/simulare/2023-simulare-real-tehnologic-barem.pdf,183022,6cb354d0391ed01df1ce638a8dfb676c71fd09775f3329c449102edebd702589
2023,romana,Limba romana,simulare,Simulare,subiect,2023-simulare-real-tehnologic-subiect.pdf,bac/2023/romana/simulare/2023-simulare-real-tehnologic-subiect.pdf,206635,604a01d9b9a6cbb3162ab448356a508d47a40e0e98401d4070e4a70db8ce6893
2023,romana,Limba romana,simulare,Simulare,barem,2023-simulare-uman-pedagogic-barem.pdf,bac/2023/romana/simulare/2023-simulare-uman-pedagogic-barem.pdf,181043,a215189cd4839c615a9873f0032e48cfa1df23183cae4722787d51f6c77e3916
2023,romana,Limba romana,simulare,Simulare,subiect,2023-simulare-uman-pedagogic-subiect.pdf,bac/2023/romana/simulare/2023-simulare-uman-pedagogic-subiect.pdf,184317,6a0cbb97e539d4b15de647799cd23a3ebe506a3384631862211b08ee5bcf412a
2023,sociologie,Sociologie,model,Model,barem,2023-model-general-barem.pdf,bac/2023/sociologie/model/2023-model-general-barem.pdf,283486,f80f69669022b7af20f7dd4b8e34bc876f5f3f4be5d8e01a859de014398bed49
2023,sociologie,Sociologie,model,Model,subiect,2023-model-general-subiect.pdf,bac/2023/sociologie/model/2023-model-general-subiect.pdf,296431,3dc3b7c67bd57ffe5cfdcc14e49ede62ec1b362432c29e8585cf1be908370cf8
2023,sociologie,Sociologie,sesiune-august,Sesiunea august,barem,2023-august-sociologie-barem.pdf,bac/2023/sociologie/sesiune-august/2023-august-sociologie-barem.pdf,66844,ae3b85b5701c2a68bacf521a63dd2f227860f8cec89c4f2349b808d44d1ecb86
2023,sociologie,Sociologie,sesiune-august,Sesiunea august,subiect,2023-august-sociologie-subiect.pdf,bac/2023/sociologie/sesiune-august/2023-august-sociologie-subiect.pdf,74661,d8981d7f9f862d59e213da13e11e5e6982dd7a174b39661b99f5f415db4f001d
2023,sociologie,Sociologie,sesiune-iunie,Sesiunea iunie,barem,2023-iunie-sociologie-barem.pdf,bac/2023/sociologie/sesiune-iunie/2023-iunie-sociologie-barem.pdf,136453,991d0c615cc38e0494b26cc810c62fac586b3986a41d5a2184ab1fee4eea174c
2023,sociologie,Sociologie,sesiune-iunie,Sesiunea iunie,subiect,2023-iunie-sociologie-subiect.pdf,bac/2023/sociologie/sesiune-iunie/2023-iunie-sociologie-subiect.pdf,150904,0cec239de6c8d335b7e2d43a90f7ad7cac7234ea73886688893b08cc13d65d31
2023,sociologie,Sociologie,sesiune-speciala,Sesiunea speciala,barem,2023-speciala-sociologie-barem.pdf,bac/2023/sociologie/sesiune-speciala/2023-speciala-sociologie-barem.pdf,65976,55467a21d0bcbb41164dd9f67bfe9bb0516969ef04d0f5ed383b17e4eb5dd6f5
2023,sociologie,Sociologie,sesiune-speciala,Sesiunea speciala,subiect,2023-speciala-sociologie-subiect.pdf,bac/2023/sociologie/sesiune-speciala/2023-speciala-sociologie-subiect.pdf,72744,2add8e9e17337ddb3d087e65f73170665a6bd923d65bd603ae60e56a35be3b45
2023,sociologie,Sociologie,simulare,Simulare,barem,2023-simulare-general-barem.pdf,bac/2023/sociologie/simulare/2023-simulare-general-barem.pdf,283463,6fc2b8e3cc694503647a19e99c8e2b10e73e784f308980c8da7650f3797f63b4
2023,sociologie,Sociologie,simulare,Simulare,subiect,2023-simulare-general-subiect.pdf,bac/2023/sociologie/simulare/2023-simulare-general-subiect.pdf,304590,4d9a87e230e6469017556f6ec29f7c7e0ff59b512684512b33b826107a8effd2
2024,biologie,Biologie,model,Model,barem,2024-model-anatomie-fiziologie-barem.pdf,bac/2024/biologie/model/2024-model-anatomie-fiziologie-barem.pdf,151734,508e79bfa480beda2dac0984d2a0eeafc07159339d3dee8a8938354e700920e8
2024,biologie,Biologie,model,Model,subiect,2024-model-anatomie-fiziologie-subiect.pdf,bac/2024/biologie/model/2024-model-anatomie-fiziologie-subiect.pdf,152923,dd55fc97779410e25c1f48b6b10f563d09480368024767ede499601eff45f524
2024,biologie,Biologie,model,Model,barem,2024-model-vegetala-animala-barem.pdf,bac/2024/biologie/model/2024-model-vegetala-animala-barem.pdf,153784,0cb194e1fb4a59488441e80664d5c6bf3199504043463de250af5d4378b6fc91
2024,biologie,Biologie,model,Model,subiect,2024-model-vegetala-animala-subiect.pdf,bac/2024/biologie/model/2024-model-vegetala-animala-subiect.pdf,157063,da59e2bbd57a43ee72f2db1f14539d889f5904ad5a0b5d3ced8a9086c5b0b7ac
2024,biologie,Biologie,sesiune-august,Sesiunea august,barem,2024-august-biologie-anatomie-fiziologie-barem.pdf,bac/2024/biologie/sesiune-august/2024-august-biologie-anatomie-fiziologie-barem.pdf,79460,53b1ff26a9408171002f0aaeac10a46ac4d41d85979b3fc186b85c1b9aad143f
2024,biologie,Biologie,sesiune-august,Sesiunea august,subiect,2024-august-biologie-anatomie-fiziologie-subiect.pdf,bac/2024/biologie/sesiune-august/2024-august-biologie-anatomie-fiziologie-subiect.pdf,83637,a8060f29ecbca66bc8a88cbaeed31574f611e7f4855f03250788e707cd03ff89
2024,biologie,Biologie,sesiune-august,Sesiunea august,barem,2024-august-biologie-vegetala-animala-barem.pdf,bac/2024/biologie/sesiune-august/2024-august-biologie-vegetala-animala-barem.pdf,78986,6b5077f33a3f6483a238628b957cd863d0fac579b37093f43037da370ee3a64d
2024,biologie,Biologie,sesiune-august,Sesiunea august,subiect,2024-august-biologie-vegetala-animala-subiect.pdf,bac/2024/biologie/sesiune-august/2024-august-biologie-vegetala-animala-subiect.pdf,84729,6359c2459764170a03c7aa5068c2a52ece100db1fd5c42edf376f60e3d971644
2024,biologie,Biologie,sesiune-iunie,Sesiunea iunie,barem,2024-iunie-biologie-anatomie-fiziologie-barem.pdf,bac/2024/biologie/sesiune-iunie/2024-iunie-biologie-anatomie-fiziologie-barem.pdf,79466,f8694309a3b32027301696c514997bd350da057ad651aa5ef9b0c5dd179cd792
2024,biologie,Biologie,sesiune-iunie,Sesiunea iunie,subiect,2024-iunie-biologie-anatomie-fiziologie-subiect.pdf,bac/2024/biologie/sesiune-iunie/2024-iunie-biologie-anatomie-fiziologie-subiect.pdf,78076,aecdcf758494a5146271e94ee2a17de1bea707053ee1cec462322bfeeeff95dc
2024,biologie,Biologie,sesiune-iunie,Sesiunea iunie,barem,2024-iunie-biologie-vegetala-animala-barem.pdf,bac/2024/biologie/sesiune-iunie/2024-iunie-biologie-vegetala-animala-barem.pdf,78810,0e8fd7438f21e0609171d805e11b70b383ad122313f6263a6ec13eff4e4d033a
2024,biologie,Biologie,sesiune-iunie,Sesiunea iunie,subiect,2024-iunie-biologie-vegetala-animala-subiect.pdf,bac/2024/biologie/sesiune-iunie/2024-iunie-biologie-vegetala-animala-subiect.pdf,90537,91f929b23d4527ef71818dc1b88424d2bcad3838685934834ad65c78495ea344
2024,biologie,Biologie,sesiune-speciala,Sesiunea speciala,barem,2024-speciala-biologie-anatomie-fiziologie-barem.pdf,bac/2024/biologie/sesiune-speciala/2024-speciala-biologie-anatomie-fiziologie-barem.pdf,157245,fa9f70b02b607716e82c524508a9e57b911deebb4972ebbeea1c7a2f7945bbe1
2024,biologie,Biologie,sesiune-speciala,Sesiunea speciala,subiect,2024-speciala-biologie-anatomie-fiziologie-subiect.pdf,bac/2024/biologie/sesiune-speciala/2024-speciala-biologie-anatomie-fiziologie-subiect.pdf,83509,4696f65383ef76d001b978f7cc147c365e5007c4a7f02042ec1b21b56398acef
2024,biologie,Biologie,sesiune-speciala,Sesiunea speciala,barem,2024-speciala-biologie-vegetala-animala-barem.pdf,bac/2024/biologie/sesiune-speciala/2024-speciala-biologie-vegetala-animala-barem.pdf,157977,4fe3b75b1a0d2fb93fe4bbd28b796fb7ad52ab39a975a8a60fa3806c3e6f841f
2024,biologie,Biologie,sesiune-speciala,Sesiunea speciala,subiect,2024-speciala-biologie-vegetala-animala-subiect.pdf,bac/2024/biologie/sesiune-speciala/2024-speciala-biologie-vegetala-animala-subiect.pdf,84817,81c5622380a9111bede206242519506b55bd0d550098c8451ebb6758f18d9c71
2024,biologie,Biologie,simulare,Simulare,barem,2024-simulare-anatomie-fiziologie-barem.pdf,bac/2024/biologie/simulare/2024-simulare-anatomie-fiziologie-barem.pdf,153369,c8c47d3bfa78f7d20b08e87b0d028447cfb259d6c25f02a02b779fd49593c8e7
2024,biologie,Biologie,simulare,Simulare,subiect,2024-simulare-anatomie-fiziologie-subiect.pdf,bac/2024/biologie/simulare/2024-simulare-anatomie-fiziologie-subiect.pdf,143839,1f357d0355f68ddd32d68619c9c4c0cc506db3524732a33d1b3b7dc6168e9db4
2024,biologie,Biologie,simulare,Simulare,barem,2024-simulare-vegetala-animala-barem.pdf,bac/2024/biologie/simulare/2024-simulare-vegetala-animala-barem.pdf,153698,5b14e66aa57916c8878464101c30a8b89f6be7abf1e218ade49f1cfc3a71551a
2024,biologie,Biologie,simulare,Simulare,subiect,2024-simulare-vegetala-animala-subiect.pdf,bac/2024/biologie/simulare/2024-simulare-vegetala-animala-subiect.pdf,169051,dc7745a7ade7dece2172e914ab68f085ec298d8f46bcee44106d1608d76a0ace
2024,chimie,Chimie,model,Model,barem,2024-model-anorganica-barem.pdf,bac/2024/chimie/model/2024-model-anorganica-barem.pdf,170301,21537fa0e5fef9213944c6105118c664f633a945e7bbdb419b2cf9f8af152505
2024,chimie,Chimie,model,Model,subiect,2024-model-anorganica-subiect.pdf,bac/2024/chimie/model/2024-model-anorganica-subiect.pdf,173784,dfcd847dbe1286fdf348ae9c382fd78f027d670334e81f16e130d62232030856
2024,chimie,Chimie,model,Model,barem,2024-model-organica-barem.pdf,bac/2024/chimie/model/2024-model-organica-barem.pdf,144684,548d281f74baf7e017ac90dfc8cdeb181ce7ffba62f55b031de7d2a71e497873
2024,chimie,Chimie,model,Model,subiect,2024-model-organica-subiect.pdf,bac/2024/chimie/model/2024-model-organica-subiect.pdf,170175,6e262762ea4c23eab3707ca902af3ef0845a428f9a493c292ea7406458674f24
2024,chimie,Chimie,sesiune-august,Sesiunea august,barem,2024-august-chimie-anorganica-barem.pdf,bac/2024/chimie/sesiune-august/2024-august-chimie-anorganica-barem.pdf,71965,33b256ca9d04f74cbed58e1137887af8bca2de297e5caa866e59ba2b44dfb949
2024,chimie,Chimie,sesiune-august,Sesiunea august,subiect,2024-august-chimie-anorganica-subiect.pdf,bac/2024/chimie/sesiune-august/2024-august-chimie-anorganica-subiect.pdf,131690,e43982493cd41b9a1fb51b041b54f18609313b8596f6e6ca78b25b63274348a9
2024,chimie,Chimie,sesiune-august,Sesiunea august,barem,2024-august-chimie-organica-barem.pdf,bac/2024/chimie/sesiune-august/2024-august-chimie-organica-barem.pdf,71123,a2716b02433def726766ea66a2c930d758bc7424c11c86f65a8687a1d3dfad9a
2024,chimie,Chimie,sesiune-august,Sesiunea august,subiect,2024-august-chimie-organica-subiect.pdf,bac/2024/chimie/sesiune-august/2024-august-chimie-organica-subiect.pdf,87109,ad91b9163f13e838908e984b031cf908f249208535e8ad51a052d4131baa18a1
2024,chimie,Chimie,sesiune-iunie,Sesiunea iunie,barem,2024-iunie-chimie-anorganica-barem.pdf,bac/2024/chimie/sesiune-iunie/2024-iunie-chimie-anorganica-barem.pdf,148113,81837c8dbb0a66ccc98ad74aa3886361a4ee8b64da25a260d1a473a69ca04826
2024,chimie,Chimie,sesiune-iunie,Sesiunea iunie,subiect,2024-iunie-chimie-anorganica-subiect.pdf,bac/2024/chimie/sesiune-iunie/2024-iunie-chimie-anorganica-subiect.pdf,185069,dc5357fdf126d8792ce11ec48cc3e579ce9b439e928424729fcc52e0c0963f0d
2024,chimie,Chimie,sesiune-iunie,Sesiunea iunie,barem,2024-iunie-chimie-organica-barem.pdf,bac/2024/chimie/sesiune-iunie/2024-iunie-chimie-organica-barem.pdf,147005,a1de35ba873f5412b7639d1fbf4d9e8c0ea430197415c59bc839c72420ff1f2d
2024,chimie,Chimie,sesiune-iunie,Sesiunea iunie,subiect,2024-iunie-chimie-organica-subiect.pdf,bac/2024/chimie/sesiune-iunie/2024-iunie-chimie-organica-subiect.pdf,154006,ff950256940c20788007cf57c89b78b516f9104b00ba45b92dc7a85530265cff
2024,chimie,Chimie,sesiune-speciala,Sesiunea speciala,barem,2024-speciala-chimie-anorganica-barem.pdf,bac/2024/chimie/sesiune-speciala/2024-speciala-chimie-anorganica-barem.pdf,147328,fc57564a3069fa1df2f6f196ee46308816b7e6ec74aa73a2fc1c2a57a7c73a1d
2024,chimie,Chimie,sesiune-speciala,Sesiunea speciala,subiect,2024-speciala-chimie-anorganica-subiect.pdf,bac/2024/chimie/sesiune-speciala/2024-speciala-chimie-anorganica-subiect.pdf,130646,767748e4035a32acd0450172351196876109b0a930d2babf44589e8e4163522f
2024,chimie,Chimie,sesiune-speciala,Sesiunea speciala,barem,2024-speciala-chimie-organica-barem.pdf,bac/2024/chimie/sesiune-speciala/2024-speciala-chimie-organica-barem.pdf,146699,5d23f03cb05ca392fb3d47fb792bfaeb009cbdd1658bb264c16c2f5fadf9ad38
2024,chimie,Chimie,sesiune-speciala,Sesiunea speciala,subiect,2024-speciala-chimie-organica-subiect.pdf,bac/2024/chimie/sesiune-speciala/2024-speciala-chimie-organica-subiect.pdf,133726,99aadc8be239c22447e43577a6fe2c1e83b0669ae0471fb66e0ad725958d3c13
2024,chimie,Chimie,simulare,Simulare,barem,2024-simulare-anorganica-barem.pdf,bac/2024/chimie/simulare/2024-simulare-anorganica-barem.pdf,147661,a6f32b9d243bd2c2ee14b6cdae1d27cd2092e0f399a3f5672157d8385d9fbdbc
2024,chimie,Chimie,simulare,Simulare,subiect,2024-simulare-anorganica-subiect.pdf,bac/2024/chimie/simulare/2024-simulare-anorganica-subiect.pdf,174833,07276cc6f1bd35c176a164ab893f407468be9602b1df7146d71646338280abe5
2024,chimie,Chimie,simulare,Simulare,barem,2024-simulare-organica-barem.pdf,bac/2024/chimie/simulare/2024-simulare-organica-barem.pdf,144683,4f1f62b40b42e44164964f3dbc392f40b1ee26e6ae6225b83e20ec90ce75ef38
2024,chimie,Chimie,simulare,Simulare,subiect,2024-simulare-organica-subiect.pdf,bac/2024/chimie/simulare/2024-simulare-organica-subiect.pdf,139692,fbe190378798f5db0f415e2a39daf73be6315e9f2a0c98aed42546fff7dbd6a7
2024,economie,Economie,model,Model,barem,2024-model-general-barem.pdf,bac/2024/economie/model/2024-model-general-barem.pdf,209151,a676f0a9125044fbc90ac462668d319ebb6f816024bd57363bdbe74b125bac8b
2024,economie,Economie,model,Model,subiect,2024-model-general-subiect.pdf,bac/2024/economie/model/2024-model-general-subiect.pdf,212840,d1e1efb4917b4b203e4425bad0c10963086554df80fd6e5b8c8cef090f6e4520
2024,economie,Economie,sesiune-august,Sesiunea august,barem,2024-august-economie-barem.pdf,bac/2024/economie/sesiune-august/2024-august-economie-barem.pdf,84594,a5f14b9408b46ddcbb2a0aeb23c8e5a31382df53aa77450facb2959f3c83fea6
2024,economie,Economie,sesiune-august,Sesiunea august,subiect,2024-august-economie-subiect.pdf,bac/2024/economie/sesiune-august/2024-august-economie-subiect.pdf,91997,79d6bfa50782d08907f6a6fe7cffe12fbddeddbcfcb74644aaf38f18d71143bb
2024,economie,Economie,sesiune-iunie,Sesiunea iunie,barem,2024-iunie-economie-barem.pdf,bac/2024/economie/sesiune-iunie/2024-iunie-economie-barem.pdf,173733,b144f75a59f26fb540ded0c04f157c8c1919e92ca7166614c4c34647eb8656f2
2024,economie,Economie,sesiune-iunie,Sesiunea iunie,subiect,2024-iunie-economie-subiect.pdf,bac/2024/economie/sesiune-iunie/2024-iunie-economie-subiect.pdf,185463,6c8e922dc8d29a15dbfef4cf93b35ae72bfed91b7adb839390dc24fdfc4353c3
2024,economie,Economie,sesiune-speciala,Sesiunea speciala,barem,2024-speciala-economie-barem.pdf,bac/2024/economie/sesiune-speciala/2024-speciala-economie-barem.pdf,170677,d4add8d9e69d01c9b3f4736430b0c99b6c8ad6ddcc2191181ec09cbb8504b733
2024,economie,Economie,sesiune-speciala,Sesiunea speciala,subiect,2024-speciala-economie-subiect.pdf,bac/2024/economie/sesiune-speciala/2024-speciala-economie-subiect.pdf,180760,4858ceef5c157f3440519dd4ef12fd6808cd0403ee7ff305f4a57058a3e547d6
2024,economie,Economie,simulare,Simulare,barem,2024-simulare-general-barem.pdf,bac/2024/economie/simulare/2024-simulare-general-barem.pdf,82434,6e482d2de1a1ade787886780b9755c22bd3cc73601902ec534f729e52ca540a2
2024,economie,Economie,simulare,Simulare,subiect,2024-simulare-general-subiect.pdf,bac/2024/economie/simulare/2024-simulare-general-subiect.pdf,87345,e0fff773dc7bb2cc75b338956574276840520fba30c181f167bd754e8191d816
2024,filosofie,Filosofie,model,Model,barem,2024-model-general-barem.pdf,bac/2024/filosofie/model/2024-model-general-barem.pdf,108196,66cce71994d9597b4728bb52571d46e0458f43980176356bdb15d0b2468b5ca7
2024,filosofie,Filosofie,model,Model,subiect,2024-model-general-subiect.pdf,bac/2024/filosofie/model/2024-model-general-subiect.pdf,146323,2cdca90341b2ebab05e8c266d1181a3533fb39579f82682e083b260434337165
2024,filosofie,Filosofie,sesiune-august,Sesiunea august,barem,2024-august-filosofie-barem.pdf,bac/2024/filosofie/sesiune-august/2024-august-filosofie-barem.pdf,54637,f5bb530718dc53c2c88782e828987ce73a9f55c328f97669b0094b5af2ac85aa
2024,filosofie,Filosofie,sesiune-august,Sesiunea august,subiect,2024-august-filosofie-subiect.pdf,bac/2024/filosofie/sesiune-august/2024-august-filosofie-subiect.pdf,75034,59b3438228138cb44451c108734ea45d43ea56cb3a27b19743db99d8f0ea072c
2024,filosofie,Filosofie,sesiune-iunie,Sesiunea iunie,barem,2024-iunie-filosofie-barem.pdf,bac/2024/filosofie/sesiune-iunie/2024-iunie-filosofie-barem.pdf,135861,3666e71c48186477640950cabf9cb134079d3572d8a1beb683f612d7998d80a0
2024,filosofie,Filosofie,sesiune-iunie,Sesiunea iunie,subiect,2024-iunie-filosofie-subiect.pdf,bac/2024/filosofie/sesiune-iunie/2024-iunie-filosofie-subiect.pdf,149821,7dcf75e0d0effaa8d9800edb95f1230ed0adeec3f6bc2673d7e997cc983bd088
2024,filosofie,Filosofie,simulare,Simulare,barem,2024-simulare-general-barem.pdf,bac/2024/filosofie/simulare/2024-simulare-general-barem.pdf,109185,bb518e1fd85874837bcdccb96439343d44b6f709e41111bd97008fec24f05809
2024,filosofie,Filosofie,simulare,Simulare,subiect,2024-simulare-general-subiect.pdf,bac/2024/filosofie/simulare/2024-simulare-general-subiect.pdf,296085,05a70eb2a688695f2b5aea4fa9aa444ff3d6d34f8358a85a082e7fb76feea696
2024,fizica,Fizica,model,Model,barem,2024-model-tehnologic-barem.pdf,bac/2024/fizica/model/2024-model-tehnologic-barem.pdf,224848,70800ffc41ccfc9655df80c654679054b7cc9c0c66900a227745324eb2aee23e
2024,fizica,Fizica,model,Model,subiect,2024-model-tehnologic-subiect.pdf,bac/2024/fizica/model/2024-model-tehnologic-subiect.pdf,285657,0f39c0526be12ac9191ca7e4e8c17d5b2193a8955bf83c4d4a4672425d7fefce
2024,fizica,Fizica,model,Model,barem,2024-model-teoretic-vocational-barem.pdf,bac/2024/fizica/model/2024-model-teoretic-vocational-barem.pdf,233714,74c87e988d844e23d71d393f073eb863294c1f804680b77fab29855dde35c53a
2024,fizica,Fizica,model,Model,subiect,2024-model-teoretic-vocational-subiect.pdf,bac/2024/fizica/model/2024-model-teoretic-vocational-subiect.pdf,295193,d11b55bafa46ec18a971e5385d0e6993c48d79a8a969b5d942fbbc5d08553adb
2024,fizica,Fizica,sesiune-august,Sesiunea august,barem,2024-august-fizica-tehnologic-barem.pdf,bac/2024/fizica/sesiune-august/2024-august-fizica-tehnologic-barem.pdf,228054,d35cc4fd82ff3fa80585924b04078ae7488d14271f4e24d167f77ccf4cf394b0
2024,fizica,Fizica,sesiune-august,Sesiunea august,subiect,2024-august-fizica-tehnologic-subiect.pdf,bac/2024/fizica/sesiune-august/2024-august-fizica-tehnologic-subiect.pdf,305003,e8cc70977e003afa1599d8bd5628a4cc37ff95b5401a903536a0064460d49de4
2024,fizica,Fizica,sesiune-august,Sesiunea august,barem,2024-august-fizica-teoretic-vocational-barem.pdf,bac/2024/fizica/sesiune-august/2024-august-fizica-teoretic-vocational-barem.pdf,261232,0104e332017634eb5fded436ba8ff5a27dd0de66fa061824609375452d159769
2024,fizica,Fizica,sesiune-august,Sesiunea august,subiect,2024-august-fizica-teoretic-vocational-subiect.pdf,bac/2024/fizica/sesiune-august/2024-august-fizica-teoretic-vocational-subiect.pdf,320851,38140495eb5a3677ef5b221568fdcb9c03671868dc1f5a9c9d8b4e4b1c820958
2024,fizica,Fizica,sesiune-iunie,Sesiunea iunie,barem,2024-iunie-fizica-tehnologic-barem.pdf,bac/2024/fizica/sesiune-iunie/2024-iunie-fizica-tehnologic-barem.pdf,213345,ef83ffd58d386dae4ddc3ee74ef215e72d2e58426aaa09f89508d221ed1700b1
2024,fizica,Fizica,sesiune-iunie,Sesiunea iunie,subiect,2024-iunie-fizica-tehnologic-subiect.pdf,bac/2024/fizica/sesiune-iunie/2024-iunie-fizica-tehnologic-subiect.pdf,315596,940ce99b4c831957b4909dbdf4f659f31d3c5c0bcaecb0634772332e9a4486e8
2024,fizica,Fizica,sesiune-iunie,Sesiunea iunie,barem,2024-iunie-fizica-teoretic-vocational-barem.pdf,bac/2024/fizica/sesiune-iunie/2024-iunie-fizica-teoretic-vocational-barem.pdf,251795,f6077f2dd98d0470f75f0b37db865f17e4e2e79c716a610c8856e7f70e52af64
2024,fizica,Fizica,sesiune-iunie,Sesiunea iunie,subiect,2024-iunie-fizica-teoretic-vocational-subiect.pdf,bac/2024/fizica/sesiune-iunie/2024-iunie-fizica-teoretic-vocational-subiect.pdf,314061,38ceeedb7cbe830c4b3d87e707213bce4eadfbb6838ad5cfb1c279d25e9a9465
2024,fizica,Fizica,sesiune-speciala,Sesiunea speciala,barem,2024-speciala-fizica-teoretic-vocational-barem.pdf,bac/2024/fizica/sesiune-speciala/2024-speciala-fizica-teoretic-vocational-barem.pdf,248047,f6ce1f8705707dd73cc4024674df10ec1d62afdb75722cb2005f07e7636ef056
2024,fizica,Fizica,sesiune-speciala,Sesiunea speciala,subiect,2024-speciala-fizica-teoretic-vocational-subiect.pdf,bac/2024/fizica/sesiune-speciala/2024-speciala-fizica-teoretic-vocational-subiect.pdf,341702,4193777e3b98900aeebc101bbd973e670819ded743132652226741ce5fa714fa
2024,fizica,Fizica,simulare,Simulare,barem,2024-simulare-tehnologic-barem.pdf,bac/2024/fizica/simulare/2024-simulare-tehnologic-barem.pdf,235962,2fcb775d13113686f5009598ff00b4bcdc5f92e7fc0515066d2b183357ef8791
2024,fizica,Fizica,simulare,Simulare,subiect,2024-simulare-tehnologic-subiect.pdf,bac/2024/fizica/simulare/2024-simulare-tehnologic-subiect.pdf,323861,41019362b85a4bbeaf94a09890faf0d498a20847339601caf9dd236d3fcdcd25
2024,fizica,Fizica,simulare,Simulare,barem,2024-simulare-teoretic-vocational-barem.pdf,bac/2024/fizica/simulare/2024-simulare-teoretic-vocational-barem.pdf,273573,189757b5d2ad066fda3fe76b89003e247f4a215d7838dae86db26c259cc41ad6
2024,fizica,Fizica,simulare,Simulare,subiect,2024-simulare-teoretic-vocational-subiect.pdf,bac/2024/fizica/simulare/2024-simulare-teoretic-vocational-subiect.pdf,343510,8fe146be047362323977950c978f4847555d0b3d96158a8890d8ce798c7eb248
2024,geografie,Geografie,model,Model,barem,2024-model-general-barem.pdf,bac/2024/geografie/model/2024-model-general-barem.pdf,202776,0d77d78915bbb4700c2ca33df4579753b4851e38c6623619cbe5f68125eed7e4
2024,geografie,Geografie,model,Model,subiect,2024-model-general-subiect.pdf,bac/2024/geografie/model/2024-model-general-subiect.pdf,348102,591636b37ba255b8eebd733c538f3fb868b329809c2817342a404c7e50be4a7c
2024,geografie,Geografie,sesiune-august,Sesiunea august,barem,2024-august-geografie-barem.pdf,bac/2024/geografie/sesiune-august/2024-august-geografie-barem.pdf,96079,f49636f93fdda4da4cb85c066c97dd6aea3823f5a91c08e71d4a4436df45ef4f
2024,geografie,Geografie,sesiune-august,Sesiunea august,subiect,2024-august-geografie-subiect.pdf,bac/2024/geografie/sesiune-august/2024-august-geografie-subiect.pdf,175389,1486dfb093e60333bd0cb6c0f9cafc84d3d46ad37cd772b426c6073bc1cf2c68
2024,geografie,Geografie,sesiune-iunie,Sesiunea iunie,barem,2024-iunie-geografie-barem.pdf,bac/2024/geografie/sesiune-iunie/2024-iunie-geografie-barem.pdf,103872,fce8d579530c12f691fa7d5e9006bbae4d444e8a64d90a7480baae25e2fa778f
2024,geografie,Geografie,sesiune-iunie,Sesiunea iunie,subiect,2024-iunie-geografie-subiect.pdf,bac/2024/geografie/sesiune-iunie/2024-iunie-geografie-subiect.pdf,182854,54c9a847cd1eb1b0574754dff009fb11329bd166b8ec540706d658f5e123a3c5
2024,geografie,Geografie,sesiune-speciala,Sesiunea speciala,barem,2024-speciala-geografie-barem.pdf,bac/2024/geografie/sesiune-speciala/2024-speciala-geografie-barem.pdf,187475,c62fd325356164707390c0f134433ab7801d21c059f4d09b9d977782ec020978
2024,geografie,Geografie,sesiune-speciala,Sesiunea speciala,subiect,2024-speciala-geografie-subiect.pdf,bac/2024/geografie/sesiune-speciala/2024-speciala-geografie-subiect.pdf,358199,dbab021aba996b0aefe7c445876c1474840886c11503887936b174b14dc44cd3
2024,geografie,Geografie,simulare,Simulare,barem,2024-simulare-general-barem.pdf,bac/2024/geografie/simulare/2024-simulare-general-barem.pdf,189585,81ab947e8bfc56362515559514c34107af41fb9f630d7f0040009ad9981ac854
2024,geografie,Geografie,simulare,Simulare,subiect,2024-simulare-general-subiect.pdf,bac/2024/geografie/simulare/2024-simulare-general-subiect.pdf,310224,15097cf2a478acbbd685e88c4d9e72fbe399497494058d05751db00e34d6c168
2024,informatica,Informatica,model,Model,barem,2024-model-mate-info-barem.pdf,bac/2024/informatica/model/2024-model-mate-info-barem.pdf,244502,df4eef6c55ab20db98a87275026b70bc05ae9a1b69602b7f01dba00b32ae8652
2024,informatica,Informatica,model,Model,subiect,2024-model-mate-info-c-subiect.pdf,bac/2024/informatica/model/2024-model-mate-info-c-subiect.pdf,273014,57baccf1c8febf63ceb44b97770930e593a9e7d616b3b9e3e3c4bf97a1ba58d1
2024,informatica,Informatica,model,Model,subiect,2024-model-mate-info-pascal-subiect.pdf,bac/2024/informatica/model/2024-model-mate-info-pascal-subiect.pdf,273085,0807693af0020099d04219434cfd5920c673fca48a22efc956d46d65f8c6d22e
2024,informatica,Informatica,model,Model,barem,2024-model-stiinte-naturii-barem.pdf,bac/2024/informatica/model/2024-model-stiinte-naturii-barem.pdf,242029,5dedc0ab8532c768568480c68a6e22914d59ccaed6c13f1bfa689f0a3c9792e2
2024,informatica,Informatica,model,Model,subiect,2024-model-stiinte-naturii-c-subiect.pdf,bac/2024/informatica/model/2024-model-stiinte-naturii-c-subiect.pdf,247541,9d0758ceeb8dc3e5426645f4f703d4500f470a1d1fe2c0ec35a48bc36a503a87
2024,informatica,Informatica,model,Model,subiect,2024-model-stiinte-naturii-pascal-subiect.pdf,bac/2024/informatica/model/2024-model-stiinte-naturii-pascal-subiect.pdf,246592,641bb01d3e43975ff92966989b4cd5313c61c00601eb6a164d4c250c4460bcbe
2024,informatica,Informatica,sesiune-august,Sesiunea august,barem,2024-august-informatica-mate-info-c-c-barem.pdf,bac/2024/informatica/sesiune-august/2024-august-informatica-mate-info-c-c-barem.pdf,100978,4d9e62e722e51d2eb02a8405fb522a280393e7f9fcce42032a3f60d8ff1ee053
2024,informatica,Informatica,sesiune-august,Sesiunea august,subiect,2024-august-informatica-mate-info-c-c-subiect.pdf,bac/2024/informatica/sesiune-august/2024-august-informatica-mate-info-c-c-subiect.pdf,151050,0cf9f871cccdd86c7249f783c322cba721067acc0e41fd17670d2790d30908b3
2024,informatica,Informatica,sesiune-august,Sesiunea august,barem,2024-august-informatica-mate-info-pascal-barem.pdf,bac/2024/informatica/sesiune-august/2024-august-informatica-mate-info-pascal-barem.pdf,100978,4d9e62e722e51d2eb02a8405fb522a280393e7f9fcce42032a3f60d8ff1ee053
2024,informatica,Informatica,sesiune-august,Sesiunea august,subiect,2024-august-informatica-mate-info-pascal-subiect.pdf,bac/2024/informatica/sesiune-august/2024-august-informatica-mate-info-pascal-subiect.pdf,150762,29a906710b906d19943543bf76db98bd4ca5d753689c312e9b05d6d80c7a85b1
2024,informatica,Informatica,sesiune-august,Sesiunea august,barem,2024-august-informatica-st-nat-c-c-barem.pdf,bac/2024/informatica/sesiune-august/2024-august-informatica-st-nat-c-c-barem.pdf,99436,a8344c8e9a981c9b137e588aa72904fc6457767d76ddb349af2810f0996a9ce7
2024,informatica,Informatica,sesiune-august,Sesiunea august,subiect,2024-august-informatica-st-nat-c-c-subiect.pdf,bac/2024/informatica/sesiune-august/2024-august-informatica-st-nat-c-c-subiect.pdf,149498,079117b6b9b9b2b59b168256af95c632a5e8791c77354156d00d7a2d5945bd71
2024,informatica,Informatica,sesiune-iunie,Sesiunea iunie,barem,2024-iunie-informatica-mate-info-c-c-barem.pdf,bac/2024/informatica/sesiune-iunie/2024-iunie-informatica-mate-info-c-c-barem.pdf,111227,7122811231d3052fdf0ea9053371d225b0f22e783d6c509252818c0358d3e47b
2024,informatica,Informatica,sesiune-iunie,Sesiunea iunie,subiect,2024-iunie-informatica-mate-info-c-c-subiect.pdf,bac/2024/informatica/sesiune-iunie/2024-iunie-informatica-mate-info-c-c-subiect.pdf,123967,5d6802c0151cf46c9bb20a74813defbb797a2257719482b539748640552478ee
2024,informatica,Informatica,sesiune-iunie,Sesiunea iunie,barem,2024-iunie-informatica-mate-info-pascal-barem.pdf,bac/2024/informatica/sesiune-iunie/2024-iunie-informatica-mate-info-pascal-barem.pdf,111227,7122811231d3052fdf0ea9053371d225b0f22e783d6c509252818c0358d3e47b
2024,informatica,Informatica,sesiune-iunie,Sesiunea iunie,subiect,2024-iunie-informatica-mate-info-pascal-subiect.pdf,bac/2024/informatica/sesiune-iunie/2024-iunie-informatica-mate-info-pascal-subiect.pdf,123286,35e8ed8b03c19e3bb2df176b6d17f382aae964550a9f4729524a1e5ca09ec8dd
2024,informatica,Informatica,sesiune-iunie,Sesiunea iunie,barem,2024-iunie-informatica-st-nat-c-c-barem.pdf,bac/2024/informatica/sesiune-iunie/2024-iunie-informatica-st-nat-c-c-barem.pdf,110612,48a322af9873ce8777f9e9e6e31105143d2a75177bc2b37e8dfd59ee3e4d540d
2024,informatica,Informatica,sesiune-iunie,Sesiunea iunie,subiect,2024-iunie-informatica-st-nat-c-c-subiect.pdf,bac/2024/informatica/sesiune-iunie/2024-iunie-informatica-st-nat-c-c-subiect.pdf,122430,27400041b9cade304a049911e11f01115bca27cd9ad903d8524353e837f9b1d9
2024,informatica,Informatica,sesiune-iunie,Sesiunea iunie,barem,2024-iunie-informatica-st-nat-pascal-barem.pdf,bac/2024/informatica/sesiune-iunie/2024-iunie-informatica-st-nat-pascal-barem.pdf,110612,48a322af9873ce8777f9e9e6e31105143d2a75177bc2b37e8dfd59ee3e4d540d
2024,informatica,Informatica,sesiune-iunie,Sesiunea iunie,subiect,2024-iunie-informatica-st-nat-pascal-subiect.pdf,bac/2024/informatica/sesiune-iunie/2024-iunie-informatica-st-nat-pascal-subiect.pdf,121700,46c95f119bd5f85f5c13d238819cf0eaf5b1898a3b4492d69d364a0faceaa12d
2024,informatica,Informatica,sesiune-speciala,Sesiunea speciala,barem,2024-speciala-informatica-mate-info-c-c-barem.pdf,bac/2024/informatica/sesiune-speciala/2024-speciala-informatica-mate-info-c-c-barem.pdf,103203,83f9800178f8abc3f83588d99ac12dbc959055ab73e4a7395933e29f0fc1609b
2024,informatica,Informatica,sesiune-speciala,Sesiunea speciala,subiect,2024-speciala-informatica-mate-info-c-c-subiect.pdf,bac/2024/informatica/sesiune-speciala/2024-speciala-informatica-mate-info-c-c-subiect.pdf,135292,b9860418874d5944d7d249f853cb5345ab38b7c74071f3fa1f1a1a1d27bf0b90
2024,informatica,Informatica,sesiune-speciala,Sesiunea speciala,barem,2024-speciala-informatica-st-nat-c-c-barem.pdf,bac/2024/informatica/sesiune-speciala/2024-speciala-informatica-st-nat-c-c-barem.pdf,102507,ec98a1fd6946888f4a7bb8c73a81952c22b992b9d4b8a31bcbb75c1ffac5b400
2024,informatica,Informatica,sesiune-speciala,Sesiunea speciala,subiect,2024-speciala-informatica-st-nat-c-c-subiect.pdf,bac/2024/informatica/sesiune-speciala/2024-speciala-informatica-st-nat-c-c-subiect.pdf,131276,90ffacd07da6b5a6234c1717ed646b6068fc06b0dc22dad7a20bf137cccbb20f
2024,informatica,Informatica,simulare,Simulare,barem,2024-simulare-mi-barem.pdf,bac/2024/informatica/simulare/2024-simulare-mi-barem.pdf,74910,3338f2606e390492fc7957a1bc2a2cb2b5bee3046ccb1d3264a40a8c3b0f9d73
2024,informatica,Informatica,simulare,Simulare,subiect,2024-simulare-mi-c-subiect.pdf,bac/2024/informatica/simulare/2024-simulare-mi-c-subiect.pdf,102434,da0dbce2d946140860e4d2c845db2b6e0fc2519eae59a11fbf1696a235b621a7
2024,informatica,Informatica,simulare,Simulare,subiect,2024-simulare-mi-pascal-subiect.pdf,bac/2024/informatica/simulare/2024-simulare-mi-pascal-subiect.pdf,102300,4bd017f51b6da7c549dc694aa9da92932ab863f6744ea748cbc59811eccc3160
2024,informatica,Informatica,simulare,Simulare,barem,2024-simulare-sn-barem.pdf,bac/2024/informatica/simulare/2024-simulare-sn-barem.pdf,207296,17cf681e1591aa0f8325be82bfa96a0e4b5d56e3449bb9aac4dfc147a2ec4d8e
2024,informatica,Informatica,simulare,Simulare,subiect,2024-simulare-sn-c-subiect.pdf,bac/2024/informatica/simulare/2024-simulare-sn-c-subiect.pdf,101361,9c934945c225da9d8ed9d016d32e0b1fdf5e8d5a61ef578894265c2d3f0f19ff
2024,informatica,Informatica,simulare,Simulare,subiect,2024-simulare-sn-pascal-subiect.pdf,bac/2024/informatica/simulare/2024-simulare-sn-pascal-subiect.pdf,101129,6114febf23a333e1b294855ca202a394c327f0f17712e22019262c30856c0285
2024,istorie,Istorie,model,Model,barem,2024-model-istorie-barem.pdf,bac/2024/istorie/model/2024-model-istorie-barem.pdf,194489,d248dc553fa83c2d98f36d3def378130f7b1625b7b0dff82a50883b25e310a4c
2024,istorie,Istorie,model,Model,subiect,2024-model-istorie-subiect.pdf,bac/2024/istorie/model/2024-model-istorie-subiect.pdf,198886,29349871c6803d2e505ca7d162af8aee36d96c356db68b03f9df9b07bdc90358
2024,istorie,Istorie,rezerva-iunie,Rezerva iunie,barem,2024-iunie-rezerva-istorie-barem.pdf,bac/2024/istorie/rezerva-iunie/2024-iunie-rezerva-istorie-barem.pdf,236728,b949dd62704638c0337ec3c82ac5e0af9139bc3dc216af10d11c3ff38c4aaa20
2024,istorie,Istorie,rezerva-iunie,Rezerva iunie,subiect,2024-iunie-rezerva-istorie-subiect.pdf,bac/2024/istorie/rezerva-iunie/2024-iunie-rezerva-istorie-subiect.pdf,201811,5d7800d4c8957bfcddcfda47aeea97104cd9ab8b1c47537f66c915331157a1f7
2024,istorie,Istorie,sesiune-august,Sesiunea august,barem,2024-august-istorie-barem.pdf,bac/2024/istorie/sesiune-august/2024-august-istorie-barem.pdf,197100,3a28cc6c67350c222878da5bdf94570761e463deb1928572ccc6ada5b3d7e736
2024,istorie,Istorie,sesiune-august,Sesiunea august,subiect,2024-august-istorie-subiect.pdf,bac/2024/istorie/sesiune-august/2024-august-istorie-subiect.pdf,201608,eed0436101b923a7c46e675dfe471175f2ac75eddd8159b0f78e1cd7ef109d1b
2024,istorie,Istorie,sesiune-iunie,Sesiunea iunie,barem,2024-iunie-istorie-barem.pdf,bac/2024/istorie/sesiune-iunie/2024-iunie-istorie-barem.pdf,201338,9f4ff254930e3b1b8d0517a9f28f83c5973dd138b7fccd49d8297dbe77ce014a
2024,istorie,Istorie,sesiune-iunie,Sesiunea iunie,subiect,2024-iunie-istorie-subiect.pdf,bac/2024/istorie/sesiune-iunie/2024-iunie-istorie-subiect.pdf,205270,94b263f80c8ec86fe069309ba18684b5e4107939551f6955e43cc74732b49039
2024,istorie,Istorie,sesiune-speciala,Sesiunea speciala,barem,2024-speciala-istorie-barem.pdf,bac/2024/istorie/sesiune-speciala/2024-speciala-istorie-barem.pdf,209032,67e45e6f770a569b42cc5c11f302a013e3c7b1bffe69223c632d17ad6389f618
2024,istorie,Istorie,sesiune-speciala,Sesiunea speciala,subiect,2024-speciala-istorie-subiect.pdf,bac/2024/istorie/sesiune-speciala/2024-speciala-istorie-subiect.pdf,203631,df4da8f6445024f69813db5b077f5c7fe63344aa38193fd4e0a2cac1f23d0380
2024,istorie,Istorie,simulare,Simulare,barem,2024-simulare-general-barem.pdf,bac/2024/istorie/simulare/2024-simulare-general-barem.pdf,192977,1e8281b4cc56821bef85426e7ca6d0c8cec70cacf5473f4bd62587acd51cddde
2024,istorie,Istorie,simulare,Simulare,subiect,2024-simulare-general-subiect.pdf,bac/2024/istorie/simulare/2024-simulare-general-subiect.pdf,199876,c7cf8daf1ab2f02e114c425b57878a012f3e5f6b4526e53ae0b8f645e5da7a8c
2024,logica,Logica,model,Model,barem,2024-model-general-barem.pdf,bac/2024/logica/model/2024-model-general-barem.pdf,237329,39fcf9debbdab63b7e9bca734a96fa551ba19c1533a072fb2312ba2ed664a109
2024,logica,Logica,model,Model,subiect,2024-model-general-subiect.pdf,bac/2024/logica/model/2024-model-general-subiect.pdf,154867,af33e2cb5f0dee3d12abe84e67d8c58fbcdc27f5714c135e56bf8c0a9b43a8fc
2024,logica,Logica,sesiune-august,Sesiunea august,barem,2024-august-logica-barem.pdf,bac/2024/logica/sesiune-august/2024-august-logica-barem.pdf,98016,58ee0e2bd0d88f30ac56a1f6bf5a36f69aec90a7183bce472da420b9fe432f2e
2024,logica,Logica,sesiune-august,Sesiunea august,subiect,2024-august-logica-subiect.pdf,bac/2024/logica/sesiune-august/2024-august-logica-subiect.pdf,78506,6e139444bae8256f13f009ac46a3fc0af42a6b9fe0fcbd18e1650ed2246e4ff8
2024,logica,Logica,sesiune-iunie,Sesiunea iunie,barem,2024-iunie-logica-barem.pdf,bac/2024/logica/sesiune-iunie/2024-iunie-logica-barem.pdf,194968,bf9f0e78f83338aa8427e821228318c2bbbee1ae75f816b8e870ea3b67d1c476
2024,logica,Logica,sesiune-iunie,Sesiunea iunie,subiect,2024-iunie-logica-subiect.pdf,bac/2024/logica/sesiune-iunie/2024-iunie-logica-subiect.pdf,156374,01855d62a255523eee6fb93d52e4c9c52d8e7adba52efa655da89b207d398e63
2024,logica,Logica,sesiune-speciala,Sesiunea speciala,barem,2024-speciala-logica-barem.pdf,bac/2024/logica/sesiune-speciala/2024-speciala-logica-barem.pdf,219853,daf021a6b230fb0fd48dcd4d775cc43639fc366c8bb012a2738ef7fd209e2921
2024,logica,Logica,sesiune-speciala,Sesiunea speciala,subiect,2024-speciala-logica-subiect.pdf,bac/2024/logica/sesiune-speciala/2024-speciala-logica-subiect.pdf,179640,244c36aa37fa60e15b4f998a07a7f49cea6d373fb059ef317e3570190f0c0d55
2024,logica,Logica,simulare,Simulare,barem,2024-simulare-general-barem.pdf,bac/2024/logica/simulare/2024-simulare-general-barem.pdf,225333,ec4eeb5f672bc7ca3a27f21ab55e03ea5d9c5f4ff839c7f066e4b690cd1ae983
2024,logica,Logica,simulare,Simulare,subiect,2024-simulare-general-subiect.pdf,bac/2024/logica/simulare/2024-simulare-general-subiect.pdf,304663,88fc76529b4f7a3d1c06ba98628113589462d74b62a42bb2f0030d08b143c185
2024,matematica,Matematica,model,Model,barem,2024-model-mate-info-barem.pdf,bac/2024/matematica/model/2024-model-mate-info-barem.pdf,120766,a8a0d7ae15e999addc61a6d03bfd96cadbff1979cd4f2f8e17d8420fe3e7bdfe
2024,matematica,Matematica,model,Model,subiect,2024-model-mate-info-subiect.pdf,bac/2024/matematica/model/2024-model-mate-info-subiect.pdf,116587,3454f58b11f6cafbf64ef053a9f14ae2d2f47c62f302c4e3c90a673c6cd1cc73
2024,matematica,Matematica,model,Model,barem,2024-model-pedagogic-barem.pdf,bac/2024/matematica/model/2024-model-pedagogic-barem.pdf,260678,9e5140e4aa00c540ff7f3388e253847760275cc47c531fb1bd850118f8a55e92
2024,matematica,Matematica,model,Model,subiect,2024-model-pedagogic-subiect.pdf,bac/2024/matematica/model/2024-model-pedagogic-subiect.pdf,210838,d496aaf2f8d5758f38c6b00cccfe06e981322100faeb12550a2659bdc7dd8d07
2024,matematica,Matematica,model,Model,barem,2024-model-stiinte-naturii-barem.pdf,bac/2024/matematica/model/2024-model-stiinte-naturii-barem.pdf,119102,cf08aa41e84011302147c1c868542365b4824c1b98255e4ef8a1970a36b279bb
2024,matematica,Matematica,model,Model,subiect,2024-model-stiinte-naturii-subiect.pdf,bac/2024/matematica/model/2024-model-stiinte-naturii-subiect.pdf,111131,d9ee3bec1da8335a792b221ecdec98056b7ac1cf096caa54c7e1bf28aff5f32e
2024,matematica,Matematica,model,Model,barem,2024-model-tehnologic-barem.pdf,bac/2024/matematica/model/2024-model-tehnologic-barem.pdf,231156,219a2f8e269a0e9d929bb59e5173bc3005404a3a201910242d9c3a4c77e859e3
2024,matematica,Matematica,model,Model,subiect,2024-model-tehnologic-subiect.pdf,bac/2024/matematica/model/2024-model-tehnologic-subiect.pdf,212878,d40063b4fbbb7b6cbf679eae982111ebad03467aa6be69d31003731aab6e2cf7
2024,matematica,Matematica,rezerva-august,Rezerva august,barem,2024-august-rezerva-matematica-m-tehnologic-barem.pdf,bac/2024/matematica/rezerva-august/2024-august-rezerva-matematica-m-tehnologic-barem.pdf,112423,790b100a689ccbfe8a6c7ab07351732b3e1a3689e2332f999629628066463bed
2024,matematica,Matematica,rezerva-august,Rezerva august,subiect,2024-august-rezerva-matematica-m-tehnologic-subiect.pdf,bac/2024/matematica/rezerva-august/2024-august-rezerva-matematica-m-tehnologic-subiect.pdf,103766,487378e7b8daa0715709160e57f585dd543f924b327ce73263af058fd7ecb6e6
2024,matematica,Matematica,rezerva-iunie,Rezerva iunie,barem,2024-iunie-rezerva-matematica-m-st-nat-barem.pdf,bac/2024/matematica/rezerva-iunie/2024-iunie-rezerva-matematica-m-st-nat-barem.pdf,113669,1ae664080b20698ddad064132dc762346a1ea027c007a812fc00f257cf679d43
2024,matematica,Matematica,rezerva-iunie,Rezerva iunie,subiect,2024-iunie-rezerva-matematica-m-st-nat-subiect.pdf,bac/2024/matematica/rezerva-iunie/2024-iunie-rezerva-matematica-m-st-nat-subiect.pdf,106214,d362a3998e0eeba252013e21d0a81aa64d8d6ce3def8720ab7a197bd33468197
2024,matematica,Matematica,sesiune-august,Sesiunea august,barem,2024-august-matematica-m-mate-info-barem.pdf,bac/2024/matematica/sesiune-august/2024-august-matematica-m-mate-info-barem.pdf,118543,b98d1ad1effa0b064bbe97d15e45e8241e6f75bbace184361f77b36ce2ce7c28
2024,matematica,Matematica,sesiune-august,Sesiunea august,subiect,2024-august-matematica-m-mate-info-subiect.pdf,bac/2024/matematica/sesiune-august/2024-august-matematica-m-mate-info-subiect.pdf,106548,8d28267b6631589ee3eefa8225a15197f38f5c8c32b724ed1b38a906a38ce483
2024,matematica,Matematica,sesiune-august,Sesiunea august,barem,2024-august-matematica-m-pedagogic-barem.pdf,bac/2024/matematica/sesiune-august/2024-august-matematica-m-pedagogic-barem.pdf,116397,6e607d6e0c6eb39b8867fec7005eb7f0d32fc1f7a69fc8176c9f0fd6ec4efa8d
2024,matematica,Matematica,sesiune-august,Sesiunea august,subiect,2024-august-matematica-m-pedagogic-subiect.pdf,bac/2024/matematica/sesiune-august/2024-august-matematica-m-pedagogic-subiect.pdf,105861,5abe4d23f7ccc9358a437d66a30813b17572215f760fe8aeba7244d65ba76b48
2024,matematica,Matematica,sesiune-august,Sesiunea august,barem,2024-august-matematica-m-st-nat-barem.pdf,bac/2024/matematica/sesiune-august/2024-august-matematica-m-st-nat-barem.pdf,115867,8d60c716e8244c8ad9b3cf2fafeea20e45e471ab9c0b6e051fa387a8fe3687c6
2024,matematica,Matematica,sesiune-august,Sesiunea august,subiect,2024-august-matematica-m-st-nat-subiect.pdf,bac/2024/matematica/sesiune-august/2024-august-matematica-m-st-nat-subiect.pdf,105310,fa9f7566746b070bb42d9faa4ad979c49237a788feb2dd21052f75b8624a5145
2024,matematica,Matematica,sesiune-august,Sesiunea august,barem,2024-august-matematica-m-tehnologic-barem.pdf,bac/2024/matematica/sesiune-august/2024-august-matematica-m-tehnologic-barem.pdf,112537,44f04970d3b88247c722e7e670ce2116143dafb7924ea074fdd1d6ad044e9b13
2024,matematica,Matematica,sesiune-august,Sesiunea august,subiect,2024-august-matematica-m-tehnologic-subiect.pdf,bac/2024/matematica/sesiune-august/2024-august-matematica-m-tehnologic-subiect.pdf,105887,8102c339c3ad534b2e7a07c5d77f3fdcd53dc3bcccf09aab8bade3071d9a4f19
2024,matematica,Matematica,sesiune-iunie,Sesiunea iunie,barem,2024-iunie-matematica-m-mate-info-barem.pdf,bac/2024/matematica/sesiune-iunie/2024-iunie-matematica-m-mate-info-barem.pdf,118226,11cf12929c74f41cce20c2044b67b80d9e2efd465e0519d779c6540329582869
2024,matematica,Matematica,sesiune-iunie,Sesiunea iunie,subiect,2024-iunie-matematica-m-mate-info-subiect.pdf,bac/2024/matematica/sesiune-iunie/2024-iunie-matematica-m-mate-info-subiect.pdf,106568,8815cf3cf74e28935c75b1c0c49531b9ddf642e4ba923f5c8d1f5d07b0e42748
2024,matematica,Matematica,sesiune-iunie,Sesiunea iunie,barem,2024-iunie-matematica-m-pedagogic-barem.pdf,bac/2024/matematica/sesiune-iunie/2024-iunie-matematica-m-pedagogic-barem.pdf,131636,8a3e30a25fa377d1c090623330a75c92a1d2c77faa966ee6439c1b2d7ae49840
2024,matematica,Matematica,sesiune-iunie,Sesiunea iunie,subiect,2024-iunie-matematica-m-pedagogic-subiect.pdf,bac/2024/matematica/sesiune-iunie/2024-iunie-matematica-m-pedagogic-subiect.pdf,103937,54cda9c2f2fb2046c67a79d71d7bc5856789dc7e0dae66d0ea2fb4ed59506f0e
2024,matematica,Matematica,sesiune-iunie,Sesiunea iunie,barem,2024-iunie-matematica-m-st-nat-barem.pdf,bac/2024/matematica/sesiune-iunie/2024-iunie-matematica-m-st-nat-barem.pdf,114610,f13b32e5553348efa146909cd5f32d723cc3a613ae6b554383bf694a4790655e
2024,matematica,Matematica,sesiune-iunie,Sesiunea iunie,subiect,2024-iunie-matematica-m-st-nat-subiect.pdf,bac/2024/matematica/sesiune-iunie/2024-iunie-matematica-m-st-nat-subiect.pdf,104337,972b5ddc66d31ad1ed696b0a1f214c6100959ce210ef9cea3f5ac83e8beb6c54
2024,matematica,Matematica,sesiune-iunie,Sesiunea iunie,barem,2024-iunie-matematica-m-tehnologic-barem.pdf,bac/2024/matematica/sesiune-iunie/2024-iunie-matematica-m-tehnologic-barem.pdf,115906,f7e645ae7f61196f9a95e748499b0c48f54a3a2ebc17e326c1d1ca98795e25ce
2024,matematica,Matematica,sesiune-iunie,Sesiunea iunie,subiect,2024-iunie-matematica-m-tehnologic-subiect.pdf,bac/2024/matematica/sesiune-iunie/2024-iunie-matematica-m-tehnologic-subiect.pdf,104077,8883f6b2bce58c09d2aa8277175220f815a311bb7338c230b65c333aabbd8355
2024,matematica,Matematica,sesiune-speciala,Sesiunea speciala,barem,2024-speciala-matematica-m-mate-info-barem.pdf,bac/2024/matematica/sesiune-speciala/2024-speciala-matematica-m-mate-info-barem.pdf,116924,ad2973ee0c2c5fa63a4fcd203e3866141455aa3525139b05b04dfbab28c911d6
2024,matematica,Matematica,sesiune-speciala,Sesiunea speciala,subiect,2024-speciala-matematica-m-mate-info-subiect.pdf,bac/2024/matematica/sesiune-speciala/2024-speciala-matematica-m-mate-info-subiect.pdf,107997,8eeffda174ae1c9567793637668bd6d035c8b5418e944a812113182dede220dc
2024,matematica,Matematica,sesiune-speciala,Sesiunea speciala,barem,2024-speciala-matematica-m-pedagogic-barem.pdf,bac/2024/matematica/sesiune-speciala/2024-speciala-matematica-m-pedagogic-barem.pdf,114696,d1bfee1335bddc3acfcb3b9629f2ffd9d3b5e3b63e72488c080bb22bf8407218
2024,matematica,Matematica,sesiune-speciala,Sesiunea speciala,subiect,2024-speciala-matematica-m-pedagogic-subiect.pdf,bac/2024/matematica/sesiune-speciala/2024-speciala-matematica-m-pedagogic-subiect.pdf,104081,e51f922f1b568bd7054666e4c1f7937f99441a195ed608e7ac357149a8dc97ec
2024,matematica,Matematica,sesiune-speciala,Sesiunea speciala,barem,2024-speciala-matematica-m-st-nat-barem.pdf,bac/2024/matematica/sesiune-speciala/2024-speciala-matematica-m-st-nat-barem.pdf,113456,008e375686fa7814f791fdd0101a57feee9d72da39693823ef061857569e0573
2024,matematica,Matematica,sesiune-speciala,Sesiunea speciala,subiect,2024-speciala-matematica-m-st-nat-subiect.pdf,bac/2024/matematica/sesiune-speciala/2024-speciala-matematica-m-st-nat-subiect.pdf,104918,a295fd2ca47618240c074d111e13eac74a4a6019eb2781cb30a5ca49570a84be
2024,matematica,Matematica,sesiune-speciala,Sesiunea speciala,barem,2024-speciala-matematica-m-tehnologic-barem.pdf,bac/2024/matematica/sesiune-speciala/2024-speciala-matematica-m-tehnologic-barem.pdf,115519,b8023cac6e8fdd8183e411bed2c3ca290ab0f7dee74a426b445a074df05aea59
2024,matematica,Matematica,sesiune-speciala,Sesiunea speciala,subiect,2024-speciala-matematica-m-tehnologic-subiect.pdf,bac/2024/matematica/sesiune-speciala/2024-speciala-matematica-m-tehnologic-subiect.pdf,104530,f60cf6205a9df76ddaaed0281d90ad052d145bf6afdb0e5c1f022767137f2970
2024,matematica,Matematica,simulare,Simulare,barem,2024-simulare-mate-info-barem.pdf,bac/2024/matematica/simulare/2024-simulare-mate-info-barem.pdf,126518,dd200a40ffbcbb26e6c7bc7fbfde66bddfcc852eb0ff5d014dd113f694287cfb
2024,matematica,Matematica,simulare,Simulare,subiect,2024-simulare-mate-info-subiect.pdf,bac/2024/matematica/simulare/2024-simulare-mate-info-subiect.pdf,117022,15c594aaeb6c7ea40a59bdbf551d35f4bbc69051960a0cefd19f1fd8d61fdf41
2024,matematica,Matematica,simulare,Simulare,barem,2024-simulare-pedagogic-barem.pdf,bac/2024/matematica/simulare/2024-simulare-pedagogic-barem.pdf,259671,bf1feb3e4f95f23f85cd1bbfcb0120ed4dd0da43d2ff0ad941729020562e40fb
2024,matematica,Matematica,simulare,Simulare,subiect,2024-simulare-pedagogic-subiect.pdf,bac/2024/matematica/simulare/2024-simulare-pedagogic-subiect.pdf,219462,f6e4c22389f5b33cd5600231c0076646e492373d0a7e7858a056807bee385a3f
2024,matematica,Matematica,simulare,Simulare,barem,2024-simulare-stiinte-naturii-barem.pdf,bac/2024/matematica/simulare/2024-simulare-stiinte-naturii-barem.pdf,122162,c2e3bb5da9d4eeca125d1247fcc1faf6384a40a430b0304bb0be6322d343e1ce
2024,matematica,Matematica,simulare,Simulare,subiect,2024-simulare-stiinte-naturii-subiect.pdf,bac/2024/matematica/simulare/2024-simulare-stiinte-naturii-subiect.pdf,113437,aa149531a6166758c1566a9c4c301e9ddeb84dc85d453d854e611b6665129a2e
2024,matematica,Matematica,simulare,Simulare,barem,2024-simulare-tehnologic-barem.pdf,bac/2024/matematica/simulare/2024-simulare-tehnologic-barem.pdf,229753,c67dbc641ee972e33e4a3959fd52324e4e1af4e2dd0a770a2fd385b8117ff5eb
2024,matematica,Matematica,simulare,Simulare,subiect,2024-simulare-tehnologic-subiect.pdf,bac/2024/matematica/simulare/2024-simulare-tehnologic-subiect.pdf,214198,0a91bde85432cc233bf0fc9e1099470fd9cc7f2acd3c5edc8b52d9cc73549c88
2024,psihologie,Psihologie,model,Model,barem,2024-model-general-barem.pdf,bac/2024/psihologie/model/2024-model-general-barem.pdf,181528,039c0a767806e0b14f86fb74dbd395fc151986224f6def5d5efaf5262ed84b7c
2024,psihologie,Psihologie,model,Model,subiect,2024-model-general-subiect.pdf,bac/2024/psihologie/model/2024-model-general-subiect.pdf,162415,30933e79ec38de6c130c388e9cea49bc823240d5d51bc146515b7550f61e3b1b
2024,psihologie,Psihologie,rezerva-iunie,Rezerva iunie,barem,2024-iunie-rezerva-psihologie-barem.pdf,bac/2024/psihologie/rezerva-iunie/2024-iunie-rezerva-psihologie-barem.pdf,167400,b817d327d43b4066245379e957f4af1dfef6d5f078af8400095cf4f6919589d7
2024,psihologie,Psihologie,rezerva-iunie,Rezerva iunie,subiect,2024-iunie-rezerva-psihologie-subiect.pdf,bac/2024/psihologie/rezerva-iunie/2024-iunie-rezerva-psihologie-subiect.pdf,151303,1b11bff8e835984401a8917f71e2eddd241e7d91e663026f77a247a846fef4c9
2024,psihologie,Psihologie,sesiune-august,Sesiunea august,barem,2024-august-psihologie-barem.pdf,bac/2024/psihologie/sesiune-august/2024-august-psihologie-barem.pdf,84653,ced9689179dafaff6553d3211e7ec4c7d802cfa91b5dfb8563c17e0612d4c615
2024,psihologie,Psihologie,sesiune-august,Sesiunea august,subiect,2024-august-psihologie-subiect.pdf,bac/2024/psihologie/sesiune-august/2024-august-psihologie-subiect.pdf,87901,755b91130ed2f4df51cd8d675b22d42535ae0332ee072193a083fecec7c3d064
2024,psihologie,Psihologie,sesiune-iunie,Sesiunea iunie,barem,2024-iunie-psihologie-barem.pdf,bac/2024/psihologie/sesiune-iunie/2024-iunie-psihologie-barem.pdf,171685,4cfb24ae79b24614a80d94d824d5e9a3d109e2de4d15adb534a756d51eb1e74b
2024,psihologie,Psihologie,sesiune-iunie,Sesiunea iunie,subiect,2024-iunie-psihologie-subiect.pdf,bac/2024/psihologie/sesiune-iunie/2024-iunie-psihologie-subiect.pdf,162511,75e5b2f39364f18457e6780b4948ff5e52483d444d7215392dea91aea62939e6
2024,psihologie,Psihologie,sesiune-speciala,Sesiunea speciala,barem,2024-speciala-psihologie-barem.pdf,bac/2024/psihologie/sesiune-speciala/2024-speciala-psihologie-barem.pdf,170492,8ebdc9934369d32013c85372acae23aca2ff600afdd2c222570d66f7a780aeb7
2024,psihologie,Psihologie,sesiune-speciala,Sesiunea speciala,subiect,2024-speciala-psihologie-subiect.pdf,bac/2024/psihologie/sesiune-speciala/2024-speciala-psihologie-subiect.pdf,153988,532ed3d14bb3e43a1639fa5dd814fd1a84a59c0036dd7a35dcbd56c691a4854f
2024,psihologie,Psihologie,simulare,Simulare,barem,2024-simulare-general-barem.pdf,bac/2024/psihologie/simulare/2024-simulare-general-barem.pdf,372703,cc5639ffcaee970e0e5ed5d0a1c4ffbfc8aa0e6cd6a12d7fc205e02034197c92
2024,psihologie,Psihologie,simulare,Simulare,subiect,2024-simulare-general-subiect.pdf,bac/2024/psihologie/simulare/2024-simulare-general-subiect.pdf,313954,1b8ec562aeed8f9ea0f6d6a866e6be66fea664f2b685577a1d216f962a56d372
2024,romana,Limba romana,model,Model,barem,2024-model-real-tehnologic-barem.pdf,bac/2024/romana/model/2024-model-real-tehnologic-barem.pdf,185805,e4dc59a55b002c6b810cf6a85071d4e15fce5a433bcdf83edbeb321390bfe4ee
2024,romana,Limba romana,model,Model,subiect,2024-model-real-tehnologic-subiect.pdf,bac/2024/romana/model/2024-model-real-tehnologic-subiect.pdf,183280,d3b89dc62fae4c05c8b9c69944b75b75ded1c6ea6207bb7dd8315b6d65ea79ff
2024,romana,Limba romana,model,Model,barem,2024-model-uman-pedagogic-barem.pdf,bac/2024/romana/model/2024-model-uman-pedagogic-barem.pdf,183997,7d801ec797f8b3f407e8274de0c7bbbe13d3e94ac282a24947351edbb8a58f54
2024,romana,Limba romana,model,Model,subiect,2024-model-uman-pedagogic-subiect.pdf,bac/2024/romana/model/2024-model-uman-pedagogic-subiect.pdf,182138,cd71fa3d0ce201bb7cba39ac4f84450a893ea00957fb87399d286172fce04cd7
2024,romana,Limba romana,rezerva-august,Rezerva august,barem,2024-august-rezerva-romana-real-tehn-barem.pdf,bac/2024/romana/rezerva-august/2024-august-rezerva-romana-real-tehn-barem.pdf,183585,445188f4d8072cb6992434a546aa333da1a5a70742898433d167bb56b326e2a4
2024,romana,Limba romana,rezerva-august,Rezerva august,subiect,2024-august-rezerva-romana-real-tehn-subiect.pdf,bac/2024/romana/rezerva-august/2024-august-rezerva-romana-real-tehn-subiect.pdf,189065,db723ae8572eecbff07f82c1a7f1d2791411cf9d78d61a7f7527e11090a2e66e
2024,romana,Limba romana,rezerva-iunie,Rezerva iunie,barem,2024-iunie-rezerva-romana-real-tehn-barem.pdf,bac/2024/romana/rezerva-iunie/2024-iunie-rezerva-romana-real-tehn-barem.pdf,183730,7a01a1122a4e58cb302f9ec77a37dde7ebae42b950b24039bf633f271b16a5f0
2024,romana,Limba romana,rezerva-iunie,Rezerva iunie,subiect,2024-iunie-rezerva-romana-real-tehn-subiect.pdf,bac/2024/romana/rezerva-iunie/2024-iunie-rezerva-romana-real-tehn-subiect.pdf,207086,2b17ef9efd71fc2d2de4ecbf629924d0c0a52190efc188f4436162cc72855ff1
2024,romana,Limba romana,rezerva-iunie,Rezerva iunie,barem,2024-iunie-rezerva-romana-uman-ped-barem.pdf,bac/2024/romana/rezerva-iunie/2024-iunie-rezerva-romana-uman-ped-barem.pdf,181629,57bd3cf0d4c0c6dc82142f54408faf4d1f42c02db7de59a550941b8ce41a613b
2024,romana,Limba romana,rezerva-iunie,Rezerva iunie,subiect,2024-iunie-rezerva-romana-uman-ped-subiect.pdf,bac/2024/romana/rezerva-iunie/2024-iunie-rezerva-romana-uman-ped-subiect.pdf,206941,88adbb67d2142206e587adcae49d026bc16976d14c2d02782b762bba4c519ede
2024,romana,Limba romana,sesiune-august,Sesiunea august,barem,2024-august-romana-real-tehn-barem.pdf,bac/2024/romana/sesiune-august/2024-august-romana-real-tehn-barem.pdf,183598,036f2813c127c8606d323db4c625402db1bc2b0ede528248679796930ef80c1c
2024,romana,Limba romana,sesiune-august,Sesiunea august,subiect,2024-august-romana-real-tehn-subiect.pdf,bac/2024/romana/sesiune-august/2024-august-romana-real-tehn-subiect.pdf,205290,2e638ec8966a6a3e43a6e40ac6a1c0e8ac9e44878faf3026fb3bb161741592fe
2024,romana,Limba romana,sesiune-august,Sesiunea august,barem,2024-august-romana-uman-ped-barem.pdf,bac/2024/romana/sesiune-august/2024-august-romana-uman-ped-barem.pdf,181700,97071e375477265adbf2ec90fd342cbafe9aefdf73de32e56927aaaff1e630ba
2024,romana,Limba romana,sesiune-august,Sesiunea august,subiect,2024-august-romana-uman-ped-subiect.pdf,bac/2024/romana/sesiune-august/2024-august-romana-uman-ped-subiect.pdf,204574,f63ab66a82724cbe6d4e6278fb7d000dcd21c68a1ad280fb51328946e9113d26
2024,romana,Limba romana,sesiune-iunie,Sesiunea iunie,barem,2024-iunie-romana-real-tehn-barem.pdf,bac/2024/romana/sesiune-iunie/2024-iunie-romana-real-tehn-barem.pdf,183585,a1dbccb9072aa013d4470fe6219e4444a6e1abc749dc5274b1df85f61f38a1c1
2024,romana,Limba romana,sesiune-iunie,Sesiunea iunie,subiect,2024-iunie-romana-real-tehn-subiect.pdf,bac/2024/romana/sesiune-iunie/2024-iunie-romana-real-tehn-subiect.pdf,190597,3c92974f46736131663773e6c368e8fb595c50dc0876b4d10ebf2374a9815b65
2024,romana,Limba romana,sesiune-iunie,Sesiunea iunie,barem,2024-iunie-romana-uman-ped-barem.pdf,bac/2024/romana/sesiune-iunie/2024-iunie-romana-uman-ped-barem.pdf,182500,86c2af5d6828ce47b9c50eeacb19a911f5d54ffb8300a1eafdc7cf7f40641246
2024,romana,Limba romana,sesiune-iunie,Sesiunea iunie,subiect,2024-iunie-romana-uman-ped-subiect.pdf,bac/2024/romana/sesiune-iunie/2024-iunie-romana-uman-ped-subiect.pdf,188785,cd83b1ce2bc2d0dc8800e9da17c2b514881290db2d203b7a0738d342e34346dc
2024,romana,Limba romana,sesiune-speciala,Sesiunea speciala,barem,2024-speciala-romana-real-tehn-barem.pdf,bac/2024/romana/sesiune-speciala/2024-speciala-romana-real-tehn-barem.pdf,186319,3b60f0015db31b974b05c8672ba567955a8bb6b11f6f09f3831cb27c21e7cd8a
2024,romana,Limba romana,sesiune-speciala,Sesiunea speciala,subiect,2024-speciala-romana-real-tehn-subiect.pdf,bac/2024/romana/sesiune-speciala/2024-speciala-romana-real-tehn-subiect.pdf,206130,950a0d8799b12d40a711e5b0ed5cbc7d8ab0ad9d4c9d9c2ff2f0c7038013630d
2024,romana,Limba romana,sesiune-speciala,Sesiunea speciala,barem,2024-speciala-romana-uman-ped-barem.pdf,bac/2024/romana/sesiune-speciala/2024-speciala-romana-uman-ped-barem.pdf,185214,02d8902f95014d0db156f07cc706634a609640861bb479af3f5ca73e69c77fc8
2024,romana,Limba romana,sesiune-speciala,Sesiunea speciala,subiect,2024-speciala-romana-uman-ped-subiect.pdf,bac/2024/romana/sesiune-speciala/2024-speciala-romana-uman-ped-subiect.pdf,206186,a384ba02bb8ad0a80b85fe7b7e777d44a90800e030a4fb9607fdc7d462721853
2024,romana,Limba romana,simulare,Simulare,barem,2024-simulare-real-tehnologic-barem.pdf,bac/2024/romana/simulare/2024-simulare-real-tehnologic-barem.pdf,185342,4dabfc606424895e5f747728cbbf361e103fbd633d2bd69bc2d269071141b61c
2024,romana,Limba romana,simulare,Simulare,subiect,2024-simulare-real-tehnologic-subiect.pdf,bac/2024/romana/simulare/2024-simulare-real-tehnologic-subiect.pdf,186172,d25e6a34ff917cd3ba4ca94b781a0804e33c9279ff8e6d65f98c9ceab2190d97
2024,romana,Limba romana,simulare,Simulare,barem,2024-simulare-uman-pedagogic-barem.pdf,bac/2024/romana/simulare/2024-simulare-uman-pedagogic-barem.pdf,183680,16e9abb3c54758ec6cb9f453d39e80df7193c1fc4e4853326447915c2dced33a
2024,romana,Limba romana,simulare,Simulare,subiect,2024-simulare-uman-pedagogic-subiect.pdf,bac/2024/romana/simulare/2024-simulare-uman-pedagogic-subiect.pdf,185914,0b3153374d18d7ce46f079712091db746e6c64faa449ed15c7fe6c94d0eb10b4
2024,sociologie,Sociologie,model,Model,barem,2024-model-general-barem.pdf,bac/2024/sociologie/model/2024-model-general-barem.pdf,108142,2bfc63cd439a9847a6a213cf4aceb52a230a79059fdb5bea40d455e9ece58888
2024,sociologie,Sociologie,model,Model,subiect,2024-model-general-subiect.pdf,bac/2024/sociologie/model/2024-model-general-subiect.pdf,145099,c6af0afe685718a5641394ec31efeea2569b229370b2839b3d58ad614ad9564e
2024,sociologie,Sociologie,rezerva-iunie,Rezerva iunie,barem,2024-iunie-rezerva-sociologie-barem.pdf,bac/2024/sociologie/rezerva-iunie/2024-iunie-rezerva-sociologie-barem.pdf,58431,4fe5aae38a92432d2871470bb2dc952bcbb71294b74cc203a0a139cee3568e2e
2024,sociologie,Sociologie,rezerva-iunie,Rezerva iunie,subiect,2024-iunie-rezerva-sociologie-subiect.pdf,bac/2024/sociologie/rezerva-iunie/2024-iunie-rezerva-sociologie-subiect.pdf,69610,a18318d41aae7dbb6de689272f2a1c16f42b5d9cda379b4ceb26f7e11a3fa5ce
2024,sociologie,Sociologie,sesiune-august,Sesiunea august,barem,2024-august-sociologie-barem.pdf,bac/2024/sociologie/sesiune-august/2024-august-sociologie-barem.pdf,52385,39dd0d29803665dd80a86f572b728307d2849ba253b4a33e6a942fdc49b081c1
2024,sociologie,Sociologie,sesiune-august,Sesiunea august,subiect,2024-august-sociologie-subiect.pdf,bac/2024/sociologie/sesiune-august/2024-august-sociologie-subiect.pdf,78334,8dadd851b48e2bb8738d6d84075f4827185cbb1487370d2e9855ad932c4dfec0
2024,sociologie,Sociologie,sesiune-iunie,Sesiunea iunie,barem,2024-iunie-sociologie-barem.pdf,bac/2024/sociologie/sesiune-iunie/2024-iunie-sociologie-barem.pdf,108120,99e8009dcf5af5f97156acc97c0364083152dd81b86076426adb878c1ee97e8f
2024,sociologie,Sociologie,sesiune-iunie,Sesiunea iunie,subiect,2024-iunie-sociologie-subiect.pdf,bac/2024/sociologie/sesiune-iunie/2024-iunie-sociologie-subiect.pdf,145392,e246f8b73cfbf1942db98d6e3dd12f33b1abcd8c5d2c4dcdfd3c9865ac99a75f
2024,sociologie,Sociologie,sesiune-speciala,Sesiunea speciala,barem,2024-speciala-sociologie-barem.pdf,bac/2024/sociologie/sesiune-speciala/2024-speciala-sociologie-barem.pdf,108379,93f600e3d9dbc7ff3ae9977d1abd2fa670b43c184b8ddb86ac9e09b064da81e1
2024,sociologie,Sociologie,sesiune-speciala,Sesiunea speciala,subiect,2024-speciala-sociologie-subiect.pdf,bac/2024/sociologie/sesiune-speciala/2024-speciala-sociologie-subiect.pdf,144438,2b86f864dd9de9d773896e23dab76608e39391b2f5f48e00ee88e04cf829723c
2024,sociologie,Sociologie,simulare,Simulare,barem,2024-simulare-general-barem.pdf,bac/2024/sociologie/simulare/2024-simulare-general-barem.pdf,217288,eb9334290f3353c86c27fe9acd1005f0c80bcc0ae40bc83429f9c46b084d1d6d
2024,sociologie,Sociologie,simulare,Simulare,subiect,2024-simulare-general-subiect.pdf,bac/2024/sociologie/simulare/2024-simulare-general-subiect.pdf,145977,af51c9e98a2568e10660307e93b4cf507cf1d5d5882351cbd433a2afdf927d90
2025,biologie,Biologie,model,Model,barem,2025-model-anatomie-fiziologie-barem.pdf,bac/2025/biologie/model/2025-model-anatomie-fiziologie-barem.pdf,158675,d7c8e86f8b72fbe9577dad769dae5137bd350d93c0c6ae0fe12b464b72aaf83f
2025,biologie,Biologie,model,Model,subiect,2025-model-anatomie-fiziologie-subiect.pdf,bac/2025/biologie/model/2025-model-anatomie-fiziologie-subiect.pdf,162355,ee9194cda6ce9bdf82fdcfd2a8bd424fdf3674c8ffb1b7a6b1192bc727e0a645
2025,biologie,Biologie,model,Model,barem,2025-model-vegetala-animala-barem.pdf,bac/2025/biologie/model/2025-model-vegetala-animala-barem.pdf,158547,b70f7d5e0d29a57237439a0f6991a1a03e9bb17e47863084582da451240793b9
2025,biologie,Biologie,model,Model,subiect,2025-model-vegetala-animala-subiect.pdf,bac/2025/biologie/model/2025-model-vegetala-animala-subiect.pdf,163981,d8b131472a8603f638f9c404fa8b747a706822bda998da5b7c13226b8dda3551
2025,biologie,Biologie,rezerva-iunie,Rezerva iunie,barem,2025-iunie-rezerva-vegetala-animala-barem.pdf,bac/2025/biologie/rezerva-iunie/2025-iunie-rezerva-vegetala-animala-barem.pdf,80291,e5517448d101cbc8328ab0d096ebe7f7a881c05348fcd1d2c24ee2cd5c2d6492
2025,biologie,Biologie,rezerva-iunie,Rezerva iunie,subiect,2025-iunie-rezerva-vegetala-animala-subiect.pdf,bac/2025/biologie/rezerva-iunie/2025-iunie-rezerva-vegetala-animala-subiect.pdf,79670,78fc1de2634936c04c048738169461cbfef5d1a6477e1653d4c6b8230a21bc0d
2025,biologie,Biologie,sesiune-august,Sesiunea august,barem,2025-august-anatomie-barem.pdf,bac/2025/biologie/sesiune-august/2025-august-anatomie-barem.pdf,79302,a55a5379a768ca2a487a0cf38ea447c616332628ca2d46b0e3fb3b94cfcade48
2025,biologie,Biologie,sesiune-august,Sesiunea august,subiect,2025-august-anatomie-subiect.pdf,bac/2025/biologie/sesiune-august/2025-august-anatomie-subiect.pdf,77395,919742b4bf5cb4db1b807c8c2fcdcd828e8bde52d3649bb5645e3698c306b6c1
2025,biologie,Biologie,sesiune-august,Sesiunea august,barem,2025-august-vegetala-animala-barem.pdf,bac/2025/biologie/sesiune-august/2025-august-vegetala-animala-barem.pdf,78699,a70f1d59333bcf5e1d2b72f6ea82d023fb5e1a696f91fd7aa22f736fed712978
2025,biologie,Biologie,sesiune-august,Sesiunea august,subiect,2025-august-vegetala-animala-subiect.pdf,bac/2025/biologie/sesiune-august/2025-august-vegetala-animala-subiect.pdf,90020,68229670d941c278dd0a395a7fdedd3732a094811d315427ad13bc33ef5d1d98
2025,biologie,Biologie,sesiune-iunie,Sesiunea iunie,barem,2025-iunie-anatomie-barem.pdf,bac/2025/biologie/sesiune-iunie/2025-iunie-anatomie-barem.pdf,79923,91bb3538728b18c1ff50b7968400f0d939143a251395e40bc19293b5d8580e3f
2025,biologie,Biologie,sesiune-iunie,Sesiunea iunie,subiect,2025-iunie-anatomie-subiect.pdf,bac/2025/biologie/sesiune-iunie/2025-iunie-anatomie-subiect.pdf,84018,e73adbdc32c31862bdeccace2dcfabd473be22a5c5643a05653c416b196c8517
2025,biologie,Biologie,sesiune-iunie,Sesiunea iunie,barem,2025-iunie-vegetala-animala-barem.pdf,bac/2025/biologie/sesiune-iunie/2025-iunie-vegetala-animala-barem.pdf,79001,72eb9802312f3e0f046d065dfc03fec99499da11e6c0525a73f164957a36c03c
2025,biologie,Biologie,sesiune-iunie,Sesiunea iunie,subiect,2025-iunie-vegetala-animala-subiect.pdf,bac/2025/biologie/sesiune-iunie/2025-iunie-vegetala-animala-subiect.pdf,85171,3f536897d95a484e8b8801c9546228f825a1994ffa309a8f5ae395ae76e6b85a
2025,biologie,Biologie,sesiune-speciala,Sesiunea speciala,barem,2025-speciala-anatomie-barem.pdf,bac/2025/biologie/sesiune-speciala/2025-speciala-anatomie-barem.pdf,80193,66bad292522bad7a51635e3807e8c435c57d884271b9d283bc231da6fcc45464
2025,biologie,Biologie,sesiune-speciala,Sesiunea speciala,subiect,2025-speciala-anatomie-subiect.pdf,bac/2025/biologie/sesiune-speciala/2025-speciala-anatomie-subiect.pdf,77883,047333bdfd08d62045e9514534ab3224b87b6b00b376799e04cf559ffd3aff79
2025,biologie,Biologie,sesiune-speciala,Sesiunea speciala,barem,2025-speciala-vegetala-animala-barem.pdf,bac/2025/biologie/sesiune-speciala/2025-speciala-vegetala-animala-barem.pdf,78867,f64d72377ef67a102590a52dc10982501baa38f7f2909890499846a37085909c
2025,biologie,Biologie,sesiune-speciala,Sesiunea speciala,subiect,2025-speciala-vegetala-animala-subiect.pdf,bac/2025/biologie/sesiune-speciala/2025-speciala-vegetala-animala-subiect.pdf,90580,7a18f67b0c0ae72b9ec78f93afa004412b508cfda3ae1abf8f21f8e1e9e32d71
2025,biologie,Biologie,simulare,Simulare,barem,2025-simulare-anatomie-fiziologie-barem.pdf,bac/2025/biologie/simulare/2025-simulare-anatomie-fiziologie-barem.pdf,160070,c4dd9b7fce2d519ab9020e41d73c8d1c5eb062942ac149ac2328a8e3876933bf
2025,biologie,Biologie,simulare,Simulare,subiect,2025-simulare-anatomie-fiziologie-subiect.pdf,bac/2025/biologie/simulare/2025-simulare-anatomie-fiziologie-subiect.pdf,150675,93b1c4420671745f43cfa17fce5be0bc36f8edcf496d3f21a67e8b7a2eb82213
2025,biologie,Biologie,simulare,Simulare,barem,2025-simulare-vegetala-animala-barem.pdf,bac/2025/biologie/simulare/2025-simulare-vegetala-animala-barem.pdf,159384,62dfff0ab62f3cc21063ab42fe462450e8e8937d957a1aef6b9b82815b7e0f8d
2025,biologie,Biologie,simulare,Simulare,subiect,2025-simulare-vegetala-animala-subiect.pdf,bac/2025/biologie/simulare/2025-simulare-vegetala-animala-subiect.pdf,163979,3212316dd21029481818d8ce1e0b13b09d6c9c3ce4fc995d55e149378e583ee2
2025,chimie,Chimie,model,Model,barem,2025-model-anorganica-barem.pdf,bac/2025/chimie/model/2025-model-anorganica-barem.pdf,149745,b89a28ec2b1718dc6b72d28cc3dec564116bd6328d7fdcd4bad7ba9b1e133c43
2025,chimie,Chimie,model,Model,subiect,2025-model-anorganica-subiect.pdf,bac/2025/chimie/model/2025-model-anorganica-subiect.pdf,135244,0b7b2cde9484e6fcc2e72be98d8579ee6f0e4074645eb6a2134f2541bcc16bbb
2025,chimie,Chimie,model,Model,barem,2025-model-organica-barem.pdf,bac/2025/chimie/model/2025-model-organica-barem.pdf,144801,d120e156795b38db0561901a62cdc0151f120e1fdc481209924a508e2c19b103
2025,chimie,Chimie,model,Model,subiect,2025-model-organica-subiect.pdf,bac/2025/chimie/model/2025-model-organica-subiect.pdf,172646,7f06846185c90e8aaaacbdbc47c0eb8ceedfa26759583e353fb936a9b47c4a4e
2025,chimie,Chimie,sesiune-august,Sesiunea august,barem,2025-august-anorganica-barem.pdf,bac/2025/chimie/sesiune-august/2025-august-anorganica-barem.pdf,149633,06b5a9b1844a898ea52e27c5465aa47f6582ec8e5fc880a39a00b9b905d612c5
2025,chimie,Chimie,sesiune-august,Sesiunea august,subiect,2025-august-anorganica-subiect.pdf,bac/2025/chimie/sesiune-august/2025-august-anorganica-subiect.pdf,134156,cc88aa7717922a33e6a49b6700069658e1524189f351e7f4ea3acc686dba6273
2025,chimie,Chimie,sesiune-august,Sesiunea august,barem,2025-august-organica-barem.pdf,bac/2025/chimie/sesiune-august/2025-august-organica-barem.pdf,146352,6f76de428f50248165746dcc1034e4fd48389e604ce2c3cfbe9fcc635945aef8
2025,chimie,Chimie,sesiune-august,Sesiunea august,subiect,2025-august-organica-subiect.pdf,bac/2025/chimie/sesiune-august/2025-august-organica-subiect.pdf,155664,7bf1ae97bc50d61482bcf098257c088d79b14c550522147be687e7856371cdba
2025,chimie,Chimie,sesiune-iunie,Sesiunea iunie,barem,2025-iunie-anorganica-barem.pdf,bac/2025/chimie/sesiune-iunie/2025-iunie-anorganica-barem.pdf,147900,c62f5300558acefc5d0a4bfc463958976e3b91f9ea6e2c8ce17b8b6e245a7d07
2025,chimie,Chimie,sesiune-iunie,Sesiunea iunie,subiect,2025-iunie-anorganica-subiect.pdf,bac/2025/chimie/sesiune-iunie/2025-iunie-anorganica-subiect.pdf,136094,160dbfdae6a64a036917b670ac72c20e601e9db20c3f9d67c72bdec1766ad3bd
2025,chimie,Chimie,sesiune-iunie,Sesiunea iunie,barem,2025-iunie-organica-barem.pdf,bac/2025/chimie/sesiune-iunie/2025-iunie-organica-barem.pdf,145624,6117fb2418d0528af425c0f4ec13d4fec0aa5cb21359d3ec6062598c244f6555
2025,chimie,Chimie,sesiune-iunie,Sesiunea iunie,subiect,2025-iunie-organica-subiect.pdf,bac/2025/chimie/sesiune-iunie/2025-iunie-organica-subiect.pdf,139999,e4e8bd892235116412229eaf5916666d15484a70b75b3f1cf54d11290b90c739
2025,chimie,Chimie,sesiune-speciala,Sesiunea speciala,barem,2025-speciala-anorganica-barem.pdf,bac/2025/chimie/sesiune-speciala/2025-speciala-anorganica-barem.pdf,108889,0b7499f9c8df186a29f9a4750079830f713a60fb0462386fdaeb974f3e840b42
2025,chimie,Chimie,sesiune-speciala,Sesiunea speciala,subiect,2025-speciala-anorganica-subiect.pdf,bac/2025/chimie/sesiune-speciala/2025-speciala-anorganica-subiect.pdf,128671,3132b4d66d024bb1a34ceaa0fee626d92a7071d1df10ba9b5a2e616bc52a767f
2025,chimie,Chimie,sesiune-speciala,Sesiunea speciala,barem,2025-speciala-organica-barem.pdf,bac/2025/chimie/sesiune-speciala/2025-speciala-organica-barem.pdf,179376,6b8d64eeb716f03a98879376cbb59959bc259fcc53ac973fcff496336abea812
2025,chimie,Chimie,sesiune-speciala,Sesiunea speciala,subiect,2025-speciala-organica-subiect.pdf,bac/2025/chimie/sesiune-speciala/2025-speciala-organica-subiect.pdf,72345,506377e69d5672b65404f0769dd1312c691fdbbbf0b57f2aa017d5d55987a34d
2025,chimie,Chimie,simulare,Simulare,barem,2025-simulare-anorganica-barem.pdf,bac/2025/chimie/simulare/2025-simulare-anorganica-barem.pdf,80621,b5573c0fcde0dfeac85524f608e03bc32b62577b9cfc16624df5503924b37b4e
2025,chimie,Chimie,simulare,Simulare,subiect,2025-simulare-anorganica-subiect.pdf,bac/2025/chimie/simulare/2025-simulare-anorganica-subiect.pdf,150383,f6e62dbcc62cef3c6eebee5eb54156790b0531e72a06ebcfa42846774f68ed3a
2025,chimie,Chimie,simulare,Simulare,barem,2025-simulare-organica-barem.pdf,bac/2025/chimie/simulare/2025-simulare-organica-barem.pdf,82177,16ebbd6eba6f4642c31af064aa7c43749219ae6c1bad7f9514cd32c8c224ad29
2025,chimie,Chimie,simulare,Simulare,subiect,2025-simulare-organica-subiect.pdf,bac/2025/chimie/simulare/2025-simulare-organica-subiect.pdf,153264,1117f2548fc248df4db1b9ab5112b8737a6b80be059c3687e0c4b5acdba156f6
2025,economie,Economie,model,Model,barem,2025-model-general-barem.pdf,bac/2025/economie/model/2025-model-general-barem.pdf,375479,fce8922fd73b1b1e1ddeb4733a570918246c317301118e0091a83bed1da582de
2025,economie,Economie,model,Model,subiect,2025-model-general-subiect.pdf,bac/2025/economie/model/2025-model-general-subiect.pdf,368404,285c3c56026c6870b7619632f0b4461c3226ebda591f10cebbd642a539550e5b
2025,economie,Economie,sesiune-august,Sesiunea august,barem,2025-august-general-barem.pdf,bac/2025/economie/sesiune-august/2025-august-general-barem.pdf,84196,9319fe21883b981f01b2d0b2d4a27b4a5b203a305eaf6e866bb18754e8fd6935
2025,economie,Economie,sesiune-august,Sesiunea august,subiect,2025-august-general-subiect.pdf,bac/2025/economie/sesiune-august/2025-august-general-subiect.pdf,89841,58fe19ba10c91116602b39b8a80ce28912b6e8ed6aa1b37c789f3cc10c8f324f
2025,economie,Economie,sesiune-iunie,Sesiunea iunie,barem,2025-iunie-general-barem.pdf,bac/2025/economie/sesiune-iunie/2025-iunie-general-barem.pdf,85358,dd026224baf10de9b870914a529d025997dac87a5daa5f8a4c4b231618711af7
2025,economie,Economie,sesiune-iunie,Sesiunea iunie,subiect,2025-iunie-general-subiect.pdf,bac/2025/economie/sesiune-iunie/2025-iunie-general-subiect.pdf,93060,14a0447d6f9205d6a02e70e5bc9b7a2dd220f567669d45f4ae6fc872e65d7cc5
2025,economie,Economie,simulare,Simulare,barem,2025-simulare-general-barem.pdf,bac/2025/economie/simulare/2025-simulare-general-barem.pdf,173524,fc2819c395289e20cb9f40e2a9e2053bd57db1983cacfeac31616ecac7b88934
2025,economie,Economie,simulare,Simulare,subiect,2025-simulare-general-subiect.pdf,bac/2025/economie/simulare/2025-simulare-general-subiect.pdf,180235,179f3b0d238e0a873d2ed9e6f56c0bcc79d681085c2c53f7e0cc17442215ac90
2025,filosofie,Filosofie,model,Model,barem,2025-model-general-barem.pdf,bac/2025/filosofie/model/2025-model-general-barem.pdf,109491,a75eae8a37adfffff6906a42dc085d33113c43c8438d30b9a3527eece44cecba
2025,filosofie,Filosofie,model,Model,subiect,2025-model-general-subiect.pdf,bac/2025/filosofie/model/2025-model-general-subiect.pdf,146763,f2ec800defe948650ead7ecbaf73c2639c9548c0b14f0d5c155aa2f539c12e47
2025,filosofie,Filosofie,sesiune-august,Sesiunea august,barem,2025-august-general-barem.pdf,bac/2025/filosofie/sesiune-august/2025-august-general-barem.pdf,67779,448c46a7fd9b74ad2bccce3311af4488c96efd6652452a327d1482e0c31c84af
2025,filosofie,Filosofie,sesiune-august,Sesiunea august,subiect,2025-august-general-subiect.pdf,bac/2025/filosofie/sesiune-august/2025-august-general-subiect.pdf,76628,f1e752593e617b21ea631bbebc5b25e68904011d7816407f35b403fa3ec7d11d
2025,filosofie,Filosofie,sesiune-iunie,Sesiunea iunie,barem,2025-iunie-general-barem.pdf,bac/2025/filosofie/sesiune-iunie/2025-iunie-general-barem.pdf,54944,a2904963bbeba8b78f1184f2814a67f2d855a3a28a2a64f8ba96858a50f520d0
2025,filosofie,Filosofie,sesiune-iunie,Sesiunea iunie,subiect,2025-iunie-general-subiect.pdf,bac/2025/filosofie/sesiune-iunie/2025-iunie-general-subiect.pdf,80442,dd6239c7e1f0c38ea6094770ba78e2f905835ada9885bbe090fd4c0c7bcf4ff1
2025,filosofie,Filosofie,simulare,Simulare,barem,2025-simulare-general-barem.pdf,bac/2025/filosofie/simulare/2025-simulare-general-barem.pdf,109150,7b05614e141b2ee7096c6ca175da170d9a9eedd9b82c2f101118390df491cd0f
2025,filosofie,Filosofie,simulare,Simulare,subiect,2025-simulare-general-subiect.pdf,bac/2025/filosofie/simulare/2025-simulare-general-subiect.pdf,152530,f2f9a76f1a73edda7c0d076eb837d3cb37a4984e87fc0bbf7d1393e98ca1d99f
2025,fizica,Fizica,model,Model,barem,2025-model-tehnologic-barem.pdf,bac/2025/fizica/model/2025-model-tehnologic-barem.pdf,220060,390c3da903a8dc8017d56a05257486e155aeb1f929baf0850ea5380579425818
2025,fizica,Fizica,model,Model,subiect,2025-model-tehnologic-subiect.pdf,bac/2025/fizica/model/2025-model-tehnologic-subiect.pdf,287413,60e5229ee4128206a549b098ac396fb6b2e677519fd856dd45db966d18af9fd0
2025,fizica,Fizica,model,Model,barem,2025-model-teoretic-vocational-barem.pdf,bac/2025/fizica/model/2025-model-teoretic-vocational-barem.pdf,237519,ad4fbc18e46a924f22865955363edeb0c1b52dfacf39696d2140a84d7e2b82c9
2025,fizica,Fizica,model,Model,subiect,2025-model-teoretic-vocational-subiect.pdf,bac/2025/fizica/model/2025-model-teoretic-vocational-subiect.pdf,328405,823f60b7a9a7327c028fe5eba19aacb877b55ca7b1c8cabb6f4fdd11b88ff10a
2025,fizica,Fizica,sesiune-august,Sesiunea august,barem,2025-august-tehnologic-barem.pdf,bac/2025/fizica/sesiune-august/2025-august-tehnologic-barem.pdf,221123,c8d5af8445d1bdb1b39684f221fe7cf0b755b841e57faf58303316555e4411f4
2025,fizica,Fizica,sesiune-august,Sesiunea august,subiect,2025-august-tehnologic-subiect.pdf,bac/2025/fizica/sesiune-august/2025-august-tehnologic-subiect.pdf,315049,07c3792b0b2f1a6af7463434c8863853d309e4533b76ba03a28ee20cb9727686
2025,fizica,Fizica,sesiune-august,Sesiunea august,barem,2025-august-teoretic-vocational-barem.pdf,bac/2025/fizica/sesiune-august/2025-august-teoretic-vocational-barem.pdf,240963,8adb06f632512123a613b971ac2e466e4a3428163368da6cd8098c760a5950f4
2025,fizica,Fizica,sesiune-august,Sesiunea august,subiect,2025-august-teoretic-vocational-subiect.pdf,bac/2025/fizica/sesiune-august/2025-august-teoretic-vocational-subiect.pdf,331106,50c29e39156d7824f9f0568d17054d15c66165d892e66569be8fe5713e926ac9
2025,fizica,Fizica,sesiune-iunie,Sesiunea iunie,barem,2025-iunie-tehnologic-barem.pdf,bac/2025/fizica/sesiune-iunie/2025-iunie-tehnologic-barem.pdf,221250,9b7dea172a8b28a88b246910add309f79e6305b515c3b2b8e2df4dee9585b0cc
2025,fizica,Fizica,sesiune-iunie,Sesiunea iunie,subiect,2025-iunie-tehnologic-subiect.pdf,bac/2025/fizica/sesiune-iunie/2025-iunie-tehnologic-subiect.pdf,358038,19f5391b66b2b7a933b9e7ffbc0eaec116f4796ee1ace8aa35b5c726af937abe
2025,fizica,Fizica,sesiune-iunie,Sesiunea iunie,barem,2025-iunie-teoretic-vocational-barem.pdf,bac/2025/fizica/sesiune-iunie/2025-iunie-teoretic-vocational-barem.pdf,236037,54c9a0fba168231d9ea8e8c6662e8fd7cd10db7e1fcd8499f1d53e417b0f4dc3
2025,fizica,Fizica,sesiune-iunie,Sesiunea iunie,subiect,2025-iunie-teoretic-vocational-subiect.pdf,bac/2025/fizica/sesiune-iunie/2025-iunie-teoretic-vocational-subiect.pdf,359005,f6451c954713c1db08cbe1708fc71426930cc55a3b5ebbfe88e2fe9ed3bdec49
2025,fizica,Fizica,sesiune-speciala,Sesiunea speciala,barem,2025-speciala-teoretic-vocational-barem.pdf,bac/2025/fizica/sesiune-speciala/2025-speciala-teoretic-vocational-barem.pdf,258445,3f8c8887da52f3441a8a58dbf0acdadb43d2ceb2168987bfb66efab24ca98d52
2025,fizica,Fizica,sesiune-speciala,Sesiunea speciala,subiect,2025-speciala-teoretic-vocational-subiect.pdf,bac/2025/fizica/sesiune-speciala/2025-speciala-teoretic-vocational-subiect.pdf,359740,f760befe57a5b7873a7f2c89af33629cca2cc45c35c51cb947dbae6f11f14ea9
2025,fizica,Fizica,simulare,Simulare,barem,2025-simulare-tehnologic-barem.pdf,bac/2025/fizica/simulare/2025-simulare-tehnologic-barem.pdf,228773,5a73de8047fbb73bf8c2fb02ad99d4a0555c6b40b6c080efb7dd21738d71347c
2025,fizica,Fizica,simulare,Simulare,subiect,2025-simulare-tehnologic-subiect.pdf,bac/2025/fizica/simulare/2025-simulare-tehnologic-subiect.pdf,308002,bf0adfe500151b4ea5e6df5977f095a9d58812fedc8f4ba9da5a6d3eaf56395b
2025,fizica,Fizica,simulare,Simulare,barem,2025-simulare-teoretic-vocational-barem.pdf,bac/2025/fizica/simulare/2025-simulare-teoretic-vocational-barem.pdf,248959,0e993157f923c543f31f54671b1ff6e355fef4b3e9b75411437b9fceda788d25
2025,fizica,Fizica,simulare,Simulare,subiect,2025-simulare-teoretic-vocational-subiect.pdf,bac/2025/fizica/simulare/2025-simulare-teoretic-vocational-subiect.pdf,323707,d9df53cb41793de2264bbcef05ddffad2162a236d9c80f86caee04db1af05afe
2025,geografie,Geografie,model,Model,barem,2025-model-general-barem.pdf,bac/2025/geografie/model/2025-model-general-barem.pdf,193527,4dcf704a06492e6112c11ab4e94f42ea6ed27c31c68ec3c11c06a5b899fd269a
2025,geografie,Geografie,model,Model,subiect,2025-model-general-subiect.pdf,bac/2025/geografie/model/2025-model-general-subiect.pdf,316274,457a77894e84a96640d2b44def9813455a4824af3e39db41f54edaed23978b10
2025,geografie,Geografie,sesiune-august,Sesiunea august,barem,2025-august-general-barem.pdf,bac/2025/geografie/sesiune-august/2025-august-general-barem.pdf,96062,e31d0c5790fb5db4407a867656846dc4b4448794eeeda5f5d0a0931e00900adb
2025,geografie,Geografie,sesiune-august,Sesiunea august,subiect,2025-august-general-subiect.pdf,bac/2025/geografie/sesiune-august/2025-august-general-subiect.pdf,177922,97939cdcc72c27b3ffb79eb14249bbaac724d70ae6b3b21959096b4efb481dfb
2025,geografie,Geografie,sesiune-iunie,Sesiunea iunie,barem,2025-iunie-general-barem.pdf,bac/2025/geografie/sesiune-iunie/2025-iunie-general-barem.pdf,192635,4bc83bed556c42cd398bd0a3be3a81fa93c287cc63381a45e8c3bef21b13bd25
2025,geografie,Geografie,sesiune-iunie,Sesiunea iunie,subiect,2025-iunie-general-subiect.pdf,bac/2025/geografie/sesiune-iunie/2025-iunie-general-subiect.pdf,315566,d17213089e0193213011f1a9d21de9588b2b56271d4e4f31519ca7eab2eb5b6a
2025,geografie,Geografie,sesiune-speciala,Sesiunea speciala,barem,2025-speciala-general-barem.pdf,bac/2025/geografie/sesiune-speciala/2025-speciala-general-barem.pdf,188760,08adab9276e50c01ec96e007c555c7af84458d7bb00b95fff3cffa183983b417
2025,geografie,Geografie,sesiune-speciala,Sesiunea speciala,subiect,2025-speciala-general-subiect.pdf,bac/2025/geografie/sesiune-speciala/2025-speciala-general-subiect.pdf,323621,7abe51b92b58342dce0efc6f4e1fe4ada1b5ca99e73dda6ee939dcdddd56dec4
2025,geografie,Geografie,simulare,Simulare,barem,2025-simulare-general-barem.pdf,bac/2025/geografie/simulare/2025-simulare-general-barem.pdf,192402,8a7c4fa2d6f7f1ce56f597af5e91b85433ee5a4c88db22fd6b75bc7962a0adfc
2025,geografie,Geografie,simulare,Simulare,subiect,2025-simulare-general-subiect.pdf,bac/2025/geografie/simulare/2025-simulare-general-subiect.pdf,321320,cd4a3d72fc4810211a6de68c068f1e82bc6fe5d4e71ab0d44f0a6f4ea1344129
2025,informatica,Informatica,model,Model,barem,2025-model-mate-info-barem.pdf,bac/2025/informatica/model/2025-model-mate-info-barem.pdf,202425,f25bdef3714f1a9d00ed9a0b2f50fe51c5d641db898d5b68b73cb38796a5cec4
2025,informatica,Informatica,model,Model,subiect,2025-model-mate-info-c-subiect.pdf,bac/2025/informatica/model/2025-model-mate-info-c-subiect.pdf,248599,59fda73b9eee8755ef4dbbd090adc4f67b23ceceb028318ee81869b9f3bde785
2025,informatica,Informatica,model,Model,subiect,2025-model-mate-info-pascal-subiect.pdf,bac/2025/informatica/model/2025-model-mate-info-pascal-subiect.pdf,248112,d8eb5b3b888ba8c78f4dbc2579d6ec455ab141c43ad5976e2a25f83e28c9e5d5
2025,informatica,Informatica,model,Model,barem,2025-model-stiinte-naturii-barem.pdf,bac/2025/informatica/model/2025-model-stiinte-naturii-barem.pdf,202667,24a93539ecbf0bccffd84dee4e9975c2c49f0d19504e2ec2026488b38410b22f
2025,informatica,Informatica,model,Model,subiect,2025-model-stiinte-naturii-c-subiect.pdf,bac/2025/informatica/model/2025-model-stiinte-naturii-c-subiect.pdf,242904,f21b39bc824693adb8dd9027e6515d62a8c9c7435b110b05d8cc4052d6ec55a7
2025,informatica,Informatica,model,Model,subiect,2025-model-stiinte-naturii-pascal-subiect.pdf,bac/2025/informatica/model/2025-model-stiinte-naturii-pascal-subiect.pdf,241734,36b981e6cd55ac5254753d71118eb972ef33ecca3741c07e32bc5ea39394d422
2025,informatica,Informatica,rezerva-iunie,Rezerva iunie,barem,2025-iunie-rezerva-mate-info-c-barem.pdf,bac/2025/informatica/rezerva-iunie/2025-iunie-rezerva-mate-info-c-barem.pdf,115628,08d1185dfb30c7e7e6150f2c8860f2df2872cbfdde9c5a07766a8e2649e97e5d
2025,informatica,Informatica,rezerva-iunie,Rezerva iunie,subiect,2025-iunie-rezerva-mate-info-c-subiect.pdf,bac/2025/informatica/rezerva-iunie/2025-iunie-rezerva-mate-info-c-subiect.pdf,144090,315aacdbc997d15e4749814b4342a1ad8c2b0bdfea90a2802049282941963304
2025,informatica,Informatica,sesiune-august,Sesiunea august,barem,2025-august-mate-info-c-barem.pdf,bac/2025/informatica/sesiune-august/2025-august-mate-info-c-barem.pdf,97081,0399dd60cd20120e4b48fd693b8de7cd23f07f5c2f6bf8a518175c03f1aa60f4
2025,informatica,Informatica,sesiune-august,Sesiunea august,subiect,2025-august-mate-info-c-subiect.pdf,bac/2025/informatica/sesiune-august/2025-august-mate-info-c-subiect.pdf,125853,cff828bc250b853c8f374d5061f1979f50e3df5583d592550e192c88095d393a
2025,informatica,Informatica,sesiune-august,Sesiunea august,barem,2025-august-mate-info-pascal-barem.pdf,bac/2025/informatica/sesiune-august/2025-august-mate-info-pascal-barem.pdf,97081,0399dd60cd20120e4b48fd693b8de7cd23f07f5c2f6bf8a518175c03f1aa60f4
2025,informatica,Informatica,sesiune-august,Sesiunea august,subiect,2025-august-mate-info-pascal-subiect.pdf,bac/2025/informatica/sesiune-august/2025-august-mate-info-pascal-subiect.pdf,125552,b01491a9e16eba02fdffefd9fa9c3f1a37c85b98608ed133905bfb848459b807
2025,informatica,Informatica,sesiune-august,Sesiunea august,barem,2025-august-stiinte-naturii-c-barem.pdf,bac/2025/informatica/sesiune-august/2025-august-stiinte-naturii-c-barem.pdf,96280,3009b120f402786d64fc397b63c5dd1b82c0855dc730cfe68b47694dce509c17
2025,informatica,Informatica,sesiune-august,Sesiunea august,subiect,2025-august-stiinte-naturii-c-subiect.pdf,bac/2025/informatica/sesiune-august/2025-august-stiinte-naturii-c-subiect.pdf,122441,aad7fc3d7ec736a2a9fd87b91182c917b29025b8480eb19b435075e12782b21b
2025,informatica,Informatica,sesiune-iunie,Sesiunea iunie,barem,2025-iunie-mate-info-c-barem.pdf,bac/2025/informatica/sesiune-iunie/2025-iunie-mate-info-c-barem.pdf,97071,710aa56a1ef7e420199909b8b9663db7a15e1166b68b011984823a6aee5c4fb6
2025,informatica,Informatica,sesiune-iunie,Sesiunea iunie,subiect,2025-iunie-mate-info-c-subiect.pdf,bac/2025/informatica/sesiune-iunie/2025-iunie-mate-info-c-subiect.pdf,121885,76ebb9daf094b6ec02f88ccdc919160a6805229a4efd1af08a6e34e6542cf0f5
2025,informatica,Informatica,sesiune-iunie,Sesiunea iunie,barem,2025-iunie-mate-info-pascal-barem.pdf,bac/2025/informatica/sesiune-iunie/2025-iunie-mate-info-pascal-barem.pdf,97071,710aa56a1ef7e420199909b8b9663db7a15e1166b68b011984823a6aee5c4fb6
2025,informatica,Informatica,sesiune-iunie,Sesiunea iunie,subiect,2025-iunie-mate-info-pascal-subiect.pdf,bac/2025/informatica/sesiune-iunie/2025-iunie-mate-info-pascal-subiect.pdf,121488,bb5b0600cd563b93cd8cab0f1965c4defacde67501668a26c1dbdcad16f028ed
2025,informatica,Informatica,sesiune-iunie,Sesiunea iunie,barem,2025-iunie-stiinte-naturii-c-barem.pdf,bac/2025/informatica/sesiune-iunie/2025-iunie-stiinte-naturii-c-barem.pdf,97525,dfb72f9bbfae0b4afe06687672d53cb6c9ec4569c7c7530e134b3ad8c7be39fe
2025,informatica,Informatica,sesiune-iunie,Sesiunea iunie,subiect,2025-iunie-stiinte-naturii-c-subiect.pdf,bac/2025/informatica/sesiune-iunie/2025-iunie-stiinte-naturii-c-subiect.pdf,120952,1cf585df5531cee6fe511b078854ff642dfe92b32e845817e787908107acc8ce
2025,informatica,Informatica,sesiune-iunie,Sesiunea iunie,barem,2025-iunie-stiinte-naturii-pascal-barem.pdf,bac/2025/informatica/sesiune-iunie/2025-iunie-stiinte-naturii-pascal-barem.pdf,97525,dfb72f9bbfae0b4afe06687672d53cb6c9ec4569c7c7530e134b3ad8c7be39fe
2025,informatica,Informatica,sesiune-iunie,Sesiunea iunie,subiect,2025-iunie-stiinte-naturii-pascal-subiect.pdf,bac/2025/informatica/sesiune-iunie/2025-iunie-stiinte-naturii-pascal-subiect.pdf,121009,32b615db382ae6750fcf4142d29cdbc6c1381177c0a16607aaaffbf6c3c679a9
2025,informatica,Informatica,sesiune-speciala,Sesiunea speciala,barem,2025-speciala-mate-info-c-barem.pdf,bac/2025/informatica/sesiune-speciala/2025-speciala-mate-info-c-barem.pdf,95425,a012bc5d49448a3e5845ba5eb10cb150cb05b44689a1db46a24ac4c3b59a0655
2025,informatica,Informatica,sesiune-speciala,Sesiunea speciala,subiect,2025-speciala-mate-info-c-subiect.pdf,bac/2025/informatica/sesiune-speciala/2025-speciala-mate-info-c-subiect.pdf,140286,e4a76779763d19e7dd0afe6a809ce13b3e61c96b54066b92b875641da87a41ad
2025,informatica,Informatica,simulare,Simulare,barem,2025-simulare-mi-barem.pdf,bac/2025/informatica/simulare/2025-simulare-mi-barem.pdf,244286,4a8541c7cb72d7c755d182fa3c6c804e7746615492657b0a20e2f61a8244c453
2025,informatica,Informatica,simulare,Simulare,subiect,2025-simulare-mi-c-subiect.pdf,bac/2025/informatica/simulare/2025-simulare-mi-c-subiect.pdf,300230,088043dbc49ebc589417a7a7b1a6390bb5dfa28916ac1edfd7e4d7fe0b72d2d0
2025,informatica,Informatica,simulare,Simulare,subiect,2025-simulare-mi-pascal-subiect.pdf,bac/2025/informatica/simulare/2025-simulare-mi-pascal-subiect.pdf,299892,ecaa238bfefc5dc44aee052ab80d93bc1355be50e7aeb2f2628eddbdac260428
2025,informatica,Informatica,simulare,Simulare,barem,2025-simulare-sn-barem.pdf,bac/2025/informatica/simulare/2025-simulare-sn-barem.pdf,206296,d22f486eedd2733b266800cdf295cea138926e6cc90fe7b6d4be5e86772450a1
2025,informatica,Informatica,simulare,Simulare,subiect,2025-simulare-sn-c-subiect.pdf,bac/2025/informatica/simulare/2025-simulare-sn-c-subiect.pdf,247223,6b76d2165c5e098c054ec0a0cfea6d8a4ef67b7dad2b86c2ac7bfb9776bf5b21
2025,informatica,Informatica,simulare,Simulare,subiect,2025-simulare-sn-pascal-subiect.pdf,bac/2025/informatica/simulare/2025-simulare-sn-pascal-subiect.pdf,247128,00cbab78c56af8e29343ef653ce16c575108a4876b4273e8ef82ecea42cc71c1
2025,istorie,Istorie,model,Model,barem,2025-model-istorie-barem.pdf,bac/2025/istorie/model/2025-model-istorie-barem.pdf,221345,15577eed4c830cb077b130ab5571a1458a326b7e20f95e667e02f4f00cb87523
2025,istorie,Istorie,model,Model,subiect,2025-model-istorie-subiect.pdf,bac/2025/istorie/model/2025-model-istorie-subiect.pdf,202972,794cd082d0c82e5a302ab438b413323809fe901392e8ce4110c1ad0ec28cf6d0
2025,istorie,Istorie,rezerva-iunie,Rezerva iunie,barem,2025-iunie-rezerva-general-barem.pdf,bac/2025/istorie/rezerva-iunie/2025-iunie-rezerva-general-barem.pdf,201983,e99edcfb93489e2d8a57f13e8c75e565eec3b7e20f409dc90cd16aad3a2e7aeb
2025,istorie,Istorie,rezerva-iunie,Rezerva iunie,subiect,2025-iunie-rezerva-general-subiect.pdf,bac/2025/istorie/rezerva-iunie/2025-iunie-rezerva-general-subiect.pdf,203203,00dc3bad020ffe6ae33888468149996837d6735c1ce1b9e450d74d43cd0aaf4c
2025,istorie,Istorie,sesiune-august,Sesiunea august,barem,2025-august-general-barem.pdf,bac/2025/istorie/sesiune-august/2025-august-general-barem.pdf,196258,447b3d74104efc2cac72e1bf6667f1d39f3e07a0158e8e0f02fa5635a65fb9cd
2025,istorie,Istorie,sesiune-august,Sesiunea august,subiect,2025-august-general-subiect.pdf,bac/2025/istorie/sesiune-august/2025-august-general-subiect.pdf,200538,626195845279411d4b2de574403deedb5c222c2add7900bb41c4a8daa6df021e
2025,istorie,Istorie,sesiune-iunie,Sesiunea iunie,barem,2025-iunie-general-barem.pdf,bac/2025/istorie/sesiune-iunie/2025-iunie-general-barem.pdf,199660,f8d662f28637e299e1125adfb04e9a5fff0610ecb7a3667250b5b9cdb1e0fa91
2025,istorie,Istorie,sesiune-iunie,Sesiunea iunie,subiect,2025-iunie-general-subiect.pdf,bac/2025/istorie/sesiune-iunie/2025-iunie-general-subiect.pdf,200172,86af600344671ad45087f2f91d4c5e270c7fab898c462b90fb7e5188ee1c5145
2025,istorie,Istorie,sesiune-speciala,Sesiunea speciala,barem,2025-speciala-general-barem.pdf,bac/2025/istorie/sesiune-speciala/2025-speciala-general-barem.pdf,201047,d8b8bf7b8b55dc302a7534ba8c8dad25ca5259a796026170fc403429c98852e3
2025,istorie,Istorie,sesiune-speciala,Sesiunea speciala,subiect,2025-speciala-general-subiect.pdf,bac/2025/istorie/sesiune-speciala/2025-speciala-general-subiect.pdf,201776,5864c3d4fe93bc360628f31838024c0f3d02870d2fe1eca1dbcd3df4f05a3299
2025,istorie,Istorie,simulare,Simulare,barem,2025-simulare-general-barem.pdf,bac/2025/istorie/simulare/2025-simulare-general-barem.pdf,198258,f9d25b4f83322a66a6df09e2d95d9846fe1e57053c83c389816a77b5d9ff0b74
2025,istorie,Istorie,simulare,Simulare,subiect,2025-simulare-general-subiect.pdf,bac/2025/istorie/simulare/2025-simulare-general-subiect.pdf,206047,4502e568fb9982758817df982ff0d106fcc340cf638545fa5a7bee62e70aa4c9
2025,logica,Logica,model,Model,barem,2025-model-general-barem.pdf,bac/2025/logica/model/2025-model-general-barem.pdf,385146,feb2b078a981ea7dd441d0381c9ca47aaf524bf43f79b3b54528bd757d8f518c
2025,logica,Logica,model,Model,subiect,2025-model-general-subiect.pdf,bac/2025/logica/model/2025-model-general-subiect.pdf,303317,562cb15d9eef1fb13ec4bdddb38d24c93967d509774a43122d9752cd9328752d
2025,logica,Logica,sesiune-august,Sesiunea august,barem,2025-august-general-barem.pdf,bac/2025/logica/sesiune-august/2025-august-general-barem.pdf,98409,9ed0c7c45f0c955debe9af5c465d49c76d8d93a652181aa28315dc5ae4b89f10
2025,logica,Logica,sesiune-august,Sesiunea august,subiect,2025-august-general-subiect.pdf,bac/2025/logica/sesiune-august/2025-august-general-subiect.pdf,119701,c19a1466a18a6b67647ead459d05dc7c808b64f4357249a8274a88e33e288171
2025,logica,Logica,sesiune-iunie,Sesiunea iunie,barem,2025-iunie-general-barem.pdf,bac/2025/logica/sesiune-iunie/2025-iunie-general-barem.pdf,98465,41d982666c3a5887de670e885d5de0155e73545b92ad842b8eb6fea84ac04929
2025,logica,Logica,sesiune-iunie,Sesiunea iunie,subiect,2025-iunie-general-subiect.pdf,bac/2025/logica/sesiune-iunie/2025-iunie-general-subiect.pdf,79442,7a8a0cfb30cb8731c5f65f97caed37bcec0a18afc9cbfb780c6981ab0bef27a8
2025,logica,Logica,sesiune-speciala,Sesiunea speciala,barem,2025-speciala-general-barem.pdf,bac/2025/logica/sesiune-speciala/2025-speciala-general-barem.pdf,99109,9b8211fdbef2970a3bdce29a6e7e37dd56b046cfffb4ee20a8995117fde9cc38
2025,logica,Logica,sesiune-speciala,Sesiunea speciala,subiect,2025-speciala-general-subiect.pdf,bac/2025/logica/sesiune-speciala/2025-speciala-general-subiect.pdf,79837,5ea2749fa9f27a8f7527048578d3e2585110fc919f575a244f4928f4a3a4ea73
2025,logica,Logica,simulare,Simulare,barem,2025-simulare-general-barem.pdf,bac/2025/logica/simulare/2025-simulare-general-barem.pdf,193875,821b408876c448f5cf25881aaaaf85a6233095e019ee5922c6ef0495b9ebe1ea
2025,logica,Logica,simulare,Simulare,subiect,2025-simulare-general-subiect.pdf,bac/2025/logica/simulare/2025-simulare-general-subiect.pdf,154913,0e5ffa7a26d7f89355a375b102c47c0a59139fef92aa4de8fc6f329c73429b72
2025,matematica,Matematica,model,Model,barem,2025-model-mate-info-barem.pdf,bac/2025/matematica/model/2025-model-mate-info-barem.pdf,122351,45e839ea3667c1ca59ae8b4e1216b123f152dfcb922d3270c72d39b2c6eb662f
2025,matematica,Matematica,model,Model,subiect,2025-model-mate-info-subiect.pdf,bac/2025/matematica/model/2025-model-mate-info-subiect.pdf,112417,966b3cbd92153e456f54a4596f4424e310f7b73b301a721fa5291fab716f5441
2025,matematica,Matematica,model,Model,barem,2025-model-pedagogic-barem.pdf,bac/2025/matematica/model/2025-model-pedagogic-barem.pdf,118659,3715ce2e729f378a84c85c647957d3fcdbeb0b243861cde292d91266886d6c73
2025,matematica,Matematica,model,Model,subiect,2025-model-pedagogic-subiect.pdf,bac/2025/matematica/model/2025-model-pedagogic-subiect.pdf,109673,80b55839c211cf65e024dfb20eeedab3cd70fdf02af0c4400b3a9237897ffa47
2025,matematica,Matematica,model,Model,barem,2025-model-stiinte-naturii-barem.pdf,bac/2025/matematica/model/2025-model-stiinte-naturii-barem.pdf,121149,7dd47f7b51be5b7d1ab6196d5c95fc829b5119c7a30923ea462e117f21fdb157
2025,matematica,Matematica,model,Model,subiect,2025-model-stiinte-naturii-subiect.pdf,bac/2025/matematica/model/2025-model-stiinte-naturii-subiect.pdf,110787,2d6ac87f0787767aec3944e453568d61bbaf756015e874474a69b4844ad75e10
2025,matematica,Matematica,model,Model,barem,2025-model-tehnologic-barem.pdf,bac/2025/matematica/model/2025-model-tehnologic-barem.pdf,116617,c938ea44969fac5fcbcf262cf9ba8d4369163a96969ca29315dc40825c6f22e4
2025,matematica,Matematica,model,Model,subiect,2025-model-tehnologic-subiect.pdf,bac/2025/matematica/model/2025-model-tehnologic-subiect.pdf,109150,a4808d7bb7956a91c4ddfa104c5e131b48799c7ebfabb99fe1dd487559527c81
2025,matematica,Matematica,rezerva-iunie,Rezerva iunie,barem,2025-iunie-rezerva-mate-info-barem.pdf,bac/2025/matematica/rezerva-iunie/2025-iunie-rezerva-mate-info-barem.pdf,116543,897e345b8acf4c15159bc8cd14ad8ba1c226cf81a8d942cb10a0b0e737826a3c
2025,matematica,Matematica,rezerva-iunie,Rezerva iunie,subiect,2025-iunie-rezerva-mate-info-subiect.pdf,bac/2025/matematica/rezerva-iunie/2025-iunie-rezerva-mate-info-subiect.pdf,107811,5b924322cbdff97e77376281e98b03698c9d6517a916729bd15572fe4d6e61c2
2025,matematica,Matematica,sesiune-august,Sesiunea august,barem,2025-august-mate-info-barem.pdf,bac/2025/matematica/sesiune-august/2025-august-mate-info-barem.pdf,118440,89725d2b773ee16fba35d8db92d79254c8fcb7f2455f4add22cbf0566bf0252b
2025,matematica,Matematica,sesiune-august,Sesiunea august,subiect,2025-august-mate-info-subiect.pdf,bac/2025/matematica/sesiune-august/2025-august-mate-info-subiect.pdf,107527,f907c539af1ca62c593fa3b82e13221fdbd77e797a90e402b620388a8b723297
2025,matematica,Matematica,sesiune-august,Sesiunea august,barem,2025-august-pedagogic-barem.pdf,bac/2025/matematica/sesiune-august/2025-august-pedagogic-barem.pdf,109434,1fb7368aa21e47c512b506b25814e6d46a634892cbf5d80e4d47392c9a5ec4c2
2025,matematica,Matematica,sesiune-august,Sesiunea august,subiect,2025-august-pedagogic-subiect.pdf,bac/2025/matematica/sesiune-august/2025-august-pedagogic-subiect.pdf,105625,c79491af255fecd576d1fdf6adb111953976e2e28af86b4ae320d8633d75d63f
2025,matematica,Matematica,sesiune-august,Sesiunea august,barem,2025-august-stiinte-naturii-barem.pdf,bac/2025/matematica/sesiune-august/2025-august-stiinte-naturii-barem.pdf,115585,7879d6225a796bfc48e9d9f5b925c92385ae1efc5126fad5b9ea60bbf8cf7d95
2025,matematica,Matematica,sesiune-august,Sesiunea august,subiect,2025-august-stiinte-naturii-subiect.pdf,bac/2025/matematica/sesiune-august/2025-august-stiinte-naturii-subiect.pdf,106482,9a12f17af824493f27a1cca72b194acc5ad2e7d380884d0fd2c60b93c7a7ca83
2025,matematica,Matematica,sesiune-august,Sesiunea august,barem,2025-august-tehnologic-barem.pdf,bac/2025/matematica/sesiune-august/2025-august-tehnologic-barem.pdf,117642,82be9ead6fe9c79724e7f908b2939413e0714b4de864085eff49ecbdfa72a999
2025,matematica,Matematica,sesiune-august,Sesiunea august,subiect,2025-august-tehnologic-subiect.pdf,bac/2025/matematica/sesiune-august/2025-august-tehnologic-subiect.pdf,105953,fa4ac92a952fc2be90ce9451a5e77e9aafa9029a753e216960122a81060bf487
2025,matematica,Matematica,sesiune-iunie,Sesiunea iunie,barem,2025-iunie-mate-info-barem.pdf,bac/2025/matematica/sesiune-iunie/2025-iunie-mate-info-barem.pdf,117668,11338e98b9f2035a4c2a59b9b4cdb0fa4cc0bd5de49ce62fa5f7a30103bcfeb8
2025,matematica,Matematica,sesiune-iunie,Sesiunea iunie,subiect,2025-iunie-mate-info-subiect.pdf,bac/2025/matematica/sesiune-iunie/2025-iunie-mate-info-subiect.pdf,108307,f93975956d4d3fff8251c7459eed1ef9280ae773e40d1f0de49fdb0bfe048372
2025,matematica,Matematica,sesiune-iunie,Sesiunea iunie,barem,2025-iunie-pedagogic-barem.pdf,bac/2025/matematica/sesiune-iunie/2025-iunie-pedagogic-barem.pdf,111341,b7acd75cbdd26b458b824545efc410e1c2a994272b9b7cb74e81f3d50636d451
2025,matematica,Matematica,sesiune-iunie,Sesiunea iunie,subiect,2025-iunie-pedagogic-subiect.pdf,bac/2025/matematica/sesiune-iunie/2025-iunie-pedagogic-subiect.pdf,103523,7897e50c427ec9ac1b70d88966d3bbda0d83a4e187314b3ae6c4810d39000b7c
2025,matematica,Matematica,sesiune-iunie,Sesiunea iunie,barem,2025-iunie-stiinte-naturii-barem.pdf,bac/2025/matematica/sesiune-iunie/2025-iunie-stiinte-naturii-barem.pdf,111228,d98ff55c75561638b752b53c86e65966543acf4ef58a2bc18ebaf52236d982e6
2025,matematica,Matematica,sesiune-iunie,Sesiunea iunie,subiect,2025-iunie-stiinte-naturii-subiect.pdf,bac/2025/matematica/sesiune-iunie/2025-iunie-stiinte-naturii-subiect.pdf,108399,0bd7866f5f4dc23a573176fedd03cf582cfd3f61926969bff1280bae6fc7ec9f
2025,matematica,Matematica,sesiune-iunie,Sesiunea iunie,barem,2025-iunie-tehnologic-barem.pdf,bac/2025/matematica/sesiune-iunie/2025-iunie-tehnologic-barem.pdf,120209,d7f28db834e475851eb0a454686d3ec39a86a4f5ce1e9dd751bc6beb73a5969f
2025,matematica,Matematica,sesiune-iunie,Sesiunea iunie,subiect,2025-iunie-tehnologic-subiect.pdf,bac/2025/matematica/sesiune-iunie/2025-iunie-tehnologic-subiect.pdf,106807,353e67385e944d278b5de1297c046539e0742dfaf6308308f5e53de755848cbf
2025,matematica,Matematica,sesiune-speciala,Sesiunea speciala,barem,2025-speciala-mate-info-barem.pdf,bac/2025/matematica/sesiune-speciala/2025-speciala-mate-info-barem.pdf,120492,7c9805b203ba405d70c856e790fcb5cdb97303acc107fa6a00a66aae0ec54a09
2025,matematica,Matematica,sesiune-speciala,Sesiunea speciala,subiect,2025-speciala-mate-info-subiect.pdf,bac/2025/matematica/sesiune-speciala/2025-speciala-mate-info-subiect.pdf,107957,86e029a027d966d4b651647738482f6b9936d9fd4967c7fb0d47ce16377be561
2025,matematica,Matematica,sesiune-speciala,Sesiunea speciala,barem,2025-speciala-pedagogic-barem.pdf,bac/2025/matematica/sesiune-speciala/2025-speciala-pedagogic-barem.pdf,112520,7bd27892f26f377b13193676eadc2413898a9912395ad22d73d7244e61ddf337
2025,matematica,Matematica,sesiune-speciala,Sesiunea speciala,subiect,2025-speciala-pedagogic-subiect.pdf,bac/2025/matematica/sesiune-speciala/2025-speciala-pedagogic-subiect.pdf,106711,a8a17306767cdb54cbbde93e752db0a34a9bbd7d1c51c9c359e121eca1f413a4
2025,matematica,Matematica,sesiune-speciala,Sesiunea speciala,barem,2025-speciala-stiinte-naturii-barem.pdf,bac/2025/matematica/sesiune-speciala/2025-speciala-stiinte-naturii-barem.pdf,118921,7f144f647178cba3e6f6442fca2fe1097620e3eb457a91d3f58a36cb9b3a5fc3
2025,matematica,Matematica,sesiune-speciala,Sesiunea speciala,subiect,2025-speciala-stiinte-naturii-subiect.pdf,bac/2025/matematica/sesiune-speciala/2025-speciala-stiinte-naturii-subiect.pdf,106474,12a42a54a9267f8196324bcbefeace8d88943f159f479fc604646c9eea41d1d2
2025,matematica,Matematica,sesiune-speciala,Sesiunea speciala,barem,2025-speciala-tehnologic-barem.pdf,bac/2025/matematica/sesiune-speciala/2025-speciala-tehnologic-barem.pdf,111166,90d5799a5b1d802da92e1461fdea723b331e1d06397cd350ac3cf96ea427d6dd
2025,matematica,Matematica,sesiune-speciala,Sesiunea speciala,subiect,2025-speciala-tehnologic-subiect.pdf,bac/2025/matematica/sesiune-speciala/2025-speciala-tehnologic-subiect.pdf,103798,86df4e3ad6e23b0ebc958c9d85da343b227d8ca6a1037d7c5282b1035f0ee1b6
2025,matematica,Matematica,simulare,Simulare,barem,2025-simulare-mate-info-barem.pdf,bac/2025/matematica/simulare/2025-simulare-mate-info-barem.pdf,127209,31bb4d1826e7fa67f32678e23ae93510b9f84b38c8d1ab2460f34d0dc03390e0
2025,matematica,Matematica,simulare,Simulare,subiect,2025-simulare-mate-info-subiect.pdf,bac/2025/matematica/simulare/2025-simulare-mate-info-subiect.pdf,114492,4d544e99e15b524328747a03d4f4ad44a9043188541dc58f61b84f852a9bf88c
2025,matematica,Matematica,simulare,Simulare,barem,2025-simulare-pedagogic-barem.pdf,bac/2025/matematica/simulare/2025-simulare-pedagogic-barem.pdf,119095,2e21497dd70dff0d46ff332a88b53a1227464d0da8dcc1c7d22a4193c4844f1f
2025,matematica,Matematica,simulare,Simulare,subiect,2025-simulare-pedagogic-subiect.pdf,bac/2025/matematica/simulare/2025-simulare-pedagogic-subiect.pdf,111372,5dcfd48ce6625341b323f4550776b2d8f0a5d9d130904c605ab28348f8802490
2025,matematica,Matematica,simulare,Simulare,barem,2025-simulare-stiinte-naturii-barem.pdf,bac/2025/matematica/simulare/2025-simulare-stiinte-naturii-barem.pdf,124270,36ed71eab2a2f4f728a13630ea697de0df4a58da0a50e8c2aaac9d23b473d7da
2025,matematica,Matematica,simulare,Simulare,subiect,2025-simulare-stiinte-naturii-subiect.pdf,bac/2025/matematica/simulare/2025-simulare-stiinte-naturii-subiect.pdf,110492,756b4b1fa608533df414b64a1671909a3acadd92bd2e758d83970f090126019c
2025,matematica,Matematica,simulare,Simulare,barem,2025-simulare-tehnologic-barem.pdf,bac/2025/matematica/simulare/2025-simulare-tehnologic-barem.pdf,117067,77b8ef4f091a7f2482c49732d6e304d6fb30c63d09e1451c1b44e4b5f69bb052
2025,matematica,Matematica,simulare,Simulare,subiect,2025-simulare-tehnologic-subiect.pdf,bac/2025/matematica/simulare/2025-simulare-tehnologic-subiect.pdf,111917,bccad1d9f7e3eeba69eb2fa635ee962228ddf52195ea01ec314962baee004357
2025,psihologie,Psihologie,model,Model,barem,2025-model-general-barem.pdf,bac/2025/psihologie/model/2025-model-general-barem.pdf,359190,d79c7150cc5aa02e6b356c4688c18d89fa91bc284be5d6deac10499eea3ab685
2025,psihologie,Psihologie,model,Model,subiect,2025-model-general-subiect.pdf,bac/2025/psihologie/model/2025-model-general-subiect.pdf,313973,b9644911774c62e9caf4284bbefe749e30b46dc5476c40e59d5014447b0e0eb5
2025,psihologie,Psihologie,sesiune-august,Sesiunea august,barem,2025-august-general-barem.pdf,bac/2025/psihologie/sesiune-august/2025-august-general-barem.pdf,84005,135e977d81656103e26599c2fa63b1fb468a9e2b95add62bbd434ef072f0ec7b
2025,psihologie,Psihologie,sesiune-august,Sesiunea august,subiect,2025-august-general-subiect.pdf,bac/2025/psihologie/sesiune-august/2025-august-general-subiect.pdf,89964,ff79f62cc1bbb4111a15994e1a24bfd2a11812722aec128195fb4ab0940a1439
2025,psihologie,Psihologie,sesiune-iunie,Sesiunea iunie,barem,2025-iunie-general-barem.pdf,bac/2025/psihologie/sesiune-iunie/2025-iunie-general-barem.pdf,83858,0c8c9e75a2b9644f5fc077c1e8f6ef64af8a34557eca3beb778ae5dbff2424ac
2025,psihologie,Psihologie,sesiune-iunie,Sesiunea iunie,subiect,2025-iunie-general-subiect.pdf,bac/2025/psihologie/sesiune-iunie/2025-iunie-general-subiect.pdf,94440,bc3b6ef309a6ad954cc28ea2676e7c86087967760c8270b596032bb2eaf4a88e
2025,psihologie,Psihologie,sesiune-speciala,Sesiunea speciala,barem,2025-speciala-general-barem.pdf,bac/2025/psihologie/sesiune-speciala/2025-speciala-general-barem.pdf,84233,342cc8a8a16d38daead3d708f6484c2a65e01dfe3ec22a742bf79c1687fd0d68
2025,psihologie,Psihologie,sesiune-speciala,Sesiunea speciala,subiect,2025-speciala-general-subiect.pdf,bac/2025/psihologie/sesiune-speciala/2025-speciala-general-subiect.pdf,105687,f2eff1152f8f7baaca03de5ad134cf272f64d3c2bd7f89bae9033e8b931532ad
2025,psihologie,Psihologie,simulare,Simulare,barem,2025-simulare-general-barem.pdf,bac/2025/psihologie/simulare/2025-simulare-general-barem.pdf,171513,aa438d96ae106b2d85cf288186cb8c828cf4c7e9742fcbd64af10472910fac07
2025,psihologie,Psihologie,simulare,Simulare,subiect,2025-simulare-general-subiect.pdf,bac/2025/psihologie/simulare/2025-simulare-general-subiect.pdf,158547,6edd8b33d56e4a3b2c5aec117c26653fa569dd23ef90545fc8e521d88ab40e2f
2025,romana,Limba romana,model,Model,barem,2025-model-real-tehnologic-barem.pdf,bac/2025/romana/model/2025-model-real-tehnologic-barem.pdf,183340,48957b2b03ccdaa7f7b47a7d71847b1eaac47ae680829d05cf18bbe7498ccb7b
2025,romana,Limba romana,model,Model,subiect,2025-model-real-tehnologic-subiect.pdf,bac/2025/romana/model/2025-model-real-tehnologic-subiect.pdf,189541,0c16e848184c295a2b99b17315b8b9e6c8b9a8fa2498a717971e772bb82e669a
2025,romana,Limba romana,model,Model,barem,2025-model-uman-pedagogic-barem.pdf,bac/2025/romana/model/2025-model-uman-pedagogic-barem.pdf,182403,436c59883cf707ac8913b14d7bfaa0fa23d306c062e4d48470933d4e4925ea47
2025,romana,Limba romana,model,Model,subiect,2025-model-uman-pedagogic-subiect.pdf,bac/2025/romana/model/2025-model-uman-pedagogic-subiect.pdf,188826,3044a45be78e1f942a112a4ac6b4d9deec8142a7aea85dd993b0e6bc9741d975
2025,romana,Limba romana,rezerva-iunie,Rezerva iunie,barem,2025-iunie-rezerva-real-tehnologic-barem.pdf,bac/2025/romana/rezerva-iunie/2025-iunie-rezerva-real-tehnologic-barem.pdf,184718,d626d184eb7b61140f692dfe77d6a8c76b3179a032f92aa7e5448bb1bc747401
2025,romana,Limba romana,rezerva-iunie,Rezerva iunie,subiect,2025-iunie-rezerva-real-tehnologic-subiect.pdf,bac/2025/romana/rezerva-iunie/2025-iunie-rezerva-real-tehnologic-subiect.pdf,190239,2e08de934122e9851509413e750d71539db507a3df53bbe246a97b8ac468bed8
2025,romana,Limba romana,sesiune-august,Sesiunea august,barem,2025-august-real-tehnologic-barem.pdf,bac/2025/romana/sesiune-august/2025-august-real-tehnologic-barem.pdf,186269,607eb0983136be19efebba76bbe680dc3c835ce9070fe6d5e86ac4c810164c02
2025,romana,Limba romana,sesiune-august,Sesiunea august,subiect,2025-august-real-tehnologic-subiect.pdf,bac/2025/romana/sesiune-august/2025-august-real-tehnologic-subiect.pdf,207930,092cb3cf1c462bf6f971c14449afccf1405af000062a3d535b8ece65c1130733
2025,romana,Limba romana,sesiune-august,Sesiunea august,barem,2025-august-uman-pedagogic-barem.pdf,bac/2025/romana/sesiune-august/2025-august-uman-pedagogic-barem.pdf,184876,45b549ed893c9da3632aceb75de57473e318d1b5db6eb7363f00283ec366ab92
2025,romana,Limba romana,sesiune-august,Sesiunea august,subiect,2025-august-uman-pedagogic-subiect.pdf,bac/2025/romana/sesiune-august/2025-august-uman-pedagogic-subiect.pdf,207853,57d18c114ff5f739838c8f27c0e8c2949bf39d5d872b2e085c68c3f9bb00d93b
2025,romana,Limba romana,sesiune-iunie,Sesiunea iunie,barem,2025-iunie-real-tehnologic-barem.pdf,bac/2025/romana/sesiune-iunie/2025-iunie-real-tehnologic-barem.pdf,187479,cdca2fea8b097d0dd1269fc2691c4cfdd21161f27dfac8a2f4835508079539c6
2025,romana,Limba romana,sesiune-iunie,Sesiunea iunie,subiect,2025-iunie-real-tehnologic-subiect.pdf,bac/2025/romana/sesiune-iunie/2025-iunie-real-tehnologic-subiect.pdf,210623,42cc3de271f0a0d32bd333390fe7965e7a37b67440ae52839a17f41d3619ea17
2025,romana,Limba romana,sesiune-iunie,Sesiunea iunie,barem,2025-iunie-uman-pedagogic-barem.pdf,bac/2025/romana/sesiune-iunie/2025-iunie-uman-pedagogic-barem.pdf,184431,80f9b47e8ba234de65c062020a3d23be01d91b01e51c0e72e6a7b7fc5a93d3d8
2025,romana,Limba romana,sesiune-iunie,Sesiunea iunie,subiect,2025-iunie-uman-pedagogic-subiect.pdf,bac/2025/romana/sesiune-iunie/2025-iunie-uman-pedagogic-subiect.pdf,209890,d3731f6faf91304ffdcc4835fa9867db339166c9449b5d91026cdc237bffb9e9
2025,romana,Limba romana,sesiune-speciala,Sesiunea speciala,barem,2025-speciala-real-tehnologic-barem.pdf,bac/2025/romana/sesiune-speciala/2025-speciala-real-tehnologic-barem.pdf,184473,7510476ade7eacfd8ad1d953c13db2dfa274d90a497ed22cd211ff8ce5137686
2025,romana,Limba romana,sesiune-speciala,Sesiunea speciala,subiect,2025-speciala-real-tehnologic-subiect.pdf,bac/2025/romana/sesiune-speciala/2025-speciala-real-tehnologic-subiect.pdf,189406,72b48a38b805da20049378571e1c863eb05f4ceff43f211a16f712bbcf5330d0
2025,romana,Limba romana,sesiune-speciala,Sesiunea speciala,barem,2025-speciala-uman-pedagogic-barem.pdf,bac/2025/romana/sesiune-speciala/2025-speciala-uman-pedagogic-barem.pdf,182469,15c1c2f06034f57e97825c884a1f2ca3caf91fbc87e9367cbbfee940fb062c61
2025,romana,Limba romana,sesiune-speciala,Sesiunea speciala,subiect,2025-speciala-uman-pedagogic-subiect.pdf,bac/2025/romana/sesiune-speciala/2025-speciala-uman-pedagogic-subiect.pdf,189345,e2bab84d3f87440929c8f3d72667334cb0811ebad6d0253df78265dbfec07b0d
2025,romana,Limba romana,simulare,Simulare,barem,2025-simulare-real-tehnologic-barem.pdf,bac/2025/romana/simulare/2025-simulare-real-tehnologic-barem.pdf,185766,d904b619bf6d14c1f27515f3c0985c55e9386d148f13a38092a0057107d0dcd2
2025,romana,Limba romana,simulare,Simulare,subiect,2025-simulare-real-tehnologic-subiect.pdf,bac/2025/romana/simulare/2025-simulare-real-tehnologic-subiect.pdf,183996,1fd8dc2b04956ff927dad4c939f13fcf5b91edc03a99ada962571b503f02f017
2025,romana,Limba romana,simulare,Simulare,barem,2025-simulare-uman-pedagogic-barem.pdf,bac/2025/romana/simulare/2025-simulare-uman-pedagogic-barem.pdf,184156,d7d2d5a4eacf66fd60e67a8004c067a12d06cf43b000135f7ebe6878713d3126
2025,romana,Limba romana,simulare,Simulare,subiect,2025-simulare-uman-pedagogic-subiect.pdf,bac/2025/romana/simulare/2025-simulare-uman-pedagogic-subiect.pdf,183805,7a63526c27ae2418259348b2b4d84acb68c185e9320da8307cf57208dfb41c3b
2025,sociologie,Sociologie,model,Model,barem,2025-model-general-barem.pdf,bac/2025/sociologie/model/2025-model-general-barem.pdf,217690,021b07a68bc5069f29edb6cd92478fce2472c6a5b0b6607454ae6d7354c7a464
2025,sociologie,Sociologie,model,Model,subiect,2025-model-general-subiect.pdf,bac/2025/sociologie/model/2025-model-general-subiect.pdf,293789,36cae0f0629630a36a84d268fc72124446bc5c806f76638c8e0225aa4a0e4f7a
2025,sociologie,Sociologie,sesiune-august,Sesiunea august,barem,2025-august-general-barem.pdf,bac/2025/sociologie/sesiune-august/2025-august-general-barem.pdf,52280,61f01a4d6e69d9500b3f84384fdee4f145cbfff4dd1bc201973f1a520566b116
2025,sociologie,Sociologie,sesiune-august,Sesiunea august,subiect,2025-august-general-subiect.pdf,bac/2025/sociologie/sesiune-august/2025-august-general-subiect.pdf,78937,e4b9d31e02c22fe3434fab13c0f5ac4763cc63491d3d8a8e9964669d664e5d50
2025,sociologie,Sociologie,sesiune-iunie,Sesiunea iunie,barem,2025-iunie-general-barem.pdf,bac/2025/sociologie/sesiune-iunie/2025-iunie-general-barem.pdf,52471,6f00e681fabeac7e26369fb0a5129ab8bf7f6ddb5d5e0c1a0dac4132cba14ea9
2025,sociologie,Sociologie,sesiune-iunie,Sesiunea iunie,subiect,2025-iunie-general-subiect.pdf,bac/2025/sociologie/sesiune-iunie/2025-iunie-general-subiect.pdf,74734,31d6c13cc484721d5699ebd328079fb6080de648e214f1ff13c5d712f6f7895d
2025,sociologie,Sociologie,simulare,Simulare,barem,2025-simulare-general-barem.pdf,bac/2025/sociologie/simulare/2025-simulare-general-barem.pdf,108977,e2b505162372e42341a499bfe3d8ec7bfd324ef6007c1f3a88b7b42b89f6bd81
2025,sociologie,Sociologie,simulare,Simulare,subiect,2025-simulare-general-subiect.pdf,bac/2025/sociologie/simulare/2025-simulare-general-subiect.pdf,146703,ce87918a3757591ee19c47fae669cd4390399b9efae79da0d951a264304dc1fa
2026,biologie,Biologie,model,Model,barem,2026-model-anatomie-fiziologie-barem.pdf,bac/2026/biologie/model/2026-model-anatomie-fiziologie-barem.pdf,157312,349b4a3c391c26d912491133fb9cc9aa69eb7ce673fe93a6b245bdffd2a1f156
2026,biologie,Biologie,model,Model,subiect,2026-model-anatomie-fiziologie-subiect.pdf,bac/2026/biologie/model/2026-model-anatomie-fiziologie-subiect.pdf,151490,ba0888f53e934dc69698055f1bead777b1f7ef22e7677bbaca81b4dc28a73deb
2026,biologie,Biologie,model,Model,barem,2026-model-vegetala-animala-barem.pdf,bac/2026/biologie/model/2026-model-vegetala-animala-barem.pdf,159235,22fee1c62441b2b997c06fc2d912e1805f44e8d5c1ef1b1af221df4e4027af44
2026,biologie,Biologie,model,Model,subiect,2026-model-vegetala-animala-subiect.pdf,bac/2026/biologie/model/2026-model-vegetala-animala-subiect.pdf,176866,a79c1c7dd80d8d65851ed82afdae93f54aa811e433c30950d125f07d25be76d2
2026,biologie,Biologie,rezerva-iunie,Rezerva iunie,barem,2026-iunie-rezerva-vegetala-animala-barem.pdf,bac/2026/biologie/rezerva-iunie/2026-iunie-rezerva-vegetala-animala-barem.pdf,78890,4b3ce98f9ec554f354f1e2c256f9a7e4d1d23a2a08acd3a7c67484c5da21c72a
2026,biologie,Biologie,rezerva-iunie,Rezerva iunie,subiect,2026-iunie-rezerva-vegetala-animala-subiect.pdf,bac/2026/biologie/rezerva-iunie/2026-iunie-rezerva-vegetala-animala-subiect.pdf,84861,862d148f4fbded35cca489664a08e4cbabdfd2a5b53e0eede413fc3a43f71f3c
2026,biologie,Biologie,sesiune-august,Sesiunea august,barem,2026-august-anatomie-barem.pdf,bac/2026/biologie/sesiune-august/2026-august-anatomie-barem.pdf,79263,01a2476ac94c0bdf6a030ce38514165a0ed975db6657322771b7a5bbab7c07e3
2026,biologie,Biologie,sesiune-august,Sesiunea august,subiect,2026-august-anatomie-subiect.pdf,bac/2026/biologie/sesiune-august/2026-august-anatomie-subiect.pdf,77295,e34aaa8c13051ee769447f1cededf71fd91ce85d7e2965bf1089fe5bb0350fc0
2026,biologie,Biologie,sesiune-august,Sesiunea august,barem,2026-august-vegetala-animala-barem.pdf,bac/2026/biologie/sesiune-august/2026-august-vegetala-animala-barem.pdf,78632,845d8fa88348f48066567850b48526cc09f99383666b021816b272fc56c7ede8
2026,biologie,Biologie,sesiune-august,Sesiunea august,subiect,2026-august-vegetala-animala-subiect.pdf,bac/2026/biologie/sesiune-august/2026-august-vegetala-animala-subiect.pdf,83299,f5b052b69bc9bf717055423b07a21c9cfb537249a31c9e90d1c84c4e188fe3ae
2026,biologie,Biologie,sesiune-iunie,Sesiunea iunie,barem,2026-iunie-anatomie-barem.pdf,bac/2026/biologie/sesiune-iunie/2026-iunie-anatomie-barem.pdf,79177,6ddb6bea458c267f6ff2645d57e7d0e14ef220d8c699694328b4050c0ac3f493
2026,biologie,Biologie,sesiune-iunie,Sesiunea iunie,subiect,2026-iunie-anatomie-subiect.pdf,bac/2026/biologie/sesiune-iunie/2026-iunie-anatomie-subiect.pdf,77724,fb8dab6078fecf11632708c4f0e0be47bc4564305a78492a03bd4faed0ba58a8
2026,biologie,Biologie,sesiune-iunie,Sesiunea iunie,barem,2026-iunie-vegetala-animala-barem.pdf,bac/2026/biologie/sesiune-iunie/2026-iunie-vegetala-animala-barem.pdf,78402,c90fa5df1e5de82ddba34e7c4ff272b8fe62e2db0d917548cb0a0a14aa9f9923
2026,biologie,Biologie,sesiune-iunie,Sesiunea iunie,subiect,2026-iunie-vegetala-animala-subiect.pdf,bac/2026/biologie/sesiune-iunie/2026-iunie-vegetala-animala-subiect.pdf,89972,a9399b6357d3d63fabc4f023e11291632e8cf30671d684b64f46944ca70d22c8
2026,biologie,Biologie,sesiune-speciala,Sesiunea speciala,barem,2026-speciala-anatomie-barem.pdf,bac/2026/biologie/sesiune-speciala/2026-speciala-anatomie-barem.pdf,79162,23ade9a20f7bc9a43f9e6979ca63fb958439a999c60082b0e2446666350c6844
2026,biologie,Biologie,sesiune-speciala,Sesiunea speciala,subiect,2026-speciala-anatomie-subiect.pdf,bac/2026/biologie/sesiune-speciala/2026-speciala-anatomie-subiect.pdf,82913,90934557edc017ec3e9ab9bf80889e02a5f589d7f8cbc6a3b70844ddef808b10
2026,biologie,Biologie,simulare,Simulare,barem,2026-simulare-anatomie-fiziologie-barem.pdf,bac/2026/biologie/simulare/2026-simulare-anatomie-fiziologie-barem.pdf,154204,82510342254a4fdc87e3c02ce8eaef724867a5dd2dbb03370bd57fb5d901f208
2026,biologie,Biologie,simulare,Simulare,subiect,2026-simulare-anatomie-fiziologie-subiect.pdf,bac/2026/biologie/simulare/2026-simulare-anatomie-fiziologie-subiect.pdf,145191,bfde4dbdbf15db379246bae952f81a98165ac03af65715fc7ba77379bce4860d
2026,biologie,Biologie,simulare,Simulare,barem,2026-simulare-vegetala-animala-barem.pdf,bac/2026/biologie/simulare/2026-simulare-vegetala-animala-barem.pdf,154664,39f26d062b430f1d03a4d5c4b7381b18ccdcf9358575cb1f32dea828e9be8f93
2026,biologie,Biologie,simulare,Simulare,subiect,2026-simulare-vegetala-animala-subiect.pdf,bac/2026/biologie/simulare/2026-simulare-vegetala-animala-subiect.pdf,157346,36cdde02f45a6c41f88e76622c83e83dfc0be38aebbe33ef3be0d23591eb05dd
2026,chimie,Chimie,model,Model,barem,2026-model-anorganica-barem.pdf,bac/2026/chimie/model/2026-model-anorganica-barem.pdf,152649,1ae12463bd1adbaf49972df1755fa4064ea59ba39d411fb988d546b4c6245b46
2026,chimie,Chimie,model,Model,subiect,2026-model-anorganica-subiect.pdf,bac/2026/chimie/model/2026-model-anorganica-subiect.pdf,142230,c16d1a7125827668473a8828519ba776fec75f2bec93d2605e60dd2d98a92e99
2026,chimie,Chimie,model,Model,barem,2026-model-organica-barem.pdf,bac/2026/chimie/model/2026-model-organica-barem.pdf,148070,f197488cfa926304f99b753f01f9343c9d1bc91e821730ff804c0a824cd84c8e
2026,chimie,Chimie,model,Model,subiect,2026-model-organica-subiect.pdf,bac/2026/chimie/model/2026-model-organica-subiect.pdf,156648,945ab11e72db5ff46120ca54e40c74736f993216d8e926e79185faa476e676d9
2026,chimie,Chimie,sesiune-august,Sesiunea august,barem,2026-august-anorganica-barem.pdf,bac/2026/chimie/sesiune-august/2026-august-anorganica-barem.pdf,148354,d4f810fe46552bcf8ebf6c7be85f12b52d7230834737e6b96e244d800bcb9b38
2026,chimie,Chimie,sesiune-august,Sesiunea august,subiect,2026-august-anorganica-subiect.pdf,bac/2026/chimie/sesiune-august/2026-august-anorganica-subiect.pdf,133979,e8a03a86427af924b5a85523f0d7756bf0b3a4b0f448f50eb4440e16b32bee65
2026,chimie,Chimie,sesiune-august,Sesiunea august,barem,2026-august-organica-barem.pdf,bac/2026/chimie/sesiune-august/2026-august-organica-barem.pdf,146009,9203b14bad5500e0097386e1d6950c6d607b38b135a08177988ce4fdbe8dd7bf
2026,chimie,Chimie,sesiune-august,Sesiunea august,subiect,2026-august-organica-subiect.pdf,bac/2026/chimie/sesiune-august/2026-august-organica-subiect.pdf,143405,247f1b069699fefd663287cbf4bf82603e3671c4ee80856096da8006757f186a
2026,chimie,Chimie,sesiune-iunie,Sesiunea iunie,barem,2026-iunie-anorganica-barem.pdf,bac/2026/chimie/sesiune-iunie/2026-iunie-anorganica-barem.pdf,179458,4addd4c0792a760f779be8d3276150aa5bc93a08d438bcd2684d486355c0f7d4
2026,chimie,Chimie,sesiune-iunie,Sesiunea iunie,subiect,2026-iunie-anorganica-subiect.pdf,bac/2026/chimie/sesiune-iunie/2026-iunie-anorganica-subiect.pdf,134423,fb59572ed6c125866bfb5a25d9a815962a9b2c6f644f11380cb87a3c2606a588
2026,chimie,Chimie,sesiune-iunie,Sesiunea iunie,barem,2026-iunie-organica-barem.pdf,bac/2026/chimie/sesiune-iunie/2026-iunie-organica-barem.pdf,145068,28b3953c790a7f561c9185a502c2debea8069acac72ee0d937aa675f51173c29
2026,chimie,Chimie,sesiune-iunie,Sesiunea iunie,subiect,2026-iunie-organica-subiect.pdf,bac/2026/chimie/sesiune-iunie/2026-iunie-organica-subiect.pdf,139796,ff6c03b7b33014f143aa49f286858907a40b70d49d4dbee6d77fd70d1fc6adac
2026,chimie,Chimie,sesiune-speciala,Sesiunea speciala,barem,2026-speciala-anorganica-barem.pdf,bac/2026/chimie/sesiune-speciala/2026-speciala-anorganica-barem.pdf,72208,e204355e73ed2479829ef4d1dca693f094316e00d2eccfc06cdf0c95c0b3da38
2026,chimie,Chimie,sesiune-speciala,Sesiunea speciala,subiect,2026-speciala-anorganica-subiect.pdf,bac/2026/chimie/sesiune-speciala/2026-speciala-anorganica-subiect.pdf,69540,9a337dbd9b95430f9ea7e8c9247bd93b815bbde22bf840290d899d2c70164ddc
2026,chimie,Chimie,sesiune-speciala,Sesiunea speciala,barem,2026-speciala-organica-barem.pdf,bac/2026/chimie/sesiune-speciala/2026-speciala-organica-barem.pdf,71860,577e51d8e20d05da8a8b27eab3fd8bec88f12be63c4d4da000df329b2511d037
2026,chimie,Chimie,sesiune-speciala,Sesiunea speciala,subiect,2026-speciala-organica-subiect.pdf,bac/2026/chimie/sesiune-speciala/2026-speciala-organica-subiect.pdf,85732,13b6bcdbd0deb11f33b1b75d732def9051505f27f09f9ed17466ec89c0d1580c
2026,chimie,Chimie,simulare,Simulare,barem,2026-simulare-anorganica-barem.pdf,bac/2026/chimie/simulare/2026-simulare-anorganica-barem.pdf,179364,b71755aad9d93f226b399f11c89b8c6ae258630f46925977be364a9921af0696
2026,chimie,Chimie,simulare,Simulare,subiect,2026-simulare-anorganica-subiect.pdf,bac/2026/chimie/simulare/2026-simulare-anorganica-subiect.pdf,230848,eed6d1fb6339399ecb206d2fc766fb8376b24b26f63a061e01491cfd1896d96c
2026,chimie,Chimie,simulare,Simulare,barem,2026-simulare-organica-barem.pdf,bac/2026/chimie/simulare/2026-simulare-organica-barem.pdf,146167,d08d3b82c5586cd7f9581c244f28911b5d497862aff7a0a0fde5c81e51cd1d4c
2026,chimie,Chimie,simulare,Simulare,subiect,2026-simulare-organica-subiect.pdf,bac/2026/chimie/simulare/2026-simulare-organica-subiect.pdf,151934,49d11c2e14f000fe5f12c653f68693cbb4238ffdef112b7049a1e291021ae695
2026,economie,Economie,model,Model,barem,2026-model-general-barem.pdf,bac/2026/economie/model/2026-model-general-barem.pdf,173358,c40af6777b3292affec9a0766999661af6bb120e78795b0311a9cf75b4c7ba00
2026,economie,Economie,model,Model,subiect,2026-model-general-subiect.pdf,bac/2026/economie/model/2026-model-general-subiect.pdf,186080,55781f1d2a029424f756903d62ab6eca4be913a25eb52ec76229d77e99cf7d9c
2026,economie,Economie,sesiune-august,Sesiunea august,barem,2026-august-general-barem.pdf,bac/2026/economie/sesiune-august/2026-august-general-barem.pdf,152054,01416a0862f5e57eeb708c36e885fdbc64dbd030929654a94e97d10ee2e99dc6
2026,economie,Economie,sesiune-august,Sesiunea august,subiect,2026-august-general-subiect.pdf,bac/2026/economie/sesiune-august/2026-august-general-subiect.pdf,156515,ce881ad0e6db836b827d8f7e1a964f81fed5ba0865d5ba3cd08791b2281550e1
2026,economie,Economie,sesiune-iunie,Sesiunea iunie,barem,2026-iunie-general-barem.pdf,bac/2026/economie/sesiune-iunie/2026-iunie-general-barem.pdf,87107,4cdd4e67eb23aba0a14c27a9d1cbcd540ed322a0a7adc2c17b2693bc669807ad
2026,economie,Economie,sesiune-iunie,Sesiunea iunie,subiect,2026-iunie-general-subiect.pdf,bac/2026/economie/sesiune-iunie/2026-iunie-general-subiect.pdf,91356,0b12a994b98877f69843ace1a76612cd6103f0169c396587f245d343a30b4cc4
2026,economie,Economie,simulare,Simulare,barem,2026-simulare-general-barem.pdf,bac/2026/economie/simulare/2026-simulare-general-barem.pdf,171479,63cf644ede1119e65cc12ecc48e1287d0b9a76b3467468805bdc5756141a176a
2026,economie,Economie,simulare,Simulare,subiect,2026-simulare-general-subiect.pdf,bac/2026/economie/simulare/2026-simulare-general-subiect.pdf,180226,44f57edba4af7120164adf9115824ab00feaa5942be33a8df60e137aa54f9b4a
2026,filosofie,Filosofie,model,Model,barem,2026-model-general-barem.pdf,bac/2026/filosofie/model/2026-model-general-barem.pdf,108736,f5e6c8cadda04c759987b79eca0463005746227a3497b3ee4927dcab81a6b237
2026,filosofie,Filosofie,model,Model,subiect,2026-model-general-subiect.pdf,bac/2026/filosofie/model/2026-model-general-subiect.pdf,151994,c9a7b164a7117db6b8c90fbd35c3d0969c3b322dff708c4e2fa3e900ad8aec11
2026,filosofie,Filosofie,sesiune-august,Sesiunea august,barem,2026-august-general-barem.pdf,bac/2026/filosofie/sesiune-august/2026-august-general-barem.pdf,100154,97330bf816ec2e3c0303a6fe62d24bb828e38da57b6a64bb87a3ed2b40826421
2026,filosofie,Filosofie,sesiune-august,Sesiunea august,subiect,2026-august-general-subiect.pdf,bac/2026/filosofie/sesiune-august/2026-august-general-subiect.pdf,133926,ffb055a59dfaca600af3a8bffc7496fa20202ed442b57002fed2a744229b2595
2026,filosofie,Filosofie,sesiune-iunie,Sesiunea iunie,barem,2026-iunie-general-barem.pdf,bac/2026/filosofie/sesiune-iunie/2026-iunie-general-barem.pdf,54035,2785edb4822830c03a917dca39c0928239e094a101b25b0bcf72d6e25caab00c
2026,filosofie,Filosofie,sesiune-iunie,Sesiunea iunie,subiect,2026-iunie-general-subiect.pdf,bac/2026/filosofie/sesiune-iunie/2026-iunie-general-subiect.pdf,72860,a0ea5724d070d1ad89d338505a58a54a57becbf8285b1241b4c3f5cd01d78220
2026,filosofie,Filosofie,simulare,Simulare,barem,2026-simulare-general-barem.pdf,bac/2026/filosofie/simulare/2026-simulare-general-barem.pdf,120374,1503fd9f000bf85c87226e8b0b25669c5c8ee7237e64767f8d9de612eaa721e5
2026,filosofie,Filosofie,simulare,Simulare,subiect,2026-simulare-general-subiect.pdf,bac/2026/filosofie/simulare/2026-simulare-general-subiect.pdf,159004,43fbc2ad834d614bb2e5310e65c89f395a7aa54fa446729f0ef8808b5ee440f8
2026,fizica,Fizica,model,Model,barem,2026-model-tehnologic-barem.pdf,bac/2026/fizica/model/2026-model-tehnologic-barem.pdf,216503,3807e3f1b37647eec46a05946f7b53e12536e9c27bb1cf2e42bb0abad013a463
2026,fizica,Fizica,model,Model,subiect,2026-model-tehnologic-subiect.pdf,bac/2026/fizica/model/2026-model-tehnologic-subiect.pdf,269202,96f5ff616ce2411f5d685cb2d2c7355a36ce0e11f7d17a8630c1943352d86027
2026,fizica,Fizica,model,Model,barem,2026-model-teoretic-vocational-barem.pdf,bac/2026/fizica/model/2026-model-teoretic-vocational-barem.pdf,259395,6a85e441aeb0d1baf176e5ca12bdb24662b0adfd62a3daaf8f46ee3b28b66d55
2026,fizica,Fizica,model,Model,subiect,2026-model-teoretic-vocational-subiect.pdf,bac/2026/fizica/model/2026-model-teoretic-vocational-subiect.pdf,287722,ee379f545df5381339d0846a9e3b73f9f92fd5b74e29ed201eaa9aa5470328b7
2026,fizica,Fizica,sesiune-august,Sesiunea august,barem,2026-august-tehnologic-barem.pdf,bac/2026/fizica/sesiune-august/2026-august-tehnologic-barem.pdf,227283,98087b2d964ca0ed4a62bfe9815be8c85e32743036140379b7700a44ce48c5d9
2026,fizica,Fizica,sesiune-august,Sesiunea august,subiect,2026-august-tehnologic-subiect.pdf,bac/2026/fizica/sesiune-august/2026-august-tehnologic-subiect.pdf,370908,727026ea9ffb882b09899611c96d699c3f4369613a0f48af48571ca199b9a555
2026,fizica,Fizica,sesiune-august,Sesiunea august,barem,2026-august-teoretic-vocational-barem.pdf,bac/2026/fizica/sesiune-august/2026-august-teoretic-vocational-barem.pdf,269852,03106bcfadfe6919b36200ebeea36ed1d3b0d37341783397af5e930ffcfa0f36
2026,fizica,Fizica,sesiune-august,Sesiunea august,subiect,2026-august-teoretic-vocational-subiect.pdf,bac/2026/fizica/sesiune-august/2026-august-teoretic-vocational-subiect.pdf,365277,24a5c27d1e9a5354528b90cbaccc6d2f82ff5fc8568410171da4d18bf09ed59a
2026,fizica,Fizica,sesiune-iunie,Sesiunea iunie,barem,2026-iunie-tehnologic-barem.pdf,bac/2026/fizica/sesiune-iunie/2026-iunie-tehnologic-barem.pdf,248064,2ad3d9f9658532e22507acd2a12910319c22a0e848a46b89a5a768db27828395
2026,fizica,Fizica,sesiune-iunie,Sesiunea iunie,subiect,2026-iunie-tehnologic-subiect.pdf,bac/2026/fizica/sesiune-iunie/2026-iunie-tehnologic-subiect.pdf,368859,cdba87f5a47971a0a536b98edec5357df7c1af1b50da6df239db156fedc53646
2026,fizica,Fizica,sesiune-iunie,Sesiunea iunie,barem,2026-iunie-teoretic-vocational-barem.pdf,bac/2026/fizica/sesiune-iunie/2026-iunie-teoretic-vocational-barem.pdf,261416,320247164fe936f63903aae0c3a902e4e2fef8bf8de5efb3942745366350f53a
2026,fizica,Fizica,sesiune-iunie,Sesiunea iunie,subiect,2026-iunie-teoretic-vocational-subiect.pdf,bac/2026/fizica/sesiune-iunie/2026-iunie-teoretic-vocational-subiect.pdf,309531,44ec263ebbc200fc22cff646255d0321e3938ca8742ee122e9d0890e0751a52d
2026,fizica,Fizica,sesiune-speciala,Sesiunea speciala,barem,2026-speciala-teoretic-vocational-barem.pdf,bac/2026/fizica/sesiune-speciala/2026-speciala-teoretic-vocational-barem.pdf,265550,79cd4863ea2ccbc5ab4a077cb58110bd6b33c40d2fef6c5013522e19bc5f9b83
2026,fizica,Fizica,sesiune-speciala,Sesiunea speciala,subiect,2026-speciala-teoretic-vocational-subiect.pdf,bac/2026/fizica/sesiune-speciala/2026-speciala-teoretic-vocational-subiect.pdf,323855,95223ac31a36f489f55ab7e147c99fa03b347059bd358c81d198551dd1e8ced2
2026,fizica,Fizica,simulare,Simulare,barem,2026-simulare-tehnologic-barem.pdf,bac/2026/fizica/simulare/2026-simulare-tehnologic-barem.pdf,232635,774f2d11318928a0101fd73e1276b36102fe0d427176cc08b4be861ec16e7804
2026,fizica,Fizica,simulare,Simulare,subiect,2026-simulare-tehnologic-subiect.pdf,bac/2026/fizica/simulare/2026-simulare-tehnologic-subiect.pdf,377800,7516bee61559621be2da624dbf1462f122dc98c604a5511326f09fdad72bf359
2026,fizica,Fizica,simulare,Simulare,barem,2026-simulare-teoretic-vocational-barem.pdf,bac/2026/fizica/simulare/2026-simulare-teoretic-vocational-barem.pdf,239888,33ff3761e977061d117e86f14918ee43e1ec2d50eccf95489601afb852b3f403
2026,fizica,Fizica,simulare,Simulare,subiect,2026-simulare-teoretic-vocational-subiect.pdf,bac/2026/fizica/simulare/2026-simulare-teoretic-vocational-subiect.pdf,418522,0353d5c95dc77a0a65a70a01a399d4bd54a0d28f2fe4cace0d3594305d88d80f
2026,geografie,Geografie,model,Model,barem,2026-model-general-barem.pdf,bac/2026/geografie/model/2026-model-general-barem.pdf,194415,6a2838e6403d577e27a8676583f71cc962684f19ee438df34ea0cd948c5d3ac0
2026,geografie,Geografie,model,Model,subiect,2026-model-general-subiect.pdf,bac/2026/geografie/model/2026-model-general-subiect.pdf,317139,105bc577a58bfab2f9eadfc2f3120fef1e8b86e5b0003d942a337cddd9b32743
2026,geografie,Geografie,rezerva-iunie,Rezerva iunie,barem,2026-iunie-rezerva-general-barem.pdf,bac/2026/geografie/rezerva-iunie/2026-iunie-rezerva-general-barem.pdf,97284,d1fa09fdc1cea58790b56f08595e166bfbb2ec69edd6a2c96fb46f0c26cef689
2026,geografie,Geografie,rezerva-iunie,Rezerva iunie,subiect,2026-iunie-rezerva-general-subiect.pdf,bac/2026/geografie/rezerva-iunie/2026-iunie-rezerva-general-subiect.pdf,186386,61bc51eba48ea44677256e8627c0fd570caefa2f777f2a516174ce26a3e4b23c
2026,geografie,Geografie,sesiune-august,Sesiunea august,barem,2026-august-general-barem.pdf,bac/2026/geografie/sesiune-august/2026-august-general-barem.pdf,95624,61e78c342eedb3619506b810c90fffbf289ff9f0431756ca2bf252a9efe31086
2026,geografie,Geografie,sesiune-august,Sesiunea august,subiect,2026-august-general-subiect.pdf,bac/2026/geografie/sesiune-august/2026-august-general-subiect.pdf,328667,a777f77341709d473b8e1850d1a864dbc90f29ca97144db0dedcc45a2abdcce8
2026,geografie,Geografie,sesiune-iunie,Sesiunea iunie,barem,2026-iunie-general-barem.pdf,bac/2026/geografie/sesiune-iunie/2026-iunie-general-barem.pdf,97297,fd58478be843a254c97baed02298116f92fefb115f52cbae57d588b69a037505
2026,geografie,Geografie,sesiune-iunie,Sesiunea iunie,subiect,2026-iunie-general-subiect.pdf,bac/2026/geografie/sesiune-iunie/2026-iunie-general-subiect.pdf,336127,90d793e98775a6a613db5c8d68697df3d761d4b36e937073087b1b7f86a14f3d
2026,geografie,Geografie,sesiune-speciala,Sesiunea speciala,barem,2026-speciala-general-barem.pdf,bac/2026/geografie/sesiune-speciala/2026-speciala-general-barem.pdf,192353,73d1b3d4388f106815bc6f59af921e394306bd3120e3eb9e1da706b1d5a0bc3d
2026,geografie,Geografie,sesiune-speciala,Sesiunea speciala,subiect,2026-speciala-general-subiect.pdf,bac/2026/geografie/sesiune-speciala/2026-speciala-general-subiect.pdf,340205,a22cc1b8b5e4a75f5d3e7a695b6641e3684b91f400bb9c0fe9ea461614f6d3d4
2026,geografie,Geografie,simulare,Simulare,barem,2026-simulare-general-barem.pdf,bac/2026/geografie/simulare/2026-simulare-general-barem.pdf,193320,36918f2719feba83b4e576a6c1201f334e1812bf888f670b70511629df633aab
2026,geografie,Geografie,simulare,Simulare,subiect,2026-simulare-general-subiect.pdf,bac/2026/geografie/simulare/2026-simulare-general-subiect.pdf,314060,0739b098e2259a982adb592846b1eba4461a26f64bd5c897040cb1c6113eb830
2026,informatica,Informatica,model,Model,barem,2026-model-mate-info-barem.pdf,bac/2026/informatica/model/2026-model-mate-info-barem.pdf,199499,82e91db18e0b6615dafae9b3061338f222703b0bc7a74e1c7fb772c6f0d1fa92
2026,informatica,Informatica,model,Model,subiect,2026-model-mate-info-c-subiect.pdf,bac/2026/informatica/model/2026-model-mate-info-c-subiect.pdf,273731,64726ea5935d471ff44365504403c6021e77944958992c863798d31020e02ccb
2026,informatica,Informatica,model,Model,subiect,2026-model-mate-info-pascal-subiect.pdf,bac/2026/informatica/model/2026-model-mate-info-pascal-subiect.pdf,272987,7019d01e4f3cbb259cf5da5ce86cfe74efadb6683176c643f6a427fafa2c891a
2026,informatica,Informatica,model,Model,barem,2026-model-stiinte-naturii-barem.pdf,bac/2026/informatica/model/2026-model-stiinte-naturii-barem.pdf,196949,7ceeca50c1587c936cb015f3943d41e0e4f1f3822759f3560914812c28122110
2026,informatica,Informatica,model,Model,subiect,2026-model-stiinte-naturii-c-subiect.pdf,bac/2026/informatica/model/2026-model-stiinte-naturii-c-subiect.pdf,265531,9cba59804ddf81f5c7fa0fc76e2de4ca09a52177fcdd4758acd7dce8c950185e
2026,informatica,Informatica,model,Model,subiect,2026-model-stiinte-naturii-pascal-subiect.pdf,bac/2026/informatica/model/2026-model-stiinte-naturii-pascal-subiect.pdf,264059,7b7d9b2ba1a1f9590627d6b471e5914172363eb5717ab53494cc91257f00f59f
2026,informatica,Informatica,rezerva-iunie,Rezerva iunie,barem,2026-iunie-rezerva-mate-info-c-barem.pdf,bac/2026/informatica/rezerva-iunie/2026-iunie-rezerva-mate-info-c-barem.pdf,95294,1c1bf9a5a4331ec6cea8637dca4c446eb9c53badd2064e01787b32c4c8eaec46
2026,informatica,Informatica,rezerva-iunie,Rezerva iunie,subiect,2026-iunie-rezerva-mate-info-c-subiect.pdf,bac/2026/informatica/rezerva-iunie/2026-iunie-rezerva-mate-info-c-subiect.pdf,144427,98cf1a95a4b9c6e45b91e01d56d95f6145e81e97fccbdf7014382094b54e02ed
2026,informatica,Informatica,sesiune-august,Sesiunea august,barem,2026-august-mate-info-c-barem.pdf,bac/2026/informatica/sesiune-august/2026-august-mate-info-c-barem.pdf,101993,da9ba4c3673a31b53b395e1200342f683c6d317dabc713d089f36c41acb85e3b
2026,informatica,Informatica,sesiune-august,Sesiunea august,subiect,2026-august-mate-info-c-subiect.pdf,bac/2026/informatica/sesiune-august/2026-august-mate-info-c-subiect.pdf,120248,9f24b23865a49adafc6707cf418a335d1f13fac08690b5e51a8409392b416a98
2026,informatica,Informatica,sesiune-august,Sesiunea august,barem,2026-august-mate-info-pascal-barem.pdf,bac/2026/informatica/sesiune-august/2026-august-mate-info-pascal-barem.pdf,101993,da9ba4c3673a31b53b395e1200342f683c6d317dabc713d089f36c41acb85e3b
2026,informatica,Informatica,sesiune-august,Sesiunea august,subiect,2026-august-mate-info-pascal-subiect.pdf,bac/2026/informatica/sesiune-august/2026-august-mate-info-pascal-subiect.pdf,121233,cfaa1dd03054751f86acf0249f3d1211e01ac3cf2c0976bc5e5ea5d80e75c1fb
2026,informatica,Informatica,sesiune-august,Sesiunea august,barem,2026-august-stiinte-naturii-c-barem.pdf,bac/2026/informatica/sesiune-august/2026-august-stiinte-naturii-c-barem.pdf,100403,d40fa04e00381ebd6af773f687dd084550e05838b5f546fa2f61344449298507
2026,informatica,Informatica,sesiune-august,Sesiunea august,subiect,2026-august-stiinte-naturii-c-subiect.pdf,bac/2026/informatica/sesiune-august/2026-august-stiinte-naturii-c-subiect.pdf,118465,5862f5315da9f03c3ff10c821e664f4cd7efc8c885a136287fe87b3eea660159
2026,informatica,Informatica,sesiune-iunie,Sesiunea iunie,barem,2026-iunie-mate-info-c-barem.pdf,bac/2026/informatica/sesiune-iunie/2026-iunie-mate-info-c-barem.pdf,114792,b5f3be3d460d40c85b8eca4377a3681f9384d301e50eb9359373ce7ac53456f9
2026,informatica,Informatica,sesiune-iunie,Sesiunea iunie,subiect,2026-iunie-mate-info-c-subiect.pdf,bac/2026/informatica/sesiune-iunie/2026-iunie-mate-info-c-subiect.pdf,121311,a640f9798d4063e1b8820e2796702ca4adcab4e3e7d29223d625f2cb780f24c7
2026,informatica,Informatica,sesiune-iunie,Sesiunea iunie,barem,2026-iunie-mate-info-pascal-barem.pdf,bac/2026/informatica/sesiune-iunie/2026-iunie-mate-info-pascal-barem.pdf,114792,b5f3be3d460d40c85b8eca4377a3681f9384d301e50eb9359373ce7ac53456f9
2026,informatica,Informatica,sesiune-iunie,Sesiunea iunie,subiect,2026-iunie-mate-info-pascal-subiect.pdf,bac/2026/informatica/sesiune-iunie/2026-iunie-mate-info-pascal-subiect.pdf,120697,b8cf3850d43a8993d449dbd1fbca3affb681101aafa5e3cca1efbfd726e11a72
2026,informatica,Informatica,sesiune-iunie,Sesiunea iunie,barem,2026-iunie-stiinte-naturii-c-barem.pdf,bac/2026/informatica/sesiune-iunie/2026-iunie-stiinte-naturii-c-barem.pdf,99815,47fefdbdba79c3b77229fba1ac688c52ed488b9d25c93d06bebe959ba14b0ed0
2026,informatica,Informatica,sesiune-iunie,Sesiunea iunie,subiect,2026-iunie-stiinte-naturii-c-subiect.pdf,bac/2026/informatica/sesiune-iunie/2026-iunie-stiinte-naturii-c-subiect.pdf,118202,11ce59c8e0c8ba4e29ef865940af74967a74939ff0b7391d761685e4d42aa6a2
2026,informatica,Informatica,sesiune-speciala,Sesiunea speciala,barem,2026-speciala-mate-info-c-barem.pdf,bac/2026/informatica/sesiune-speciala/2026-speciala-mate-info-c-barem.pdf,94155,403b6d31bfc4052abb59361ee43408b7c0e98b6d03da061de77c8b5610de9dba
2026,informatica,Informatica,sesiune-speciala,Sesiunea speciala,subiect,2026-speciala-mate-info-c-subiect.pdf,bac/2026/informatica/sesiune-speciala/2026-speciala-mate-info-c-subiect.pdf,124767,fdab4dcea08a4de7e5a6269d5deeb9dcce7f859f903dfbf63cc59434f31891af
2026,informatica,Informatica,sesiune-speciala,Sesiunea speciala,barem,2026-speciala-stiinte-naturii-c-barem.pdf,bac/2026/informatica/sesiune-speciala/2026-speciala-stiinte-naturii-c-barem.pdf,93297,f6e4a6ffb8eb0b6e19a00431faacc35bee2130e941a519a191014808436803f5
2026,informatica,Informatica,sesiune-speciala,Sesiunea speciala,subiect,2026-speciala-stiinte-naturii-c-subiect.pdf,bac/2026/informatica/sesiune-speciala/2026-speciala-stiinte-naturii-c-subiect.pdf,121346,2f9050ef1558c89f567ed93b3a8a67ec6c975f833f467f96f19c715a32d7c87f
2026,informatica,Informatica,simulare,Simulare,barem,2026-simulare-mi-barem.pdf,bac/2026/informatica/simulare/2026-simulare-mi-barem.pdf,94410,d46ce51381c5568efa54aa8bfb458b60cb37f01794674c317f773ac00cb9b544
2026,informatica,Informatica,simulare,Simulare,subiect,2026-simulare-mi-c-subiect.pdf,bac/2026/informatica/simulare/2026-simulare-mi-c-subiect.pdf,244324,1d5f95622cb7fa32d9661bccb7b7ede3be547426ce8d4dbea029ffd17c364bdb
2026,informatica,Informatica,simulare,Simulare,subiect,2026-simulare-mi-pascal-subiect.pdf,bac/2026/informatica/simulare/2026-simulare-mi-pascal-subiect.pdf,244010,3b8a24396eeab5a40339d459f767e127408616dace291e303bfe9d0d239fedb7
2026,informatica,Informatica,simulare,Simulare,barem,2026-simulare-sn-barem.pdf,bac/2026/informatica/simulare/2026-simulare-sn-barem.pdf,93420,17098e8b6d86cd82aded93bbcbf43e7971977481f23dbc9fb4971767038f5d9c
2026,informatica,Informatica,simulare,Simulare,subiect,2026-simulare-sn-c-subiect.pdf,bac/2026/informatica/simulare/2026-simulare-sn-c-subiect.pdf,121555,7df493a600827be25f6e02ec1db54ad47fd2159b642fcec11e76477c5ca76be8
2026,informatica,Informatica,simulare,Simulare,subiect,2026-simulare-sn-pascal-subiect.pdf,bac/2026/informatica/simulare/2026-simulare-sn-pascal-subiect.pdf,121251,2c7f2ebac3206f1573b6a32febe5e86f72690642cf73919393f4506b4c4a9223
2026,istorie,Istorie,model,Model,barem,2026-model-istorie-barem.pdf,bac/2026/istorie/model/2026-model-istorie-barem.pdf,209455,0bc82400087d24eefd3dfc9944e8a6c3130d7e9732e67eb533c7185b92bcc61d
2026,istorie,Istorie,model,Model,subiect,2026-model-istorie-subiect.pdf,bac/2026/istorie/model/2026-model-istorie-subiect.pdf,203072,82fad7fed5929c8bbdb84edf62a104028040bb345051b093d9c6b20acb75c11a
2026,istorie,Istorie,rezerva-iunie,Rezerva iunie,barem,2026-iunie-rezerva-general-barem.pdf,bac/2026/istorie/rezerva-iunie/2026-iunie-rezerva-general-barem.pdf,111001,797bcd8ba17af0ef3dc54ff32da9cc842a994e78519bb4a8f9d66a3bebd0d37b
2026,istorie,Istorie,rezerva-iunie,Rezerva iunie,subiect,2026-iunie-rezerva-general-subiect.pdf,bac/2026/istorie/rezerva-iunie/2026-iunie-rezerva-general-subiect.pdf,106249,ca046dcff855c7ab776da13b2eebd750cf77fa92d3d15a64dd1421b9a092c3a3
2026,istorie,Istorie,sesiune-august,Sesiunea august,barem,2026-august-general-barem.pdf,bac/2026/istorie/sesiune-august/2026-august-general-barem.pdf,110710,0f227d8ea2218f70ac7dc12757f8a6d5e9728cb79c9bf20da514859a751b844f
2026,istorie,Istorie,sesiune-august,Sesiunea august,subiect,2026-august-general-subiect.pdf,bac/2026/istorie/sesiune-august/2026-august-general-subiect.pdf,105208,2aec94c36dbb0f3118bd063f1c10cd45ce9c8b3163c43c522b371d433ec5765d
2026,istorie,Istorie,sesiune-iunie,Sesiunea iunie,barem,2026-iunie-general-barem.pdf,bac/2026/istorie/sesiune-iunie/2026-iunie-general-barem.pdf,104758,aeb5e02cedaebcd7292e8ff6b4b8e255bc7ceac5bd79bf56a9c1d0ef9f42b544
2026,istorie,Istorie,sesiune-iunie,Sesiunea iunie,subiect,2026-iunie-general-subiect.pdf,bac/2026/istorie/sesiune-iunie/2026-iunie-general-subiect.pdf,104132,5421b0ef7ca5e7f1b20ce8ba8f236cd90c4ced136ebc9346f032b05c362145d2
2026,istorie,Istorie,sesiune-speciala,Sesiunea speciala,barem,2026-speciala-general-barem.pdf,bac/2026/istorie/sesiune-speciala/2026-speciala-general-barem.pdf,105189,2891f65aee38a18e8e586eac0f8ff43d9e60d4db3d56c15fe8a183609949a8c1
2026,istorie,Istorie,sesiune-speciala,Sesiunea speciala,subiect,2026-speciala-general-subiect.pdf,bac/2026/istorie/sesiune-speciala/2026-speciala-general-subiect.pdf,105054,e565bb2b9c87014d13a5c72a697d6f832b284feb128ef9a3842a3e6362a17878
2026,istorie,Istorie,simulare,Simulare,barem,2026-simulare-general-barem.pdf,bac/2026/istorie/simulare/2026-simulare-general-barem.pdf,195766,10ddfc25e555e7003d7f50dab5a6b1da176b533ceb77da2bcc5480913e68ae59
2026,istorie,Istorie,simulare,Simulare,subiect,2026-simulare-general-subiect.pdf,bac/2026/istorie/simulare/2026-simulare-general-subiect.pdf,200197,72e21fcb199e39dbc6d626cdd32bfc5883b8e9e30cd7eb06ab351c8c118a4ec1
2026,logica,Logica,model,Model,barem,2026-model-general-barem.pdf,bac/2026/logica/model/2026-model-general-barem.pdf,194054,c0475ba3fd9ebd96b54cdef86ee46eb2968521ab1cec00673bb6f7d4616ff991
2026,logica,Logica,model,Model,subiect,2026-model-general-subiect.pdf,bac/2026/logica/model/2026-model-general-subiect.pdf,155444,d0b1f2cf383ef679ff2e5a34ebc6a70238c4dbdb5021b20c960304cc6e206191
2026,logica,Logica,rezerva-iunie,Rezerva iunie,barem,2026-iunie-rezerva-general-barem.pdf,bac/2026/logica/rezerva-iunie/2026-iunie-rezerva-general-barem.pdf,98283,3a93ceeeed866ec2b60fafb1174d274abefa3570541e47c86179d0c28764e90d
2026,logica,Logica,rezerva-iunie,Rezerva iunie,subiect,2026-iunie-rezerva-general-subiect.pdf,bac/2026/logica/rezerva-iunie/2026-iunie-rezerva-general-subiect.pdf,80146,de2ca099b3792e18a901c8389efa31e0275a56d54b9f1f9843f80a580f095308
2026,logica,Logica,sesiune-august,Sesiunea august,barem,2026-august-general-barem.pdf,bac/2026/logica/sesiune-august/2026-august-general-barem.pdf,174553,d2bb0a63be9abec5eaceaeef6b3c553fa53ffee1d6e2027c247c947544a2cffc
2026,logica,Logica,sesiune-august,Sesiunea august,subiect,2026-august-general-subiect.pdf,bac/2026/logica/sesiune-august/2026-august-general-subiect.pdf,149920,378928c9f5cb59b3abc789138cb77a5a6b9f271b0bc9c7c7549138cd2b7c5c2d
2026,logica,Logica,sesiune-iunie,Sesiunea iunie,barem,2026-iunie-general-barem.pdf,bac/2026/logica/sesiune-iunie/2026-iunie-general-barem.pdf,194406,27add4be27cca9c060b610aa3798b258cd71441e3af0e1351769c8467fb0f995
2026,logica,Logica,sesiune-iunie,Sesiunea iunie,subiect,2026-iunie-general-subiect.pdf,bac/2026/logica/sesiune-iunie/2026-iunie-general-subiect.pdf,78456,fda9735d8b54023d031f3e6bae1a1d5e9d3199b614b7345478291424f1993d35
2026,logica,Logica,sesiune-speciala,Sesiunea speciala,barem,2026-speciala-general-barem.pdf,bac/2026/logica/sesiune-speciala/2026-speciala-general-barem.pdf,97718,13dd2b64076b86bd5dbde97d4bff1a19dc79e3f83407a0196259e33bb66f0103
2026,logica,Logica,sesiune-speciala,Sesiunea speciala,subiect,2026-speciala-general-subiect.pdf,bac/2026/logica/sesiune-speciala/2026-speciala-general-subiect.pdf,120718,755b26897b2cb90f5fba97eb4702db9791f58b9ff53cc17961ab528d39878fc7
2026,logica,Logica,simulare,Simulare,barem,2026-simulare-general-barem.pdf,bac/2026/logica/simulare/2026-simulare-general-barem.pdf,194299,4847befceaaa77c6063d903103435e4e66fc80d03d1ce588c5622e080caf599b
2026,logica,Logica,simulare,Simulare,subiect,2026-simulare-general-subiect.pdf,bac/2026/logica/simulare/2026-simulare-general-subiect.pdf,155821,7c5cffb37402264bdb59b99432d487ba9295cb1dfee823d304bb2c179092fc68
2026,matematica,Matematica,model,Model,barem,2026-model-mate-info-barem.pdf,bac/2026/matematica/model/2026-model-mate-info-barem.pdf,125645,6360867d159a71cc0cd912ad441c8d9de852633058c05e541c5c8f04b3c99950
2026,matematica,Matematica,model,Model,subiect,2026-model-mate-info-subiect.pdf,bac/2026/matematica/model/2026-model-mate-info-subiect.pdf,115251,afefbfe1ec6ca0ed8eb342692f265fd2740cab85e197e188b3979a1522224714
2026,matematica,Matematica,model,Model,barem,2026-model-pedagogic-barem.pdf,bac/2026/matematica/model/2026-model-pedagogic-barem.pdf,116371,d370d41734eed1105085bf8eebd31dcae1ddba33e8d552131a2d405893dab56f
2026,matematica,Matematica,model,Model,subiect,2026-model-pedagogic-subiect.pdf,bac/2026/matematica/model/2026-model-pedagogic-subiect.pdf,108589,e367a807304754e78600a77b0743f22e0751c1d64e496d74eca4b8dac8c85a81
2026,matematica,Matematica,model,Model,barem,2026-model-stiinte-naturii-barem.pdf,bac/2026/matematica/model/2026-model-stiinte-naturii-barem.pdf,122919,62d07d6cf5155496c7b48ec7dc559e077bdd38dda7bc379c378fda1a1c561a10
2026,matematica,Matematica,model,Model,subiect,2026-model-stiinte-naturii-subiect.pdf,bac/2026/matematica/model/2026-model-stiinte-naturii-subiect.pdf,114024,c6344d9a178578a39ae6ee40076799bfbea23a8fb998eb3a26b4900c1d37f29d
2026,matematica,Matematica,model,Model,barem,2026-model-tehnologic-barem.pdf,bac/2026/matematica/model/2026-model-tehnologic-barem.pdf,121296,0dcab02550ddf761f170da16b59c6d7560b6a7a3e986010a9b7508dafcf661d5
2026,matematica,Matematica,model,Model,subiect,2026-model-tehnologic-subiect.pdf,bac/2026/matematica/model/2026-model-tehnologic-subiect.pdf,109409,68721874438185c703347cb8718d28fb75bc1a8910bcca4f3dfaa245ada33114
2026,matematica,Matematica,rezerva-august,Rezerva august,barem,2026-august-rezerva-stiinte-naturii-barem.pdf,bac/2026/matematica/rezerva-august/2026-august-rezerva-stiinte-naturii-barem.pdf,110711,b7db36305455e87c62abf04ee04b79b28a75d4e89863a91cdefe5d820ddbb493
2026,matematica,Matematica,rezerva-august,Rezerva august,subiect,2026-august-rezerva-stiinte-naturii-subiect.pdf,bac/2026/matematica/rezerva-august/2026-august-rezerva-stiinte-naturii-subiect.pdf,108614,dc49f6cc0c09dcf5f978d0179c5e5fd99cc58f60d8f75cd7dcb8408e75c81461
2026,matematica,Matematica,rezerva-august,Rezerva august,barem,2026-august-rezerva-tehnologic-barem.pdf,bac/2026/matematica/rezerva-august/2026-august-rezerva-tehnologic-barem.pdf,118532,330440f906a91b1dacb45b228d0f6f156c90aa4157dc61182a828c6a23bfea93
2026,matematica,Matematica,rezerva-august,Rezerva august,subiect,2026-august-rezerva-tehnologic-subiect.pdf,bac/2026/matematica/rezerva-august/2026-august-rezerva-tehnologic-subiect.pdf,101887,934ef0941e1cf687d3384c2b0868c04c635a57d256a656b1ae29c00e52701912
2026,matematica,Matematica,rezerva-iunie,Rezerva iunie,barem,2026-iunie-rezerva-mate-info-barem.pdf,bac/2026/matematica/rezerva-iunie/2026-iunie-rezerva-mate-info-barem.pdf,284533,6a27a9e3fccde58fddaf0c429e48f05fd2c4df822aa14f837453980d0a4c76c9
2026,matematica,Matematica,rezerva-iunie,Rezerva iunie,subiect,2026-iunie-rezerva-mate-info-subiect.pdf,bac/2026/matematica/rezerva-iunie/2026-iunie-rezerva-mate-info-subiect.pdf,108122,fcf3ef4e4ede7ded4463a387ee4292452dbaa2b91d3b4b2ef3233def1e3fe6dd
2026,matematica,Matematica,rezerva-iunie,Rezerva iunie,barem,2026-iunie-rezerva-pedagogic-barem.pdf,bac/2026/matematica/rezerva-iunie/2026-iunie-rezerva-pedagogic-barem.pdf,111099,5776f130ad48b1d73f1132893265b586aeaa7f2c56b4a7640d91f27a45cd1b8a
2026,matematica,Matematica,rezerva-iunie,Rezerva iunie,subiect,2026-iunie-rezerva-pedagogic-subiect.pdf,bac/2026/matematica/rezerva-iunie/2026-iunie-rezerva-pedagogic-subiect.pdf,105565,d711fbd6d494015541172465a2bea330c8c8c66b20f8c8b8d08e9ae22ef027a0
2026,matematica,Matematica,rezerva-iunie,Rezerva iunie,barem,2026-iunie-rezerva-tehnologic-barem.pdf,bac/2026/matematica/rezerva-iunie/2026-iunie-rezerva-tehnologic-barem.pdf,115207,2a71cf3b8c1cdc54f2f82215d157bff6f11fafd8b1c57d4fee6dff12451547de
2026,matematica,Matematica,rezerva-iunie,Rezerva iunie,subiect,2026-iunie-rezerva-tehnologic-subiect.pdf,bac/2026/matematica/rezerva-iunie/2026-iunie-rezerva-tehnologic-subiect.pdf,104995,722b46d5e2e5906731d2d2dc59b7d74eb47f558cbf98a6278460ecdd6c87f34a
2026,matematica,Matematica,sesiune-august,Sesiunea august,barem,2026-august-mate-info-barem.pdf,bac/2026/matematica/sesiune-august/2026-august-mate-info-barem.pdf,122511,1898e9b3b8ffe80e1d000242dfc1af33965740cb9205284712b1c7c5116225aa
2026,matematica,Matematica,sesiune-august,Sesiunea august,subiect,2026-august-mate-info-subiect.pdf,bac/2026/matematica/sesiune-august/2026-august-mate-info-subiect.pdf,107553,f2d942047ba99d36c06d18ce8bf87bab7dc027a69af8dc76d6b703f2f87a0bd6
2026,matematica,Matematica,sesiune-august,Sesiunea august,barem,2026-august-pedagogic-barem.pdf,bac/2026/matematica/sesiune-august/2026-august-pedagogic-barem.pdf,112503,1aa2dc1d9c415e01c393c6c928fead39cd97623f521096ffd6fe7540299878f9
2026,matematica,Matematica,sesiune-august,Sesiunea august,subiect,2026-august-pedagogic-subiect.pdf,bac/2026/matematica/sesiune-august/2026-august-pedagogic-subiect.pdf,105793,1de44a02e49272fe9c52aec8e98d8c58d7f31c5d5f7f2cb6221bf8c0d8145774
2026,matematica,Matematica,sesiune-august,Sesiunea august,barem,2026-august-stiinte-naturii-barem.pdf,bac/2026/matematica/sesiune-august/2026-august-stiinte-naturii-barem.pdf,117970,c2abc8876c635aac2f03bc89ad3da60b2d931ca534413cd141c42689cdf6f55e
2026,matematica,Matematica,sesiune-august,Sesiunea august,subiect,2026-august-stiinte-naturii-subiect.pdf,bac/2026/matematica/sesiune-august/2026-august-stiinte-naturii-subiect.pdf,106193,373929f779d66c6862f67751f2173c9ff0efe604697e6c7a6dc8b19f8dea07f9
2026,matematica,Matematica,sesiune-august,Sesiunea august,barem,2026-august-tehnologic-barem.pdf,bac/2026/matematica/sesiune-august/2026-august-tehnologic-barem.pdf,111422,b7b24cca0d0d7f0dda98c6696a3734cfcb25b6022f7545c573b04fca7a0303e4
2026,matematica,Matematica,sesiune-august,Sesiunea august,subiect,2026-august-tehnologic-subiect.pdf,bac/2026/matematica/sesiune-august/2026-august-tehnologic-subiect.pdf,107012,8d724fd3a6d2fe913d605fafcfa92bcd375e63af60e16a99d7892cbf2ac87172
2026,matematica,Matematica,sesiune-iunie,Sesiunea iunie,barem,2026-iunie-mate-info-barem.pdf,bac/2026/matematica/sesiune-iunie/2026-iunie-mate-info-barem.pdf,119726,5c64be892479b7ff09e873a1a012a6e930ddd8fe86ea2cf3a3fc60ad4b15db74
2026,matematica,Matematica,sesiune-iunie,Sesiunea iunie,subiect,2026-iunie-mate-info-subiect.pdf,bac/2026/matematica/sesiune-iunie/2026-iunie-mate-info-subiect.pdf,106932,f5d650f5b34717745eeee097a8b8161a83298304327e8132dd0935907bc558ea
2026,matematica,Matematica,sesiune-iunie,Sesiunea iunie,barem,2026-iunie-pedagogic-barem.pdf,bac/2026/matematica/sesiune-iunie/2026-iunie-pedagogic-barem.pdf,110113,b1b5a6e8f23baeb7eb1f42bc9204758c05951f6cb4d5c435fba35d3706a31b9f
2026,matematica,Matematica,sesiune-iunie,Sesiunea iunie,subiect,2026-iunie-pedagogic-subiect.pdf,bac/2026/matematica/sesiune-iunie/2026-iunie-pedagogic-subiect.pdf,103900,984a0a9a81bcdfb7134794bf5224904305e4f3f30c249b6b2f79733ebfcc7859
2026,matematica,Matematica,sesiune-iunie,Sesiunea iunie,barem,2026-iunie-stiinte-naturii-barem.pdf,bac/2026/matematica/sesiune-iunie/2026-iunie-stiinte-naturii-barem.pdf,113659,f024f8464eb6dff5f67d36411911516ba11e0e258ea317a368cd7020c655f308
2026,matematica,Matematica,sesiune-iunie,Sesiunea iunie,subiect,2026-iunie-stiinte-naturii-subiect.pdf,bac/2026/matematica/sesiune-iunie/2026-iunie-stiinte-naturii-subiect.pdf,108312,57a7d843c56b1e0b92a64556c793ddaed492806d9dae54241c7a55c66e6d7de0
2026,matematica,Matematica,sesiune-iunie,Sesiunea iunie,barem,2026-iunie-tehnologic-barem.pdf,bac/2026/matematica/sesiune-iunie/2026-iunie-tehnologic-barem.pdf,111870,42b2c45438da49370d9854727cc7271d1f64447a25600c4a360e1e7ed5dfb08c
2026,matematica,Matematica,sesiune-iunie,Sesiunea iunie,subiect,2026-iunie-tehnologic-subiect.pdf,bac/2026/matematica/sesiune-iunie/2026-iunie-tehnologic-subiect.pdf,102944,5b84c089d7cebb139fd6bc84b9d174428deadeb881f8011c8a0d22a4c3909bd0
2026,matematica,Matematica,sesiune-speciala,Sesiunea speciala,barem,2026-speciala-mate-info-barem.pdf,bac/2026/matematica/sesiune-speciala/2026-speciala-mate-info-barem.pdf,117821,97076a6a3ffc0939a7ba960bb65df549345d7e5a94346b203a3d7219da987a7d
2026,matematica,Matematica,sesiune-speciala,Sesiunea speciala,subiect,2026-speciala-mate-info-subiect.pdf,bac/2026/matematica/sesiune-speciala/2026-speciala-mate-info-subiect.pdf,107009,936eb74b8a9bb56e16c40ac1c7dd9990a37dc6d33a24885bf88caa44524983e2
2026,matematica,Matematica,sesiune-speciala,Sesiunea speciala,barem,2026-speciala-stiinte-naturii-barem.pdf,bac/2026/matematica/sesiune-speciala/2026-speciala-stiinte-naturii-barem.pdf,119784,1ace7501cf683f559000aefc94f38f4227f4fb9d79acd19b700c7e877b68f827
2026,matematica,Matematica,sesiune-speciala,Sesiunea speciala,subiect,2026-speciala-stiinte-naturii-subiect.pdf,bac/2026/matematica/sesiune-speciala/2026-speciala-stiinte-naturii-subiect.pdf,105344,eefa3e4eb808fcb84a5944f81bd79db71c05d2652fe447d816c73a6ca11d7cf3
2026,matematica,Matematica,sesiune-speciala,Sesiunea speciala,barem,2026-speciala-tehnologic-barem.pdf,bac/2026/matematica/sesiune-speciala/2026-speciala-tehnologic-barem.pdf,111246,ba641aa10bd00d17d98cfbb48f81c78ce2bdd8c839c17fb6fe83cebd82f35c92
2026,matematica,Matematica,sesiune-speciala,Sesiunea speciala,subiect,2026-speciala-tehnologic-subiect.pdf,bac/2026/matematica/sesiune-speciala/2026-speciala-tehnologic-subiect.pdf,106310,7dd39445f1d16d980a59f8868d4a398e740ec818c1f17599f2372350833707e1
2026,matematica,Matematica,simulare,Simulare,barem,2026-simulare-mate-info-barem.pdf,bac/2026/matematica/simulare/2026-simulare-mate-info-barem.pdf,131345,0c90e20cc3df0d40d8674c53f8bcfa4e8259ee3d1fc310081bc8346c478c828c
2026,matematica,Matematica,simulare,Simulare,subiect,2026-simulare-mate-info-subiect.pdf,bac/2026/matematica/simulare/2026-simulare-mate-info-subiect.pdf,115471,2814b1edcf94dfa3bc0a3ca865ddde6de62fc146abeb566ef4a311dc00428ffc
2026,matematica,Matematica,simulare,Simulare,barem,2026-simulare-pedagogic-barem.pdf,bac/2026/matematica/simulare/2026-simulare-pedagogic-barem.pdf,120061,7763f0aec8cf8c0d08613d8c89f3516f20094d11cb41db38495ea5976e06f678
2026,matematica,Matematica,simulare,Simulare,subiect,2026-simulare-pedagogic-subiect.pdf,bac/2026/matematica/simulare/2026-simulare-pedagogic-subiect.pdf,112380,8e78d367f03b0dc9aff4a4af4230f3eb35da56f321962b24d31768fda68d559a
2026,matematica,Matematica,simulare,Simulare,barem,2026-simulare-stiinte-naturii-barem.pdf,bac/2026/matematica/simulare/2026-simulare-stiinte-naturii-barem.pdf,119721,da98b23769cd97cecfea017b36625431d6df6f14db66deba4c7e60b505008443
2026,matematica,Matematica,simulare,Simulare,subiect,2026-simulare-stiinte-naturii-subiect.pdf,bac/2026/matematica/simulare/2026-simulare-stiinte-naturii-subiect.pdf,112991,0e6d59490e323721d63a77970ecf3e9495986388c2731e1a6d213ee3c48758ae
2026,matematica,Matematica,simulare,Simulare,barem,2026-simulare-tehnologic-barem.pdf,bac/2026/matematica/simulare/2026-simulare-tehnologic-barem.pdf,122246,d368d5d3199fd366b704daf20417b79c4ffbb6cab44f805ff41f9e3279297596
2026,matematica,Matematica,simulare,Simulare,subiect,2026-simulare-tehnologic-subiect.pdf,bac/2026/matematica/simulare/2026-simulare-tehnologic-subiect.pdf,112668,0cc02591738e5a0f841df469a46e4e8ba1969cb81c7bbe9bda7c6f3559c94e42
2026,psihologie,Psihologie,model,Model,barem,2026-model-general-barem.pdf,bac/2026/psihologie/model/2026-model-general-barem.pdf,169634,d2c0302ae2500ba175bcb4906ca9542a58d4c0b0d75ec59c4e89c4ea8152f78f
2026,psihologie,Psihologie,model,Model,subiect,2026-model-general-subiect.pdf,bac/2026/psihologie/model/2026-model-general-subiect.pdf,175041,a687ce9530ffee8c55b62100abc5a4fa2d3f818ce1b4227b5b10625d6479e262
2026,psihologie,Psihologie,sesiune-august,Sesiunea august,barem,2026-august-general-barem.pdf,bac/2026/psihologie/sesiune-august/2026-august-general-barem.pdf,149434,a6487e4e17acf319713912003426e9840c35cf22bc1995949d2a5cb983dea857
2026,psihologie,Psihologie,sesiune-august,Sesiunea august,subiect,2026-august-general-subiect.pdf,bac/2026/psihologie/sesiune-august/2026-august-general-subiect.pdf,149358,8742986c4f0fc974d8d0e18322dbe1e392aa19552cadce451bea93b3895ff43f
2026,psihologie,Psihologie,sesiune-iunie,Sesiunea iunie,barem,2026-iunie-general-barem.pdf,bac/2026/psihologie/sesiune-iunie/2026-iunie-general-barem.pdf,83071,5bbaa6f06db94cc0ad0116e255c8d31da7b0b820259f48b090cba766a31aa265
2026,psihologie,Psihologie,sesiune-iunie,Sesiunea iunie,subiect,2026-iunie-general-subiect.pdf,bac/2026/psihologie/sesiune-iunie/2026-iunie-general-subiect.pdf,93417,9fae627166e3eaffda14a5a314d71d956edad69fc2dd0e31166c74835744ef81
2026,psihologie,Psihologie,sesiune-speciala,Sesiunea speciala,barem,2026-speciala-general-barem.pdf,bac/2026/psihologie/sesiune-speciala/2026-speciala-general-barem.pdf,84858,538e2b2c00541fca670a857da7b6361a7716a94ce9c7d3ccea7cbe9eb1ac1f7e
2026,psihologie,Psihologie,sesiune-speciala,Sesiunea speciala,subiect,2026-speciala-general-subiect.pdf,bac/2026/psihologie/sesiune-speciala/2026-speciala-general-subiect.pdf,90563,acb5abb1ff101d0b2d443302fe84afce99aa73fd0106aa98ab7355edce60707e
2026,psihologie,Psihologie,simulare,Simulare,barem,2026-simulare-general-barem.pdf,bac/2026/psihologie/simulare/2026-simulare-general-barem.pdf,173339,b22ba87e47c8cc7fac422ac2afee6bd9a905bd0c6fe1cb0ba5b580f810f55fc9
2026,psihologie,Psihologie,simulare,Simulare,subiect,2026-simulare-general-subiect.pdf,bac/2026/psihologie/simulare/2026-simulare-general-subiect.pdf,166649,e68532ffb9bf9ca164dfd4eb4be9b1062087ed208cb2ede8a97682502b1ccb03
2026,romana,Limba romana,model,Model,barem,2026-model-real-tehnologic-barem.pdf,bac/2026/romana/model/2026-model-real-tehnologic-barem.pdf,185158,c02fca898e3fce1518d39d76b7120eb551e753ab1dc00756c695ca62bbc7dfcd
2026,romana,Limba romana,model,Model,subiect,2026-model-real-tehnologic-subiect.pdf,bac/2026/romana/model/2026-model-real-tehnologic-subiect.pdf,190394,b07d297a0d9a454122a697145e71910aadef4f6b0ffbccb9919353f6a348cf42
2026,romana,Limba romana,model,Model,barem,2026-model-uman-pedagogic-barem.pdf,bac/2026/romana/model/2026-model-uman-pedagogic-barem.pdf,182384,54806bb3dd93168506e78cdc262b05f78c23800c72264a367245da2354981953
2026,romana,Limba romana,model,Model,subiect,2026-model-uman-pedagogic-subiect.pdf,bac/2026/romana/model/2026-model-uman-pedagogic-subiect.pdf,191837,65d867df7de8dbf03847ef29041ad4cf70cd888350ed9105fa8eb24b7e54b2f9
2026,romana,Limba romana,rezerva-august,Rezerva august,barem,2026-august-rezerva-real-tehnologic-barem.pdf,bac/2026/romana/rezerva-august/2026-august-rezerva-real-tehnologic-barem.pdf,184733,74c71f30bb1ee6ce14badfbe293a323474a3203214092f263781bfab326cb888
2026,romana,Limba romana,rezerva-august,Rezerva august,subiect,2026-august-rezerva-real-tehnologic-subiect.pdf,bac/2026/romana/rezerva-august/2026-august-rezerva-real-tehnologic-subiect.pdf,207957,8d9bcd45b008b65d522cd0a7dd3c4deec402720c6ae855036efa3671170e7205
2026,romana,Limba romana,rezerva-iunie,Rezerva iunie,barem,2026-iunie-rezerva-real-tehnologic-barem.pdf,bac/2026/romana/rezerva-iunie/2026-iunie-rezerva-real-tehnologic-barem.pdf,184032,66a517ba9a995aa838434533ec0a615df66d4df22b562777eb9605b14bd036d5
2026,romana,Limba romana,rezerva-iunie,Rezerva iunie,subiect,2026-iunie-rezerva-real-tehnologic-subiect.pdf,bac/2026/romana/rezerva-iunie/2026-iunie-rezerva-real-tehnologic-subiect.pdf,185084,e850ba3780ff8f0f4e173a5627b56775abda9f217d4b147392c68e4690ff5e74
2026,romana,Limba romana,sesiune-august,Sesiunea august,barem,2026-august-real-tehnologic-barem.pdf,bac/2026/romana/sesiune-august/2026-august-real-tehnologic-barem.pdf,186582,19445f43135b2c80ca5335d959a7aa7595e49f204720da7b13db30938f936c86
2026,romana,Limba romana,sesiune-august,Sesiunea august,subiect,2026-august-real-tehnologic-subiect.pdf,bac/2026/romana/sesiune-august/2026-august-real-tehnologic-subiect.pdf,192488,df4d6030ce4dac61045ef126a3aef64c2e53d9241f369adcbc7a6d1850715336
2026,romana,Limba romana,sesiune-august,Sesiunea august,barem,2026-august-uman-pedagogic-barem.pdf,bac/2026/romana/sesiune-august/2026-august-uman-pedagogic-barem.pdf,184025,57794293331b28e580829ed2886e5f933849cc59e44968d02f905a1a014a4dfd
2026,romana,Limba romana,sesiune-august,Sesiunea august,subiect,2026-august-uman-pedagogic-subiect.pdf,bac/2026/romana/sesiune-august/2026-august-uman-pedagogic-subiect.pdf,212663,8f0412f7975fb905c0651a2ddd4bd97fdd5c322d99ade1a0b17317ecd94657d5
2026,romana,Limba romana,sesiune-iunie,Sesiunea iunie,barem,2026-iunie-real-tehnologic-barem.pdf,bac/2026/romana/sesiune-iunie/2026-iunie-real-tehnologic-barem.pdf,184673,49ed740ec14192bcbaee18e6e3ccb82b70a1ec7d3a9f317200975b757f6cf536
2026,romana,Limba romana,sesiune-iunie,Sesiunea iunie,subiect,2026-iunie-real-tehnologic-subiect.pdf,bac/2026/romana/sesiune-iunie/2026-iunie-real-tehnologic-subiect.pdf,206107,a93741047827f344c6de4b75ec14aede2be24057dc982a160e3e3477db562608
2026,romana,Limba romana,sesiune-iunie,Sesiunea iunie,barem,2026-iunie-uman-pedagogic-barem.pdf,bac/2026/romana/sesiune-iunie/2026-iunie-uman-pedagogic-barem.pdf,182778,112c33ff84ce7c4bf92e66d48faa7efa4fc6d9c39e1bdd3312d378510ef382b4
2026,romana,Limba romana,sesiune-iunie,Sesiunea iunie,subiect,2026-iunie-uman-pedagogic-subiect.pdf,bac/2026/romana/sesiune-iunie/2026-iunie-uman-pedagogic-subiect.pdf,205178,22f2af47cb8b6400181ef6484c829198e0d5ab4e20a8ed37b871c3074733976d
2026,romana,Limba romana,sesiune-speciala,Sesiunea speciala,barem,2026-speciala-real-tehnologic-barem.pdf,bac/2026/romana/sesiune-speciala/2026-speciala-real-tehnologic-barem.pdf,185185,52464fd4eef84db1bf6cf4faf058930fb0218952bfe0f47a7beaa443a40b1b42
2026,romana,Limba romana,sesiune-speciala,Sesiunea speciala,subiect,2026-speciala-real-tehnologic-subiect.pdf,bac/2026/romana/sesiune-speciala/2026-speciala-real-tehnologic-subiect.pdf,186621,fd0b438eaddb5336c66df25ea7c692f762bd37266447ecdb10e407b98012b224
2026,romana,Limba romana,sesiune-speciala,Sesiunea speciala,barem,2026-speciala-uman-pedagogic-barem.pdf,bac/2026/romana/sesiune-speciala/2026-speciala-uman-pedagogic-barem.pdf,182137,7f2aabee6f7015ca8829586e3ed4d06082e03f1939ee85e5b416cc1d43694476
2026,romana,Limba romana,sesiune-speciala,Sesiunea speciala,subiect,2026-speciala-uman-pedagogic-subiect.pdf,bac/2026/romana/sesiune-speciala/2026-speciala-uman-pedagogic-subiect.pdf,204803,acc485e2a177fd178a7be8142aa292316937b8c4375528449978f1ed0f2d25e6
2026,romana,Limba romana,simulare,Simulare,barem,2026-simulare-real-tehnologic-barem.pdf,bac/2026/romana/simulare/2026-simulare-real-tehnologic-barem.pdf,183280,ef25f5b13b7e3ae777ffd21d5fdbf018eb2f569a066590f30ae52b7623d2c36c
2026,romana,Limba romana,simulare,Simulare,subiect,2026-simulare-real-tehnologic-subiect.pdf,bac/2026/romana/simulare/2026-simulare-real-tehnologic-subiect.pdf,209119,6b3b7e7478234a8ba4a933839e2f9181bc0dcb325b17721e9e15bc1db283ce9a
2026,romana,Limba romana,simulare,Simulare,barem,2026-simulare-uman-pedagogic-barem.pdf,bac/2026/romana/simulare/2026-simulare-uman-pedagogic-barem.pdf,181537,0839bf5698360d90d72f436863f0e79d334177157a0ad76a1779ef52f385da7b
2026,romana,Limba romana,simulare,Simulare,subiect,2026-simulare-uman-pedagogic-subiect.pdf,bac/2026/romana/simulare/2026-simulare-uman-pedagogic-subiect.pdf,208303,4697aad1cd6b5ec271ebe66b022e258ae223925655e5dc3caf8365cf7a070173
2026,sociologie,Sociologie,model,Model,barem,2026-model-general-barem.pdf,bac/2026/sociologie/model/2026-model-general-barem.pdf,108100,517a4f37290499b77360dc7dbc3b990f2b903a7cbdcccf2f7ca4475847e27f37
2026,sociologie,Sociologie,model,Model,subiect,2026-model-general-subiect.pdf,bac/2026/sociologie/model/2026-model-general-subiect.pdf,148031,092259a57d71582561ab1fc6e8d986c8272c4ff5192dc992b3a4714189e34912
2026,sociologie,Sociologie,sesiune-august,Sesiunea august,barem,2026-august-general-barem.pdf,bac/2026/sociologie/sesiune-august/2026-august-general-barem.pdf,96534,ac6135cf5e97790b33aa86283003555119ad23f156a1e400bb737cf214b87d10
2026,sociologie,Sociologie,sesiune-august,Sesiunea august,subiect,2026-august-general-subiect.pdf,bac/2026/sociologie/sesiune-august/2026-august-general-subiect.pdf,135682,f0e9efc7481c4d85075f93bb1de0567e2bbe80afa64eaf8bfbec425bee1f6a60
2026,sociologie,Sociologie,sesiune-iunie,Sesiunea iunie,barem,2026-iunie-general-barem.pdf,bac/2026/sociologie/sesiune-iunie/2026-iunie-general-barem.pdf,52172,bd165e9d083f776935167f339f16cae7db3162ea2f5a3def279ca2bce233bfc7
2026,sociologie,Sociologie,sesiune-iunie,Sesiunea iunie,subiect,2026-iunie-general-subiect.pdf,bac/2026/sociologie/sesiune-iunie/2026-iunie-general-subiect.pdf,78082,6b9364b998f0853b15cac9e20298605baa49395947e5f23bf265dd964389555c
2026,sociologie,Sociologie,sesiune-speciala,Sesiunea speciala,barem,2026-speciala-general-barem.pdf,bac/2026/sociologie/sesiune-speciala/2026-speciala-general-barem.pdf,52207,44b74f9eefb88f2fc5a0c1186f978d82aa2a1477cd3913d028a926424670c02d
2026,sociologie,Sociologie,sesiune-speciala,Sesiunea speciala,subiect,2026-speciala-general-subiect.pdf,bac/2026/sociologie/sesiune-speciala/2026-speciala-general-subiect.pdf,73658,e0fd41266e818144f4e72fd73bb956fc6ba8c0ace31f8f63d5b7b4def06c436d
2026,sociologie,Sociologie,simulare,Simulare,barem,2026-simulare-general-barem.pdf,bac/2026/sociologie/simulare/2026-simulare-general-barem.pdf,108175,6265f497f066d1c1b99a124c1e1c59c1a71600a25e087d6ad072bb1dc0a72f56
2026,sociologie,Sociologie,simulare,Simulare,subiect,2026-simulare-general-subiect.pdf,bac/2026/sociologie/simulare/2026-simulare-general-subiect.pdf,148793,339e4845d70cf944dd50e07962128ae824955f46dca36eb38d89313d0177d9d9
