an,materie,materie_label,sesiune,sesiune_label,tip,fisier,cale,marime_bytes,sha256
2012,filosofie,Filosofie,sesiune-iunie-iulie,Sesiunea iunie-iulie,barem,2012-iunie-iulie-barem.pdf,bac/2012/filosofie/sesiune-iunie-iulie/2012-iunie-iulie-barem.pdf,90249,8a9c9e48161546703234e7f994511712dd8513389a2edb8fbf324598f283b33c
2012,filosofie,Filosofie,sesiune-iunie-iulie,Sesiunea iunie-iulie,subiect,2012-iunie-iulie-subiect.pdf,bac/2012/filosofie/sesiune-iunie-iulie/2012-iunie-iulie-subiect.pdf,84193,e816f186ece6e4c1a959b75aad2a13446495dbfb8c290ea2367aecd74d35d1e7
2012,istorie,Istorie,sesiune-iunie-iulie,Sesiunea iunie-iulie,barem,2012-iunie-iulie-barem.pdf,bac/2012/istorie/sesiune-iunie-iulie/2012-iunie-iulie-barem.pdf,93396,1b089e7981acf626c540bf4e7222c581552c8ff83e125eb07ad23dc166db01e6
2012,istorie,Istorie,sesiune-iunie-iulie,Sesiunea iunie-iulie,subiect,2012-iunie-iulie-subiect.pdf,bac/2012/istorie/sesiune-iunie-iulie/2012-iunie-iulie-subiect.pdf,123599,7bf8c5840a9159c2fde22d9e1a296c12fef2fbd987fd4f5b8e905802dc36d218
2012,logica,Logica,sesiune-iunie-iulie,Sesiunea iunie-iulie,barem,2012-iunie-iulie-barem.pdf,bac/2012/logica/sesiune-iunie-iulie/2012-iunie-iulie-barem.pdf,92499,ee4e50350b36533bbc1472db3676c3b17a6f6f4f0c06d196859cb6cf92042f0a
2012,logica,Logica,sesiune-iunie-iulie,Sesiunea iunie-iulie,subiect,2012-iunie-iulie-subiect.pdf,bac/2012/logica/sesiune-iunie-iulie/2012-iunie-iulie-subiect.pdf,92389,3252be9309b10c79096fa3f980e5a597b75656498999ef384f4f13ed0b9c283a
2013,filosofie,Filosofie,sesiune-iunie-iulie,Sesiunea iunie-iulie,barem,2013-iunie-iulie-barem.pdf,bac/2013/filosofie/sesiune-iunie-iulie/2013-iunie-iulie-barem.pdf,33109,d192767caa56b1fff7e166c7811adbf0a95629506560cbf478738a65732a9f24
2013,filosofie,Filosofie,sesiune-iunie-iulie,Sesiunea iunie-iulie,subiect,2013-iunie-iulie-subiect.pdf,bac/2013/filosofie/sesiune-iunie-iulie/2013-iunie-iulie-subiect.pdf,42404,b1b568b76063b39b88fa9323fbc165e808fb93f4ecb75532d23475b85e9d3614
2013,istorie,Istorie,sesiune-iunie-iulie,Sesiunea iunie-iulie,barem,2013-iunie-iulie-barem.pdf,bac/2013/istorie/sesiune-iunie-iulie/2013-iunie-iulie-barem.pdf,36846,0ca6475f4b061fc6afcf277df920b5e9f9c8f4e7f879ff5aca6a576b1cfeba53
2013,istorie,Istorie,sesiune-iunie-iulie,Sesiunea iunie-iulie,subiect,2013-iunie-iulie-subiect.pdf,bac/2013/istorie/sesiune-iunie-iulie/2013-iunie-iulie-subiect.pdf,44780,6a7efea933384cc3fdb14e3407213a7357738bc37cb4d1fd9bbc79039ee90c4f
2013,istorie,Istorie,sesiune-speciala,Sesiunea speciala,barem,2013-speciala-barem.pdf,bac/2013/istorie/sesiune-speciala/2013-speciala-barem.pdf,94812,572fa71c290a00af7104225ba57c1f0b932651ed7aed0266207f6e53191aa389
2013,istorie,Istorie,sesiune-speciala,Sesiunea speciala,subiect,2013-speciala-subiect.pdf,bac/2013/istorie/sesiune-speciala/2013-speciala-subiect.pdf,137997,d066c354d105cd32e7ac71544747fe72645c890297ee23d2b7d43dc073c5e599
2013,logica,Logica,sesiune-iunie-iulie,Sesiunea iunie-iulie,barem,2013-iunie-iulie-barem.pdf,bac/2013/logica/sesiune-iunie-iulie/2013-iunie-iulie-barem.pdf,34145,8fe114997305fcf8a9b76840f2869a95d0b3e6aed42d3179d1fe979374f98b9a
2013,logica,Logica,sesiune-iunie-iulie,Sesiunea iunie-iulie,subiect,2013-iunie-iulie-subiect.pdf,bac/2013/logica/sesiune-iunie-iulie/2013-iunie-iulie-subiect.pdf,35892,ddb65b128c0490f2d03e2f4e8b3f209f287bedf86ffa7b6fe237e3fef71ebdc9
2013,logica,Logica,sesiune-speciala,Sesiunea speciala,barem,2013-speciala-barem.pdf,bac/2013/logica/sesiune-speciala/2013-speciala-barem.pdf,73314,b7a050e83e4b88ea5930c579ce3557555d05735f6626f2af64e3bd8f6183344d
2013,logica,Logica,sesiune-speciala,Sesiunea speciala,subiect,2013-speciala-subiect.pdf,bac/2013/logica/sesiune-speciala/2013-speciala-subiect.pdf,88612,bac887cf96cdd79020c90a6487d8772b4dd6b260e0c516a9f48f657d47b08a88
2014,filosofie,Filosofie,sesiune-iunie-iulie,Sesiunea iunie-iulie,barem,2014-iunie-iulie-barem.pdf,bac/2014/filosofie/sesiune-iunie-iulie/2014-iunie-iulie-barem.pdf,46985,003bc5793002ece3ef9acf93bb3c63fff3947ddeb01e0d29908a93c23afeecb0
2014,filosofie,Filosofie,sesiune-iunie-iulie,Sesiunea iunie-iulie,subiect,2014-iunie-iulie-subiect.pdf,bac/2014/filosofie/sesiune-iunie-iulie/2014-iunie-iulie-subiect.pdf,53706,08fea642bb6fae7882e2d8c5069231048ed564723c9aa81bd28e5d2ca73f5965
2014,filosofie,Filosofie,simulare,Simulare,barem,2014-simulare-barem.pdf,bac/2014/filosofie/simulare/2014-simulare-barem.pdf,31368,416d045b12ac059a8512bf6b1e21b412b6556b89b144a2448a5ab4e381482d8f
2014,filosofie,Filosofie,simulare,Simulare,subiect,2014-simulare-subiect.pdf,bac/2014/filosofie/simulare/2014-simulare-subiect.pdf,41351,78f2f66c71fc7356af94feb8d881274a431f87925595b023e64dd0f535c6a8cd
2014,istorie,Istorie,sesiune-iunie-iulie,Sesiunea iunie-iulie,barem,2014-iunie-iulie-barem.pdf,bac/2014/istorie/sesiune-iunie-iulie/2014-iunie-iulie-barem.pdf,45789,c6a4ade4f1ddcc4a54e9cb929f46f8d165b09a8c96ad8a6f7459037aa76ca8f5
2014,istorie,Istorie,sesiune-iunie-iulie,Sesiunea iunie-iulie,subiect,2014-iunie-iulie-subiect.pdf,bac/2014/istorie/sesiune-iunie-iulie/2014-iunie-iulie-subiect.pdf,58112,9bf9e8574ecdb9c892b409b62369721809ce5f03e71a56d5b6dc5af1af459255
2014,istorie,Istorie,simulare,Simulare,barem,2014-simulare-barem.pdf,bac/2014/istorie/simulare/2014-simulare-barem.pdf,36485,cad96f908fdd924566eefbc9934ffaa480cb75fb61c1bfe041ea1bf9909664c5
2014,istorie,Istorie,simulare,Simulare,subiect,2014-simulare-subiect.pdf,bac/2014/istorie/simulare/2014-simulare-subiect.pdf,50025,2de7817bf43c42ddf69336adb8e6444b8888d520ac414f44fa4556b295b77e0d
2014,logica,Logica,sesiune-iunie-iulie,Sesiunea iunie-iulie,barem,2014-iunie-iulie-barem.pdf,bac/2014/logica/sesiune-iunie-iulie/2014-iunie-iulie-barem.pdf,40040,06e57f2165db2c5f163a053267d143f8dfaf12c146adbaa223f30c77c62926b3
2014,logica,Logica,sesiune-iunie-iulie,Sesiunea iunie-iulie,subiect,2014-iunie-iulie-subiect.pdf,bac/2014/logica/sesiune-iunie-iulie/2014-iunie-iulie-subiect.pdf,37979,f594125aaec45bb0f702df8e1e8bd0757f2f8de977c28186900d52b156d893ae
2014,logica,Logica,simulare,Simulare,barem,2014-simulare-barem.pdf,bac/2014/logica/simulare/2014-simulare-barem.pdf,38555,98ce61e93c293aca1209c632bdc0e2a5732db5005d9d4dd7a71eebdcc7c2f589
2014,logica,Logica,simulare,Simulare,subiect,2014-simulare-subiect.pdf,bac/2014/logica/simulare/2014-simulare-subiect.pdf,35561,f21c16f34ea5ca050cf175ee88d783e270b2104558e53c6fa790d18a3d023599
2015,filosofie,Filosofie,sesiune-iunie-iulie,Sesiunea iunie-iulie,barem,2015-iunie-iulie-barem.pdf,bac/2015/filosofie/sesiune-iunie-iulie/2015-iunie-iulie-barem.pdf,30562,d71c7012fdac489e9b797e7e37651ac5671f13b9c5ba211acfd2bac465773818
2015,filosofie,Filosofie,sesiune-iunie-iulie,Sesiunea iunie-iulie,subiect,2015-iunie-iulie-subiect.pdf,bac/2015/filosofie/sesiune-iunie-iulie/2015-iunie-iulie-subiect.pdf,44872,0c43cb2129dcd82221a95b59d123b1cc3380ed0c68f0770911a84783961b05b7
2015,filosofie,Filosofie,simulare,Simulare,barem,2015-simulare-barem.pdf,bac/2015/filosofie/simulare/2015-simulare-barem.pdf,31921,e984cd4525457389bec709f7056e7517f907e1714f6fd9c0a36ecf52ca1e748b
2015,filosofie,Filosofie,simulare,Simulare,subiect,2015-simulare-subiect.pdf,bac/2015/filosofie/simulare/2015-simulare-subiect.pdf,46477,83236af21fa17d7e116e127e7a6d3c0c4562b86f42a3aab4fcdd1dddd76e1a19
2015,istorie,Istorie,sesiune-iunie-iulie,Sesiunea iunie-iulie,barem,2015-iunie-iulie-barem.pdf,bac/2015/istorie/sesiune-iunie-iulie/2015-iunie-iulie-barem.pdf,46107,ddeeb76c074cb23b44debe500777e1d3b2b311bc41e00bfe43453c3d7b55e83b
2015,istorie,Istorie,sesiune-iunie-iulie,Sesiunea iunie-iulie,subiect,2015-iunie-iulie-subiect.pdf,bac/2015/istorie/sesiune-iunie-iulie/2015-iunie-iulie-subiect.pdf,59578,ed1c126117cc21fa65ecf62f896a407ed2ef1694d60d3c9e2c68d11982f0e5a6
2015,istorie,Istorie,simulare,Simulare,barem,2015-simulare-barem.pdf,bac/2015/istorie/simulare/2015-simulare-barem.pdf,51023,0f4a3d9196bc266e223ef3d265c3d43132fe3b423b772b2afeffbeaed5705eab
2015,istorie,Istorie,simulare,Simulare,subiect,2015-simulare-subiect.pdf,bac/2015/istorie/simulare/2015-simulare-subiect.pdf,49714,0f5a159a34562b7b9976263993438a7d020e1a97a72b5967daf1211bdd4bebf4
2015,logica,Logica,sesiune-iunie-iulie,Sesiunea iunie-iulie,barem,2015-iunie-iulie-barem.pdf,bac/2015/logica/sesiune-iunie-iulie/2015-iunie-iulie-barem.pdf,35573,72a537dfa9413ea4b4c918ccd75b5caa28b71bc405fa0acad4535f211d1c894c
2015,logica,Logica,sesiune-iunie-iulie,Sesiunea iunie-iulie,subiect,2015-iunie-iulie-subiect.pdf,bac/2015/logica/sesiune-iunie-iulie/2015-iunie-iulie-subiect.pdf,40975,cb28af5deafe795395c9bd27f9c7eec3ec90c496732a6a9315576df65d87890f
2015,logica,Logica,simulare,Simulare,barem,2015-simulare-barem.pdf,bac/2015/logica/simulare/2015-simulare-barem.pdf,35601,7c3c74cb7e8bc742dde9d704d4a949d51bcde6d9287c5242c15fb0eb03c83f18
2015,logica,Logica,simulare,Simulare,subiect,2015-simulare-subiect.pdf,bac/2015/logica/simulare/2015-simulare-subiect.pdf,40001,336e81bcf54151b7e1cc36b2ca7a0a2d2dd73b712792d8534ff96b8b932ecc89
2016,filosofie,Filosofie,simulare,Simulare,barem,2016-simulare-barem.pdf,bac/2016/filosofie/simulare/2016-simulare-barem.pdf,31529,e785a5ee08dd419e577bb56208449af8db51eeb1a7e11b7afcc324778e113bcf
2016,filosofie,Filosofie,simulare,Simulare,subiect,2016-simulare-subiect.pdf,bac/2016/filosofie/simulare/2016-simulare-subiect.pdf,46084,a706aaada4ca3f3ecf8e0dafeda5a416be827e35e082abc2be050c6946cf2b02
2016,istorie,Istorie,sesiune-speciala,Sesiunea speciala,barem,2016-speciala-barem.pdf,bac/2016/istorie/sesiune-speciala/2016-speciala-barem.pdf,51719,ee33b7c05e18f3aea52fe1f4eefbe8e225cabbafcace5e347865edb044e21f5c
2016,istorie,Istorie,sesiune-speciala,Sesiunea speciala,subiect,2016-speciala-subiect.pdf,bac/2016/istorie/sesiune-speciala/2016-speciala-subiect.pdf,58523,d2f540743b2f5e2d9d8296c0557c7fddf9ca2bced3cb4931f356ab78cb9e746d
2016,istorie,Istorie,simulare,Simulare,barem,2016-simulare-barem.pdf,bac/2016/istorie/simulare/2016-simulare-barem.pdf,51294,eb78f66c51f03c50a969974946aedfe416240e761dc501ccd6a8d058b66dea89
2016,istorie,Istorie,simulare,Simulare,subiect,2016-simulare-subiect.pdf,bac/2016/istorie/simulare/2016-simulare-subiect.pdf,50903,b952c865518f728caba39c682634f62f979e65319f058a2dc79095584727e9c8
2016,logica,Logica,sesiune-speciala,Sesiunea speciala,barem,2016-speciala-barem.pdf,bac/2016/logica/sesiune-speciala/2016-speciala-barem.pdf,35701,eef8d14c668f0da989c97a6e37dde5fcb44bdd4e97cfc4a9b95f819388343e66
2016,logica,Logica,sesiune-speciala,Sesiunea speciala,subiect,2016-speciala-subiect.pdf,bac/2016/logica/sesiune-speciala/2016-speciala-subiect.pdf,40565,22ae33ecb8632a018c8c3e0ca432e95f4759130e5ac255e695b4c2883cf1aa81
2016,logica,Logica,simulare,Simulare,barem,2016-simulare-barem.pdf,bac/2016/logica/simulare/2016-simulare-barem.pdf,35690,e4144a126a2018abea09902df99197b5c65c0eea80b4e1a3bd82873adb1c1860
2016,logica,Logica,simulare,Simulare,subiect,2016-simulare-subiect.pdf,bac/2016/logica/simulare/2016-simulare-subiect.pdf,40238,a09a0e21388de9ac90fa78e70aac2fd239cc728eb054510f0fe0d70404bc3413
2017,filosofie,Filosofie,simulare,Simulare,barem,2017-simulare-barem.pdf,bac/2017/filosofie/simulare/2017-simulare-barem.pdf,30882,52cf768b1c57dfa438a21a933c7daec4dc866a0a1913410f7f19f701fd7aee08
2017,filosofie,Filosofie,simulare,Simulare,subiect,2017-simulare-subiect.pdf,bac/2017/filosofie/simulare/2017-simulare-subiect.pdf,51469,0c33e216b493f1359e758acbb12ea1284ae1e037726794aa766b2b6eb14e3694
2017,istorie,Istorie,simulare,Simulare,barem,2017-simulare-barem.pdf,bac/2017/istorie/simulare/2017-simulare-barem.pdf,45690,04afba67622fb4e4e9b246b3c5f8a1219e14015cfe68b89f8d4d0e96dc77a1ec
2017,istorie,Istorie,simulare,Simulare,subiect,2017-simulare-subiect.pdf,bac/2017/istorie/simulare/2017-simulare-subiect.pdf,58924,d98753bfb9c8cf4d377abc609a84c2659f7e5f9e027cce11288f87c42b35dc40
2017,logica,Logica,simulare,Simulare,barem,2017-simulare-barem.pdf,bac/2017/logica/simulare/2017-simulare-barem.pdf,42033,98e353551b01dbafc60fd4d1b548ce407b21db7d963ecb230c3be70847a1b0e9
2017,logica,Logica,simulare,Simulare,subiect,2017-simulare-subiect.pdf,bac/2017/logica/simulare/2017-simulare-subiect.pdf,43788,df494d3ee15a3ea1b85043d2c003074c49ce88712dbc0fd70b986f10c7ff7a17
2018,filosofie,Filosofie,simulare,Simulare,barem,2018-simulare-barem.pdf,bac/2018/filosofie/simulare/2018-simulare-barem.pdf,50545,379e89bc37e4f19b7b7c68267ef1c51d3d1f842fade326ef558843c9c3ff4c45
2018,filosofie,Filosofie,simulare,Simulare,subiect,2018-simulare-subiect.pdf,bac/2018/filosofie/simulare/2018-simulare-subiect.pdf,116522,f7dbe03e9bc0fd885a57fce38b7db69bd71f3963132751260c76d970d3c95fba
2018,istorie,Istorie,simulare,Simulare,barem,2018-simulare-barem.pdf,bac/2018/istorie/simulare/2018-simulare-barem.pdf,50807,70f2ab36b87c46238720b1ccdbbe194160478cb6527cc22e3332aa9e5c937f76
2018,istorie,Istorie,simulare,Simulare,subiect,2018-simulare-subiect.pdf,bac/2018/istorie/simulare/2018-simulare-subiect.pdf,58234,00b108109cc0adb5c2fdcb911b9da8ccc8a6a3efd0c5b259de7463b95e52af19
2018,logica,Logica,simulare,Simulare,barem,2018-simulare-barem.pdf,bac/2018/logica/simulare/2018-simulare-barem.pdf,93921,1175976259b32dcc74deea6d97f75e9ba573dd186fe1526de82e2ea12f5f136a
2018,logica,Logica,simulare,Simulare,subiect,2018-simulare-subiect.pdf,bac/2018/logica/simulare/2018-simulare-subiect.pdf,133198,073272791ee6b68979b47f2baaf854667a7d7bcb97b0293aca41b7931dbc9e83
2019,filosofie,Filosofie,sesiune-august,Sesiunea august,barem,2019-august-barem.pdf,bac/2019/filosofie/sesiune-august/2019-august-barem.pdf,49098,4cf85fa30832aaf64056abe7181afa82868dd3f94063f2fbbc585b3dbdee5332
2019,filosofie,Filosofie,sesiune-august,Sesiunea august,subiect,2019-august-subiect.pdf,bac/2019/filosofie/sesiune-august/2019-august-subiect.pdf,123627,c841161d20ac2c6b7d006c81dedbc89b93cf8fb2064c12e663db82973eefafca
2019,filosofie,Filosofie,sesiune-iunie-iulie,Sesiunea iunie-iulie,barem,2019-iunie-iulie-barem.pdf,bac/2019/filosofie/sesiune-iunie-iulie/2019-iunie-iulie-barem.pdf,48517,11fad6c1f84923da616f52e990ec87b95366e56a630b91c80c96bc8898005601
2019,filosofie,Filosofie,sesiune-iunie-iulie,Sesiunea iunie-iulie,subiect,2019-iunie-iulie-subiect.pdf,bac/2019/filosofie/sesiune-iunie-iulie/2019-iunie-iulie-subiect.pdf,113637,2ee06d79e8b2dae9cd1fce6ae8fb860e61aa6b4a3f65c670c9d6b78babe595fe
2019,filosofie,Filosofie,simulare,Simulare,barem,2019-simulare-barem.pdf,bac/2019/filosofie/simulare/2019-simulare-barem.pdf,46770,e263652d2b3ee0f466b4f1a95609b3988d95e7c8e04415d099bab141b5d68d13
2019,filosofie,Filosofie,simulare,Simulare,subiect,2019-simulare-subiect.pdf,bac/2019/filosofie/simulare/2019-simulare-subiect.pdf,144751,7c761b02087fba936d11711523a34d556b7820650c4342e9f401a1d3a504dfdc
2019,istorie,Istorie,sesiune-august,Sesiunea august,barem,2019-august-barem.pdf,bac/2019/istorie/sesiune-august/2019-august-barem.pdf,153634,f84fc838306e6a34f2db57553e52ade586c344cdb177dafd58b06218738fdf4b
2019,istorie,Istorie,sesiune-august,Sesiunea august,subiect,2019-august-subiect.pdf,bac/2019/istorie/sesiune-august/2019-august-subiect.pdf,142735,7e6f8069c84db4eb6cb147ab51d050dbf783e3214ce693d7eb65253da92349f4
2019,istorie,Istorie,sesiune-iunie-iulie,Sesiunea iunie-iulie,barem,2019-iunie-iulie-barem.pdf,bac/2019/istorie/sesiune-iunie-iulie/2019-iunie-iulie-barem.pdf,153405,845f0c05cd0b6a5125d957c94cf601375d5ef62784c9b734166983346a9c3a9a
2019,istorie,Istorie,sesiune-iunie-iulie,Sesiunea iunie-iulie,subiect,2019-iunie-iulie-subiect.pdf,bac/2019/istorie/sesiune-iunie-iulie/2019-iunie-iulie-subiect.pdf,149167,fdb603a4e20220c5a3ae10071fba59b04c5288cc9837785210c148fe64cffac4
2019,istorie,Istorie,sesiune-speciala,Sesiunea speciala,barem,2019-speciala-barem.pdf,bac/2019/istorie/sesiune-speciala/2019-speciala-barem.pdf,147366,b22075627de682be1ddaeffbe92b0e689c1719ebf050ea194f9a1e19ae2402fd
2019,istorie,Istorie,sesiune-speciala,Sesiunea speciala,subiect,2019-speciala-subiect.pdf,bac/2019/istorie/sesiune-speciala/2019-speciala-subiect.pdf,97881,98e7b943c53305d6e023c9f7e10447c5810ab1fc4d8dcd84e1c92c5d38e4f34f
2019,istorie,Istorie,simulare,Simulare,barem,2019-simulare-barem.pdf,bac/2019/istorie/simulare/2019-simulare-barem.pdf,147541,c3a8a78070dc9b4db9082a57688995b959c2ddb82efbb053fd91388d504db70f
2019,istorie,Istorie,simulare,Simulare,subiect,2019-simulare-subiect.pdf,bac/2019/istorie/simulare/2019-simulare-subiect.pdf,143572,2a29bc986935a1ecf50365a3d68768f61025851f1abc137c3fc3c6b6b065479e
2019,logica,Logica,rezerva-iunie-iulie,Rezerva iunie-iulie,barem,2019-iunie-iulie-rezerva-barem.pdf,bac/2019/logica/rezerva-iunie-iulie/2019-iunie-iulie-rezerva-barem.pdf,90183,14a9c827a202154df0ba0617d90a8deb7ebf72ff4962b2991ba0f0936a13eb6a
2019,logica,Logica,rezerva-iunie-iulie,Rezerva iunie-iulie,subiect,2019-iunie-iulie-rezerva-subiect.pdf,bac/2019/logica/rezerva-iunie-iulie/2019-iunie-iulie-rezerva-subiect.pdf,131121,6f13eb21897ec6a67b5f067f30982dfa57e80bfffad27be25c10c3dc840788d4
2019,logica,Logica,sesiune-august,Sesiunea august,barem,2019-august-barem.pdf,bac/2019/logica/sesiune-august/2019-august-barem.pdf,85036,854b9ba991e58968ee54c02af1241018fcc79664cbfabb1d9f663b53571d4bb6
2019,logica,Logica,sesiune-august,Sesiunea august,subiect,2019-august-subiect.pdf,bac/2019/logica/sesiune-august/2019-august-subiect.pdf,134849,c33d8d9a5a1af8e4dfcc4065b90bfedb47b199053df92c575be11a0da56b7621
2019,logica,Logica,sesiune-iunie-iulie,Sesiunea iunie-iulie,barem,2019-iunie-iulie-barem.pdf,bac/2019/logica/sesiune-iunie-iulie/2019-iunie-iulie-barem.pdf,85691,69f23051f8a7869d8745a9f6e7d3137dc4720231ce07e7fb8cc63ae855db3ed6
2019,logica,Logica,sesiune-iunie-iulie,Sesiunea iunie-iulie,subiect,2019-iunie-iulie-subiect.pdf,bac/2019/logica/sesiune-iunie-iulie/2019-iunie-iulie-subiect.pdf,132658,2d39395ea8f97104caf20f460d507ab92333a4aa1c31e4abf126e460ff10c413
2019,logica,Logica,sesiune-speciala,Sesiunea speciala,barem,2019-speciala-barem.pdf,bac/2019/logica/sesiune-speciala/2019-speciala-barem.pdf,84997,267bdbe5db6b31c3cf0a6348f130e5aa60f4057872855d87e95307a354b1e1b9
2019,logica,Logica,sesiune-speciala,Sesiunea speciala,subiect,2019-speciala-subiect.pdf,bac/2019/logica/sesiune-speciala/2019-speciala-subiect.pdf,135573,595864594a023b83a2d6e4517ce2fb17630c0ddec39e90578d96677480d09d82
2019,logica,Logica,simulare,Simulare,barem,2019-simulare-barem.pdf,bac/2019/logica/simulare/2019-simulare-barem.pdf,85058,17fa9a688e7cde58130557f5b392d4367ddb158babf687c5a155cc7b5ba191b1
2019,logica,Logica,simulare,Simulare,subiect,2019-simulare-subiect.pdf,bac/2019/logica/simulare/2019-simulare-subiect.pdf,138671,e6fb6f146a81c1fd8bfe7cdbb077bae494ef61a307a62fac769b0881ba2e43bf
2020,filosofie,Filosofie,sesiune-august,Sesiunea august,barem,2020-august-barem.pdf,bac/2020/filosofie/sesiune-august/2020-august-barem.pdf,54421,fe2861cadd8e96986c82634529d62bdff7a43d618f6322a370628bf426595c68
2020,filosofie,Filosofie,sesiune-august,Sesiunea august,subiect,2020-august-subiect.pdf,bac/2020/filosofie/sesiune-august/2020-august-subiect.pdf,112327,cbf08b4d0aab0c4ed82492da4141c0ff83a607064f8fc945e87ace196658a166
2020,filosofie,Filosofie,sesiune-iunie-iulie,Sesiunea iunie-iulie,barem,2020-iunie-iulie-barem.pdf,bac/2020/filosofie/sesiune-iunie-iulie/2020-iunie-iulie-barem.pdf,53437,d66918dbe5f6c75b831b0367980c9c4789e9f6e73e67b5fabdba0d102548dc5e
2020,filosofie,Filosofie,sesiune-iunie-iulie,Sesiunea iunie-iulie,subiect,2020-iunie-iulie-subiect.pdf,bac/2020/filosofie/sesiune-iunie-iulie/2020-iunie-iulie-subiect.pdf,108246,a2f6073f301fecf1a00b7fb92d9e9c339d95fe2fc4dea5d07fc84701744ba3b1
2020,filosofie,Filosofie,teste-antrenament,Test de antrenament 1,barem,2020-antrenament-01-barem.pdf,bac/2020/filosofie/teste-antrenament/2020-antrenament-01-barem.pdf,132173,bae8fc3ccd7588ad1fe280e08ee03c681943e0856a60281a877f4b53aacb6005
2020,filosofie,Filosofie,teste-antrenament,Test de antrenament 1,subiect,2020-antrenament-01-subiect.pdf,bac/2020/filosofie/teste-antrenament/2020-antrenament-01-subiect.pdf,180106,86bd4b01129cf64e2a0c3c21bbe15b0277607957d609fdff35ffb70fb8647364
2020,filosofie,Filosofie,teste-antrenament,Test de antrenament 2,barem,2020-antrenament-02-barem.pdf,bac/2020/filosofie/teste-antrenament/2020-antrenament-02-barem.pdf,104556,7e73cefa0738f1f60b37998e8b8a3e2537870ae79e2a5eb3952fc065757540cc
2020,filosofie,Filosofie,teste-antrenament,Test de antrenament 2,subiect,2020-antrenament-02-subiect.pdf,bac/2020/filosofie/teste-antrenament/2020-antrenament-02-subiect.pdf,177697,fb032b84216d3268f38eb5eff5c48355e9b68b4d5f277fa263bbf200a2ba826f
2020,filosofie,Filosofie,teste-antrenament,Test de antrenament 3,barem,2020-antrenament-03-barem.pdf,bac/2020/filosofie/teste-antrenament/2020-antrenament-03-barem.pdf,105363,d8feab87337d3203801fc156c7571f68f4411211a6188dea87f7f09288b956b7
2020,filosofie,Filosofie,teste-antrenament,Test de antrenament 3,subiect,2020-antrenament-03-subiect.pdf,bac/2020/filosofie/teste-antrenament/2020-antrenament-03-subiect.pdf,177346,e9cf8e8f8360d26b577ae80380d32b5476329f078bfdd790974f5c3484aca661
2020,filosofie,Filosofie,teste-antrenament,Test de antrenament 4,barem,2020-antrenament-04-barem.pdf,bac/2020/filosofie/teste-antrenament/2020-antrenament-04-barem.pdf,131604,f8dbe591360032bc4404fddbce67535d570526f1eb885b6b936c2fb184943e70
2020,filosofie,Filosofie,teste-antrenament,Test de antrenament 4,subiect,2020-antrenament-04-subiect.pdf,bac/2020/filosofie/teste-antrenament/2020-antrenament-04-subiect.pdf,171458,3e5d2c0e545aef9bde38bf20ea0cd1b837c42d2203f04becbcb7e762094726be
2020,filosofie,Filosofie,teste-antrenament,Test de antrenament 5,barem,2020-antrenament-05-barem.pdf,bac/2020/filosofie/teste-antrenament/2020-antrenament-05-barem.pdf,133389,5d7e8d5c9e0ff5ef39da67dfdd6dffbab2345e4a99a9054e28bdad99366c1499
2020,filosofie,Filosofie,teste-antrenament,Test de antrenament 5,subiect,2020-antrenament-05-subiect.pdf,bac/2020/filosofie/teste-antrenament/2020-antrenament-05-subiect.pdf,174754,5421a64bf64828fcc8dd53c5f83f998826209dabdbf74947ac587785f7200b66
2020,filosofie,Filosofie,teste-antrenament,Test de antrenament 6,barem,2020-antrenament-06-barem.pdf,bac/2020/filosofie/teste-antrenament/2020-antrenament-06-barem.pdf,134231,52812afd3d3f7c8b14871589b83dbed8b059e229e5ab4b8d2c285fd21b93736d
2020,filosofie,Filosofie,teste-antrenament,Test de antrenament 6,subiect,2020-antrenament-06-subiect.pdf,bac/2020/filosofie/teste-antrenament/2020-antrenament-06-subiect.pdf,172820,74e6b353fa47d42bae82172da1f4919620ab925f2aa4866ba5618852e5473cf4
2020,filosofie,Filosofie,teste-antrenament,Test de antrenament 7,barem,2020-antrenament-07-barem.pdf,bac/2020/filosofie/teste-antrenament/2020-antrenament-07-barem.pdf,133634,157fa758420f05970809a72dc69528b30dcb43355145e322f4968daa7ae6bb4f
2020,filosofie,Filosofie,teste-antrenament,Test de antrenament 7,subiect,2020-antrenament-07-subiect.pdf,bac/2020/filosofie/teste-antrenament/2020-antrenament-07-subiect.pdf,176945,58766b605e2ec67ecfda9327c9f23562d1672ae08bf23ccb72cd9cae68e74451
2020,filosofie,Filosofie,teste-antrenament,Test de antrenament 8,barem,2020-antrenament-08-barem.pdf,bac/2020/filosofie/teste-antrenament/2020-antrenament-08-barem.pdf,133389,a79ef10a8deb95d599a434ad6ae8b1394fadf0fc243c8acbc937a8c65c92d43b
2020,filosofie,Filosofie,teste-antrenament,Test de antrenament 8,subiect,2020-antrenament-08-subiect.pdf,bac/2020/filosofie/teste-antrenament/2020-antrenament-08-subiect.pdf,177818,9c7cdd1eb89fb01a57eb45eee108ba581475f614d0e40e5d778ad13c286ed39e
2020,filosofie,Filosofie,teste-antrenament,Test de antrenament 9,barem,2020-antrenament-09-barem.pdf,bac/2020/filosofie/teste-antrenament/2020-antrenament-09-barem.pdf,133732,9fed29b40a498aae3c3cb452f2a6664c66716672cb497280df88c361787c61d3
2020,filosofie,Filosofie,teste-antrenament,Test de antrenament 9,subiect,2020-antrenament-09-subiect.pdf,bac/2020/filosofie/teste-antrenament/2020-antrenament-09-subiect.pdf,176412,35a210eb3da669e880270fa5559d9470cd21406601a8a1037e038e6eee589795
2020,filosofie,Filosofie,teste-antrenament,Test de antrenament 10,barem,2020-antrenament-10-barem.pdf,bac/2020/filosofie/teste-antrenament/2020-antrenament-10-barem.pdf,131722,abfce531718eab88d6b72f7f1412501ef290ccc13ee5be8a58fd9cfc072d4d72
2020,filosofie,Filosofie,teste-antrenament,Test de antrenament 10,subiect,2020-antrenament-10-subiect.pdf,bac/2020/filosofie/teste-antrenament/2020-antrenament-10-subiect.pdf,169551,18744b44a97264612e4bba470993167ab51b2431afe4d8424d8957639b4d94c4
2020,filosofie,Filosofie,teste-antrenament,Test de antrenament 11,barem,2020-antrenament-11-barem.pdf,bac/2020/filosofie/teste-antrenament/2020-antrenament-11-barem.pdf,105329,e8f19a7b33ec82beb12308ef359890373c9e26ceced74bd696a9d7e3897a5acc
2020,filosofie,Filosofie,teste-antrenament,Test de antrenament 11,subiect,2020-antrenament-11-subiect.pdf,bac/2020/filosofie/teste-antrenament/2020-antrenament-11-subiect.pdf,173243,ad91299072e82f874826d974308d4b7ae669bde1556a08f705f9d53a4ce2af2f
2020,filosofie,Filosofie,teste-antrenament,Test de antrenament 12,barem,2020-antrenament-12-barem.pdf,bac/2020/filosofie/teste-antrenament/2020-antrenament-12-barem.pdf,106011,3298720c643f0ebfa94a2785e5e3ae4081d46855ffb084e01aa4731da7765641
2020,filosofie,Filosofie,teste-antrenament,Test de antrenament 12,subiect,2020-antrenament-12-subiect.pdf,bac/2020/filosofie/teste-antrenament/2020-antrenament-12-subiect.pdf,176845,64b58c94b227ede5484edbd027d1b9b9791d7f925af261d966b6aa834084b58e
2020,filosofie,Filosofie,teste-antrenament,Test de antrenament 13,barem,2020-antrenament-13-barem.pdf,bac/2020/filosofie/teste-antrenament/2020-antrenament-13-barem.pdf,108700,e917edfe7465320acc7c47e62d3b53c89c417e9db2f2466a33a7f0f042dc1521
2020,filosofie,Filosofie,teste-antrenament,Test de antrenament 13,subiect,2020-antrenament-13-subiect.pdf,bac/2020/filosofie/teste-antrenament/2020-antrenament-13-subiect.pdf,175129,0ae58377cf115dcca834289f4266f14f2db3b507d83644e87fe80296c83c7195
2020,filosofie,Filosofie,teste-antrenament,Test de antrenament 14,barem,2020-antrenament-14-barem.pdf,bac/2020/filosofie/teste-antrenament/2020-antrenament-14-barem.pdf,131808,452887396764088f2cd6e2f7500a78215e8f52eaae258d704b8a22e85d66027e
2020,filosofie,Filosofie,teste-antrenament,Test de antrenament 14,subiect,2020-antrenament-14-subiect.pdf,bac/2020/filosofie/teste-antrenament/2020-antrenament-14-subiect.pdf,177086,4b96127c9cd5a9cbd8c081032d49e7beac0896240afc7c1afb30fb320006f927
2020,filosofie,Filosofie,teste-antrenament,Test de antrenament 15,barem,2020-antrenament-15-barem.pdf,bac/2020/filosofie/teste-antrenament/2020-antrenament-15-barem.pdf,107871,6f86167ef307241ce2dcaef85e435bf81f308612af7208dc6b561bdad6cc6d7f
2020,filosofie,Filosofie,teste-antrenament,Test de antrenament 15,subiect,2020-antrenament-15-subiect.pdf,bac/2020/filosofie/teste-antrenament/2020-antrenament-15-subiect.pdf,176010,cba617ccf59ef6b1841e8d3d02051cf7ba78658a00f4321c4f0ac60a5ce6d604
2020,filosofie,Filosofie,teste-antrenament,Test de antrenament 16,barem,2020-antrenament-16-barem.pdf,bac/2020/filosofie/teste-antrenament/2020-antrenament-16-barem.pdf,133183,8519c599e98b13a8ecb57d080a05db8408b4e5c36f90a99fadffe68c8d8fb04d
2020,filosofie,Filosofie,teste-antrenament,Test de antrenament 16,subiect,2020-antrenament-16-subiect.pdf,bac/2020/filosofie/teste-antrenament/2020-antrenament-16-subiect.pdf,170927,ad3dcd0b3e5a7a3134ceb0a002085c7745b04be6ff22ff7e848374e0151c8aed
2020,filosofie,Filosofie,teste-antrenament,Test de antrenament 17,barem,2020-antrenament-17-barem.pdf,bac/2020/filosofie/teste-antrenament/2020-antrenament-17-barem.pdf,108063,0555b5efbc3f401d8fb5d90bc2a478510a1a3026bb3b0ee501a0e4c62e7a5ae4
2020,filosofie,Filosofie,teste-antrenament,Test de antrenament 17,subiect,2020-antrenament-17-subiect.pdf,bac/2020/filosofie/teste-antrenament/2020-antrenament-17-subiect.pdf,177777,8fccefcd9f1a0bdd39bb0748a7d1a5a6d567a1ddef2ae2847d8fa9d6ac01e79e
2020,filosofie,Filosofie,teste-antrenament,Test de antrenament 18,barem,2020-antrenament-18-barem.pdf,bac/2020/filosofie/teste-antrenament/2020-antrenament-18-barem.pdf,134711,5005863a246b9e848a43bdce3c990bc487bf20aa4b82d31175400443e694db60
2020,filosofie,Filosofie,teste-antrenament,Test de antrenament 18,subiect,2020-antrenament-18-subiect.pdf,bac/2020/filosofie/teste-antrenament/2020-antrenament-18-subiect.pdf,177682,25e519a33522ab8c7b071c54061fe42a08bae8a737b6530586875215c6a5279f
2020,filosofie,Filosofie,teste-antrenament,Test de antrenament 19,barem,2020-antrenament-19-barem.pdf,bac/2020/filosofie/teste-antrenament/2020-antrenament-19-barem.pdf,147796,d6ba5b923f90c5db43cae3a70ec715422fee876e1e3d6046b4d23efebb341551
2020,filosofie,Filosofie,teste-antrenament,Test de antrenament 19,subiect,2020-antrenament-19-subiect.pdf,bac/2020/filosofie/teste-antrenament/2020-antrenament-19-subiect.pdf,175015,5b44ef05d56faf6d184b7842d26b197ff60851ebc3695556ea71887cb95350c0
2020,filosofie,Filosofie,teste-antrenament,Test de antrenament 20,barem,2020-antrenament-20-barem.pdf,bac/2020/filosofie/teste-antrenament/2020-antrenament-20-barem.pdf,132338,def943260789cd8f401890965e1e94534e3e53b9792f6b02940b9fe3bc314891
2020,filosofie,Filosofie,teste-antrenament,Test de antrenament 20,subiect,2020-antrenament-20-subiect.pdf,bac/2020/filosofie/teste-antrenament/2020-antrenament-20-subiect.pdf,171315,27d5a53a9fcccc6c58121d440ebd98e18c145b46036caf6ae3802ceac9edb95a
2020,istorie,Istorie,sesiune-august,Sesiunea august,barem,2020-august-barem.pdf,bac/2020/istorie/sesiune-august/2020-august-barem.pdf,251162,b58a830831bfd7fe383ebd5bcb06a512ed5ec85929c639d25fe01e21f5f475cc
2020,istorie,Istorie,sesiune-august,Sesiunea august,subiect,2020-august-subiect.pdf,bac/2020/istorie/sesiune-august/2020-august-subiect.pdf,144843,5ff6334d6b2ec341dfe8413cefb2c22fbfff9f7f5271e7d0f810bea12e7a3a0a
2020,istorie,Istorie,sesiune-iunie-iulie,Sesiunea iunie-iulie,barem,2020-iunie-iulie-barem.pdf,bac/2020/istorie/sesiune-iunie-iulie/2020-iunie-iulie-barem.pdf,72946,6eaec38bb7dbd2d6356faad20e8ca44e64a67d2f87a881c3ae1f62d3653507ca
2020,istorie,Istorie,sesiune-iunie-iulie,Sesiunea iunie-iulie,subiect,2020-iunie-iulie-subiect.pdf,bac/2020/istorie/sesiune-iunie-iulie/2020-iunie-iulie-subiect.pdf,71272,10644eeb7e4510f0e0f723992ac7bc11017cf8cd7e3a18ac57d14f4908821d19
2020,istorie,Istorie,sesiune-speciala,Sesiunea speciala,barem,2020-speciala-barem.pdf,bac/2020/istorie/sesiune-speciala/2020-speciala-barem.pdf,70660,d83aaf384b8e39df0c8355b8bc7d3cad72bcbe34b1008e67f6a2e15696bacf66
2020,istorie,Istorie,sesiune-speciala,Sesiunea speciala,subiect,2020-speciala-subiect.pdf,bac/2020/istorie/sesiune-speciala/2020-speciala-subiect.pdf,72160,1a769726a50c93eec4385430b15d93f995bf4b312b6945198109cdd87e6d594e
2020,istorie,Istorie,teste-antrenament,Test de antrenament 1,barem,2020-antrenament-01-barem.pdf,bac/2020/istorie/teste-antrenament/2020-antrenament-01-barem.pdf,197738,07e415c871a43902adf2dda6d223624fdc8dd017c23658ec7012f087632285d9
2020,istorie,Istorie,teste-antrenament,Test de antrenament 1,subiect,2020-antrenament-01-subiect.pdf,bac/2020/istorie/teste-antrenament/2020-antrenament-01-subiect.pdf,196229,f375e485039fcbb597217a97e5b3a34d39cff407b796ee47cb7d200d44bf85a5
2020,istorie,Istorie,teste-antrenament,Test de antrenament 2,barem,2020-antrenament-02-barem.pdf,bac/2020/istorie/teste-antrenament/2020-antrenament-02-barem.pdf,205230,7bbf7c1e599161db8c31ecd50549e4a0c1fd25a059c30d03b4beababc7474dcc
2020,istorie,Istorie,teste-antrenament,Test de antrenament 2,subiect,2020-antrenament-02-subiect.pdf,bac/2020/istorie/teste-antrenament/2020-antrenament-02-subiect.pdf,198462,39e9d74705ba538a0c6abb75934e4f7a37dcfa5fc8c79125c946168179eecfb7
2020,istorie,Istorie,teste-antrenament,Test de antrenament 3,barem,2020-antrenament-03-barem.pdf,bac/2020/istorie/teste-antrenament/2020-antrenament-03-barem.pdf,194520,935615fba90ca342c38ff79e4e4f05febb63d5d6e9a1a64561698cc2e973304e
2020,istorie,Istorie,teste-antrenament,Test de antrenament 3,subiect,2020-antrenament-03-subiect.pdf,bac/2020/istorie/teste-antrenament/2020-antrenament-03-subiect.pdf,198051,991fd461e3799647f2a819bc4a5a4ab337ef39b4f9332f7ab29b770ab20b03e2
2020,istorie,Istorie,teste-antrenament,Test de antrenament 4,barem,2020-antrenament-04-barem.pdf,bac/2020/istorie/teste-antrenament/2020-antrenament-04-barem.pdf,208826,597c5943576d3e8f95fbafa3068ec6487c938d6eae4c19981e8e4f1edfbb6dfe
2020,istorie,Istorie,teste-antrenament,Test de antrenament 4,subiect,2020-antrenament-04-subiect.pdf,bac/2020/istorie/teste-antrenament/2020-antrenament-04-subiect.pdf,198379,1fca340c1c1d4702f358e509bc1debb6be8c7bad14a9cf394332e55e8864554d
2020,istorie,Istorie,teste-antrenament,Test de antrenament 5,barem,2020-antrenament-05-barem.pdf,bac/2020/istorie/teste-antrenament/2020-antrenament-05-barem.pdf,206066,90d058b12dd4083d5e119fb23f45d6bd673f0fc90f0959f30f63633204b28c82
2020,istorie,Istorie,teste-antrenament,Test de antrenament 5,subiect,2020-antrenament-05-subiect.pdf,bac/2020/istorie/teste-antrenament/2020-antrenament-05-subiect.pdf,196183,2fb0a39cb96f710074f1b5b09944f1d1575fac02b14873ff5596e77cc591c939
2020,istorie,Istorie,teste-antrenament,Test de antrenament 6,barem,2020-antrenament-06-barem.pdf,bac/2020/istorie/teste-antrenament/2020-antrenament-06-barem.pdf,207377,e127a5326c58b1653fe7c255e735256d5a8c9cdb0080f4febb4120bf5e91da49
2020,istorie,Istorie,teste-antrenament,Test de antrenament 6,subiect,2020-antrenament-06-subiect.pdf,bac/2020/istorie/teste-antrenament/2020-antrenament-06-subiect.pdf,198702,77376185a4f938d057bf780310c788d155b857192c029eb948f6b8377c814f88
2020,istorie,Istorie,teste-antrenament,Test de antrenament 7,barem,2020-antrenament-07-barem.pdf,bac/2020/istorie/teste-antrenament/2020-antrenament-07-barem.pdf,195474,1a9c976f1c65562aba138945579e52dbbda61077a2527824fa1c053cbae85e2a
2020,istorie,Istorie,teste-antrenament,Test de antrenament 7,subiect,2020-antrenament-07-subiect.pdf,bac/2020/istorie/teste-antrenament/2020-antrenament-07-subiect.pdf,195042,957ca4771a60eb06699d8c751c89b7fb3cebcd4b77389ced939ccdfb9bb1d238
2020,istorie,Istorie,teste-antrenament,Test de antrenament 8,barem,2020-antrenament-08-barem.pdf,bac/2020/istorie/teste-antrenament/2020-antrenament-08-barem.pdf,192561,1da78dfe07606c680d02f69682f62250c2f64ff5f1e1b1d69c70665df47c7132
2020,istorie,Istorie,teste-antrenament,Test de antrenament 8,subiect,2020-antrenament-08-subiect.pdf,bac/2020/istorie/teste-antrenament/2020-antrenament-08-subiect.pdf,196084,db987256c640bd8df4103ac3bc6e43b1bdbff104fd1cb0b7b18f049fbbf4e37c
2020,istorie,Istorie,teste-antrenament,Test de antrenament 9,barem,2020-antrenament-09-barem.pdf,bac/2020/istorie/teste-antrenament/2020-antrenament-09-barem.pdf,217449,e782f30ae6e2077e39e42dd4dec134bc26ef1d113f63e47614d837f1c99d0037
2020,istorie,Istorie,teste-antrenament,Test de antrenament 9,subiect,2020-antrenament-09-subiect.pdf,bac/2020/istorie/teste-antrenament/2020-antrenament-09-subiect.pdf,186752,4a9a5d491b3f97aa8c7b74c7eb2f2d8ee3e6fbf904d9b7c73a97b365a99428fd
2020,istorie,Istorie,teste-antrenament,Test de antrenament 10,barem,2020-antrenament-10-barem.pdf,bac/2020/istorie/teste-antrenament/2020-antrenament-10-barem.pdf,198641,6593d797f315cf2925539d81bad1373246324d812e51a59a32f04dbd6669753c
2020,istorie,Istorie,teste-antrenament,Test de antrenament 10,subiect,2020-antrenament-10-subiect.pdf,bac/2020/istorie/teste-antrenament/2020-antrenament-10-subiect.pdf,199962,d60056b7d3cf07a9446cf605966da0b7983de012542142a0dca343cd8474dc48
2020,istorie,Istorie,teste-antrenament,Test de antrenament 11,barem,2020-antrenament-11-barem.pdf,bac/2020/istorie/teste-antrenament/2020-antrenament-11-barem.pdf,191318,613232b63707476e3bc7752a446cd9ea98673ae0b70ee345aa5e979830a7f562
2020,istorie,Istorie,teste-antrenament,Test de antrenament 11,subiect,2020-antrenament-11-subiect.pdf,bac/2020/istorie/teste-antrenament/2020-antrenament-11-subiect.pdf,200942,f1d0a079612ba563a91d5272c19275c649968f06fc550b80660948292d5c7b93
2020,istorie,Istorie,teste-antrenament,Test de antrenament 12,barem,2020-antrenament-12-barem.pdf,bac/2020/istorie/teste-antrenament/2020-antrenament-12-barem.pdf,191722,2bc3b9937dae20ac7455b4f0890254a3b907e603bc8d8da8f15f269225198d74
2020,istorie,Istorie,teste-antrenament,Test de antrenament 12,subiect,2020-antrenament-12-subiect.pdf,bac/2020/istorie/teste-antrenament/2020-antrenament-12-subiect.pdf,197974,3f3c2a8649043b34e8e6f9116fb960103fad47a5f847126de4840ea4121ae043
2020,istorie,Istorie,teste-antrenament,Test de antrenament 13,barem,2020-antrenament-13-barem.pdf,bac/2020/istorie/teste-antrenament/2020-antrenament-13-barem.pdf,194423,4716e1e5e07efa5f692a2adb882c2c0003aec143f1ab8b80409b734c86557eba
2020,istorie,Istorie,teste-antrenament,Test de antrenament 13,subiect,2020-antrenament-13-subiect.pdf,bac/2020/istorie/teste-antrenament/2020-antrenament-13-subiect.pdf,195235,07fe87bcd6dfc6f5faaa93b490f52a7c6e1664f520b54439dd30e28ded123248
2020,istorie,Istorie,teste-antrenament,Test de antrenament 14,barem,2020-antrenament-14-barem.pdf,bac/2020/istorie/teste-antrenament/2020-antrenament-14-barem.pdf,188524,ac61f5a62d604307da466ac2e0ecfcc567450e9d2342ba8066266d7dbf47d00c
2020,istorie,Istorie,teste-antrenament,Test de antrenament 14,subiect,2020-antrenament-14-subiect.pdf,bac/2020/istorie/teste-antrenament/2020-antrenament-14-subiect.pdf,194948,15005a90271c35d06f679eb87d4f6f4bf3e3e13e5a024efa0995be955dc048de
2020,istorie,Istorie,teste-antrenament,Test de antrenament 15,barem,2020-antrenament-15-barem.pdf,bac/2020/istorie/teste-antrenament/2020-antrenament-15-barem.pdf,187130,b267f9dc25590cc8769588d715d8daa8de404bcdf37ac2fa23c73ffeb5320d1f
2020,istorie,Istorie,teste-antrenament,Test de antrenament 15,subiect,2020-antrenament-15-subiect.pdf,bac/2020/istorie/teste-antrenament/2020-antrenament-15-subiect.pdf,196122,49c566ce88066d8ba8d474d87c0176117674b44a2089fc1d8ee0a72579558976
2020,istorie,Istorie,teste-antrenament,Test de antrenament 16,barem,2020-antrenament-16-barem.pdf,bac/2020/istorie/teste-antrenament/2020-antrenament-16-barem.pdf,192247,2ab2daaf78aa9bae8dba8d459961b173983cdd7230e304316a7ffbc9b159b73f
2020,istorie,Istorie,teste-antrenament,Test de antrenament 16,subiect,2020-antrenament-16-subiect.pdf,bac/2020/istorie/teste-antrenament/2020-antrenament-16-subiect.pdf,198888,c1af9b0c60c722432e787fafa0a786d54bb92d2f77f426428c4d26c1ee7a0713
2020,istorie,Istorie,teste-antrenament,Test de antrenament 17,barem,2020-antrenament-17-barem.pdf,bac/2020/istorie/teste-antrenament/2020-antrenament-17-barem.pdf,188357,237a4aeaf91d7c407aa43ccf5227240b98e5a538474a3e02d5af3b8d12ebfb59
2020,istorie,Istorie,teste-antrenament,Test de antrenament 17,subiect,2020-antrenament-17-subiect.pdf,bac/2020/istorie/teste-antrenament/2020-antrenament-17-subiect.pdf,186928,74ca8c65796ae11041f6d729a537411d1ecad6b7e929cee7eb6ca93551700643
2020,istorie,Istorie,teste-antrenament,Test de antrenament 18,barem,2020-antrenament-18-barem.pdf,bac/2020/istorie/teste-antrenament/2020-antrenament-18-barem.pdf,190240,4828121503e09d92fc63639bb18fab3e8006b2b1ae62af2edf7cc837fb4eaa8f
2020,istorie,Istorie,teste-antrenament,Test de antrenament 18,subiect,2020-antrenament-18-subiect.pdf,bac/2020/istorie/teste-antrenament/2020-antrenament-18-subiect.pdf,201022,4eeaa350999adfa29b5c93beea4404a48691b4a0ecc993a2e0763128a121c06c
2020,istorie,Istorie,teste-antrenament,Test de antrenament 19,barem,2020-antrenament-19-barem.pdf,bac/2020/istorie/teste-antrenament/2020-antrenament-19-barem.pdf,194330,6c01128fbd8ef30850334c2a2b5db1be0d4acd173bb9d3e9e78f48fee3ddea83
2020,istorie,Istorie,teste-antrenament,Test de antrenament 19,subiect,2020-antrenament-19-subiect.pdf,bac/2020/istorie/teste-antrenament/2020-antrenament-19-subiect.pdf,205529,b807e57b36c6dc4ab5a72d62f4941f70d434c771d3168e38b48f28b0cf83b026
2020,istorie,Istorie,teste-antrenament,Test de antrenament 20,barem,2020-antrenament-20-barem.pdf,bac/2020/istorie/teste-antrenament/2020-antrenament-20-barem.pdf,192051,181fbfe97b0ac708d1101f15d78eea512b4ee03872894384f3282b46319b14c7
2020,istorie,Istorie,teste-antrenament,Test de antrenament 20,subiect,2020-antrenament-20-subiect.pdf,bac/2020/istorie/teste-antrenament/2020-antrenament-20-subiect.pdf,198669,77bac8e0728871040a6e8736b03654ddfbc7a404dbc71dc699430f9c5cf36d79
2020,logica,Logica,sesiune-august,Sesiunea august,barem,2020-august-barem.pdf,bac/2020/logica/sesiune-august/2020-august-barem.pdf,86558,7a07a3504328f6c65b217c3914132090e35c1c6aa7667a17727d98a3aebc00cb
2020,logica,Logica,sesiune-august,Sesiunea august,subiect,2020-august-subiect.pdf,bac/2020/logica/sesiune-august/2020-august-subiect.pdf,138283,5b206bd1f7ad0ebd775a05d6cf628a583bdbb0adfb5a88b79a95b3ca96f15d8d
2020,logica,Logica,sesiune-iunie-iulie,Sesiunea iunie-iulie,barem,2020-iunie-iulie-barem.pdf,bac/2020/logica/sesiune-iunie-iulie/2020-iunie-iulie-barem.pdf,92905,38aa7491fb2e88d0fd03e24eb7cffaec0de1c67fd8f22a8cf723890050134ddd
2020,logica,Logica,sesiune-iunie-iulie,Sesiunea iunie-iulie,subiect,2020-iunie-iulie-subiect.pdf,bac/2020/logica/sesiune-iunie-iulie/2020-iunie-iulie-subiect.pdf,124664,7cbf6dfc37809c44f9cffbbe68923d756b857f95988437645ac08ae6203b4724
2020,logica,Logica,sesiune-speciala,Sesiunea speciala,barem,2020-speciala-barem.pdf,bac/2020/logica/sesiune-speciala/2020-speciala-barem.pdf,92304,867196535e5bedef9a2c8940fab78536b000d770a0648b019bec7d374dc227ef
2020,logica,Logica,sesiune-speciala,Sesiunea speciala,subiect,2020-speciala-subiect.pdf,bac/2020/logica/sesiune-speciala/2020-speciala-subiect.pdf,133676,92a457e1dbcc89de566df037e4d09a0362ee40d06f3a54eab8f4482ab0ac238a
2020,logica,Logica,teste-antrenament,Test de antrenament 1,barem,2020-antrenament-01-barem.pdf,bac/2020/logica/teste-antrenament/2020-antrenament-01-barem.pdf,149127,6bbf5790dabca67286303af3287e385a98e4b74098f4d2989a5edf5adf22aacc
2020,logica,Logica,teste-antrenament,Test de antrenament 1,subiect,2020-antrenament-01-subiect.pdf,bac/2020/logica/teste-antrenament/2020-antrenament-01-subiect.pdf,171985,186413e4842cd6c98420bd7330aa9b7fe5bd5517c809254e86bfe98257782002
2020,logica,Logica,teste-antrenament,Test de antrenament 2,barem,2020-antrenament-02-barem.pdf,bac/2020/logica/teste-antrenament/2020-antrenament-02-barem.pdf,147235,b82959b01cbf07ff664d2655d0946e794e5779ba867317d3f95e0ba22c11fe59
2020,logica,Logica,teste-antrenament,Test de antrenament 2,subiect,2020-antrenament-02-subiect.pdf,bac/2020/logica/teste-antrenament/2020-antrenament-02-subiect.pdf,169003,51e1e1330ff2fcb63fc9e311069a6ddd995f1b214233a40fe42d1956ff917ee4
2020,logica,Logica,teste-antrenament,Test de antrenament 3,barem,2020-antrenament-03-barem.pdf,bac/2020/logica/teste-antrenament/2020-antrenament-03-barem.pdf,150170,9c948e8c0d0e577202f272a10bace6f15c86d73fce073993750c0d952528b531
2020,logica,Logica,teste-antrenament,Test de antrenament 3,subiect,2020-antrenament-03-subiect.pdf,bac/2020/logica/teste-antrenament/2020-antrenament-03-subiect.pdf,168771,782447e2d42f927ea90eea2ecec1464ab347ff87d5ce7310b2bdbe753e33c69d
2020,logica,Logica,teste-antrenament,Test de antrenament 4,barem,2020-antrenament-04-barem.pdf,bac/2020/logica/teste-antrenament/2020-antrenament-04-barem.pdf,148317,d1befd430f47122f5a03c5a50530fa3a28d8a269670ffcf5455d857499e9a51c
2020,logica,Logica,teste-antrenament,Test de antrenament 4,subiect,2020-antrenament-04-subiect.pdf,bac/2020/logica/teste-antrenament/2020-antrenament-04-subiect.pdf,166443,b9939094bbbc9870ba96ef33cb5cd908da08d5d53c508a36000a04467a91c9ef
2020,logica,Logica,teste-antrenament,Test de antrenament 5,barem,2020-antrenament-05-barem.pdf,bac/2020/logica/teste-antrenament/2020-antrenament-05-barem.pdf,144793,82e0939c448999e8d27c29cf52cbc8ee0e004cda18f9aad28585c4399cbd008a
2020,logica,Logica,teste-antrenament,Test de antrenament 5,subiect,2020-antrenament-05-subiect.pdf,bac/2020/logica/teste-antrenament/2020-antrenament-05-subiect.pdf,169739,3bc8dedd9c99522b95fbacf786d635bf4758e1ad2bbbedd80f196f207cad7f9f
2020,logica,Logica,teste-antrenament,Test de antrenament 6,barem,2020-antrenament-06-barem.pdf,bac/2020/logica/teste-antrenament/2020-antrenament-06-barem.pdf,153890,c2b44d2977cf46a98142a8a00263cbd732ddc3e25ee014811699d3f3d754a67c
2020,logica,Logica,teste-antrenament,Test de antrenament 6,subiect,2020-antrenament-06-subiect.pdf,bac/2020/logica/teste-antrenament/2020-antrenament-06-subiect.pdf,167177,aeb977f062f7f7359835f73b8e53b9f5e587c6cfef6af8bc4deb034aec10ed76
2020,logica,Logica,teste-antrenament,Test de antrenament 7,barem,2020-antrenament-07-barem.pdf,bac/2020/logica/teste-antrenament/2020-antrenament-07-barem.pdf,149225,a22781833cba2c564cf0a4f0bb284a934d366941a655c7eba3871cf6ddc63300
2020,logica,Logica,teste-antrenament,Test de antrenament 7,subiect,2020-antrenament-07-subiect.pdf,bac/2020/logica/teste-antrenament/2020-antrenament-07-subiect.pdf,167761,6102e98eaacc879092d6a75fa20693ac2735f0cfff527f425f08c2fac405bc61
2020,logica,Logica,teste-antrenament,Test de antrenament 8,barem,2020-antrenament-08-barem.pdf,bac/2020/logica/teste-antrenament/2020-antrenament-08-barem.pdf,153182,62c47d82ce6bd9f910a74dc133682f723638142b81795f03a02b4a9fcf074b9f
2020,logica,Logica,teste-antrenament,Test de antrenament 8,subiect,2020-antrenament-08-subiect.pdf,bac/2020/logica/teste-antrenament/2020-antrenament-08-subiect.pdf,168162,2ee444ee78dc964e7285271aacb186383391b673250430fe99fe91ab24aaa249
2020,logica,Logica,teste-antrenament,Test de antrenament 9,barem,2020-antrenament-09-barem.pdf,bac/2020/logica/teste-antrenament/2020-antrenament-09-barem.pdf,155023,a2a45a2ffe7023e0a75496ca360272bd8d6c983002d1e1d4e9c7919ee5bf07a0
2020,logica,Logica,teste-antrenament,Test de antrenament 9,subiect,2020-antrenament-09-subiect.pdf,bac/2020/logica/teste-antrenament/2020-antrenament-09-subiect.pdf,168509,cb1af7c3b561e6f20a9a97fdb03cd589ef5777ea162a7a49a4cb496bb28b91a6
2020,logica,Logica,teste-antrenament,Test de antrenament 10,barem,2020-antrenament-10-barem.pdf,bac/2020/logica/teste-antrenament/2020-antrenament-10-barem.pdf,155684,f9c064f3b85062e815e65a691540c41403eeb4694c0eb73fb734d7824e71e60e
2020,logica,Logica,teste-antrenament,Test de antrenament 10,subiect,2020-antrenament-10-subiect.pdf,bac/2020/logica/teste-antrenament/2020-antrenament-10-subiect.pdf,170065,8772cda43f8c1f4fd4d4e8738ebf33f77ccf0db70be68b263ce747d061bae1f9
2020,logica,Logica,teste-antrenament,Test de antrenament 11,barem,2020-antrenament-11-barem.pdf,bac/2020/logica/teste-antrenament/2020-antrenament-11-barem.pdf,150602,58453fe799e5a51e2ff3f696e62dc75cb1257d406ab5c792814f5fbbf3f723a3
2020,logica,Logica,teste-antrenament,Test de antrenament 11,subiect,2020-antrenament-11-subiect.pdf,bac/2020/logica/teste-antrenament/2020-antrenament-11-subiect.pdf,169953,24d07e8921050be258b8e8e98f1b668fe0185e684e79a016d3bed9e3e2d586c4
2020,logica,Logica,teste-antrenament,Test de antrenament 12,barem,2020-antrenament-12-barem.pdf,bac/2020/logica/teste-antrenament/2020-antrenament-12-barem.pdf,149706,2bbfd6b13d8ad1324e87c3e8030696dc239b4d65271cd146610eedf2c5f4497e
2020,logica,Logica,teste-antrenament,Test de antrenament 12,subiect,2020-antrenament-12-subiect.pdf,bac/2020/logica/teste-antrenament/2020-antrenament-12-subiect.pdf,171398,791edbd644851b1ff828e2a60ec81f595b4614572b3920a345243a939e246a43
2020,logica,Logica,teste-antrenament,Test de antrenament 13,barem,2020-antrenament-13-barem.pdf,bac/2020/logica/teste-antrenament/2020-antrenament-13-barem.pdf,152065,aac4531c99049545f218ec3017c8f6a279d6e1cb8f8cd930033502d6870356f2
2020,logica,Logica,teste-antrenament,Test de antrenament 13,subiect,2020-antrenament-13-subiect.pdf,bac/2020/logica/teste-antrenament/2020-antrenament-13-subiect.pdf,165751,ce05cfa44aed7f36711b73fea59637ce7236249ef487b49cb7eaa1d4fe587b56
2020,logica,Logica,teste-antrenament,Test de antrenament 14,barem,2020-antrenament-14-barem.pdf,bac/2020/logica/teste-antrenament/2020-antrenament-14-barem.pdf,148797,18beba91dd524834e1a5fdc5be8c580baaf60fee7363fe1ea759709fa2ca66dd
2020,logica,Logica,teste-antrenament,Test de antrenament 14,subiect,2020-antrenament-14-subiect.pdf,bac/2020/logica/teste-antrenament/2020-antrenament-14-subiect.pdf,163548,d93fa1060b115a2715811482e9e14bed779b473040635209aac3eeafdf00829a
2020,logica,Logica,teste-antrenament,Test de antrenament 15,barem,2020-antrenament-15-barem.pdf,bac/2020/logica/teste-antrenament/2020-antrenament-15-barem.pdf,154828,ff4b414a9e1b08601bd94198a69f89a4da710c300b0c1a9ff23b1469ac0ac6b1
2020,logica,Logica,teste-antrenament,Test de antrenament 15,subiect,2020-antrenament-15-subiect.pdf,bac/2020/logica/teste-antrenament/2020-antrenament-15-subiect.pdf,167219,5dd2ee7dda34b794db5c0cbdca1e488f5e5c252f37c679be7d8af14bfaf4a4cb
2020,logica,Logica,teste-antrenament,Test de antrenament 16,barem,2020-antrenament-16-barem.pdf,bac/2020/logica/teste-antrenament/2020-antrenament-16-barem.pdf,150306,69077da354ba830ba11fa41073137a5ed70faad0fb5afc7b8d5ae6a4fc0c12d6
2020,logica,Logica,teste-antrenament,Test de antrenament 16,subiect,2020-antrenament-16-subiect.pdf,bac/2020/logica/teste-antrenament/2020-antrenament-16-subiect.pdf,173311,fbefd5bff9619f819630d659807e69f27ec6fc009a27ed2d25f3ef38616fac9a
2020,logica,Logica,teste-antrenament,Test de antrenament 17,barem,2020-antrenament-17-barem.pdf,bac/2020/logica/teste-antrenament/2020-antrenament-17-barem.pdf,149026,3b6977e74c8b371ee3bc8c83eaeae41987f8fd142c5b08360a340fe68039bc28
2020,logica,Logica,teste-antrenament,Test de antrenament 17,subiect,2020-antrenament-17-subiect.pdf,bac/2020/logica/teste-antrenament/2020-antrenament-17-subiect.pdf,166800,0ec5aacc122ad50e69425c8ac0fb2efb30c0933bf3acc02f4ced8e4f9e367a14
2020,logica,Logica,teste-antrenament,Test de antrenament 18,barem,2020-antrenament-18-barem.pdf,bac/2020/logica/teste-antrenament/2020-antrenament-18-barem.pdf,148363,f69a52d897c632b5b358225f8095eeafcbc8da45f03ae050ada3d5fea5008239
2020,logica,Logica,teste-antrenament,Test de antrenament 18,subiect,2020-antrenament-18-subiect.pdf,bac/2020/logica/teste-antrenament/2020-antrenament-18-subiect.pdf,168316,1cd76faf9a9f7dde1987ae6fef3be793068581bd9cf37783c53ec7857d06012a
2020,logica,Logica,teste-antrenament,Test de antrenament 19,barem,2020-antrenament-19-barem.pdf,bac/2020/logica/teste-antrenament/2020-antrenament-19-barem.pdf,149848,db2b01d657aeb88fc7fcfc71b21123d1084e692f562b06c08688bc4b2e785933
2020,logica,Logica,teste-antrenament,Test de antrenament 19,subiect,2020-antrenament-19-subiect.pdf,bac/2020/logica/teste-antrenament/2020-antrenament-19-subiect.pdf,170289,9fccfea90f36b87cc54338cb29fc22eb2edbc11f433b90cce50058cf765338d0
2020,logica,Logica,teste-antrenament,Test de antrenament 20,barem,2020-antrenament-20-barem.pdf,bac/2020/logica/teste-antrenament/2020-antrenament-20-barem.pdf,147605,2723c1709469d0293944a5ae0d9d5b45b1176b20cfa3efadb06eb102332fce6f
2020,logica,Logica,teste-antrenament,Test de antrenament 20,subiect,2020-antrenament-20-subiect.pdf,bac/2020/logica/teste-antrenament/2020-antrenament-20-subiect.pdf,167845,e291aa325c3764b7c738b78965e9de3930ff59069d90430192cfb7fb04cab956
2021,filosofie,Filosofie,model,Model,barem,2021-model-general-barem.pdf,bac/2021/filosofie/model/2021-model-general-barem.pdf,130621,ba3bc9eb26b98e4d58fa262928c89a1e8509bdc71d46ff9d97e9ad97da430c83
2021,filosofie,Filosofie,model,Model,subiect,2021-model-general-subiect.pdf,bac/2021/filosofie/model/2021-model-general-subiect.pdf,176408,d9aeab6b224434bb88c4f68c2adebf39caa58fdfa3c7f4289cdca64871d1c543
2021,filosofie,Filosofie,simulare,Simulare,barem,2021-simulare-general-barem.pdf,bac/2021/filosofie/simulare/2021-simulare-general-barem.pdf,141973,399391ff96a110b84ce0655e3d0848a85f0d132159649d16165f92426127add9
2021,filosofie,Filosofie,simulare,Simulare,subiect,2021-simulare-general-subiect.pdf,bac/2021/filosofie/simulare/2021-simulare-general-subiect.pdf,209660,a4814d576317b5d326071cb417dda246ba92c1a745bde942d83959c51ff4ef41
2021,filosofie,Filosofie,teste-antrenament,Test de antrenament 1,barem,2021-antrenament-01-general-barem.pdf,bac/2021/filosofie/teste-antrenament/2021-antrenament-01-general-barem.pdf,176869,c7bba39554b6f034e3eacdaf9ecc9e893faa635d9cf260aee0dbaae76b4f296b
2021,filosofie,Filosofie,teste-antrenament,Test de antrenament 1,subiect,2021-antrenament-01-general-subiect.pdf,bac/2021/filosofie/teste-antrenament/2021-antrenament-01-general-subiect.pdf,193712,ad1202604054ce1ad43f65faa0b1b76a15ddcf1f30648dcc485eb49f2145a8d8
2021,filosofie,Filosofie,teste-antrenament,Test de antrenament 2,barem,2021-antrenament-02-general-barem.pdf,bac/2021/filosofie/teste-antrenament/2021-antrenament-02-general-barem.pdf,164536,9dd571b7af8a48066e9249d1b125290afeed3a0f4e8a3afd9014745161ad6ca6
2021,filosofie,Filosofie,teste-antrenament,Test de antrenament 2,subiect,2021-antrenament-02-general-subiect.pdf,bac/2021/filosofie/teste-antrenament/2021-antrenament-02-general-subiect.pdf,191682,dc35fed1978635e40fdc6fe8050aaac425928700a2280fb35a273acaadbd8b5d
2021,filosofie,Filosofie,teste-antrenament,Test de antrenament 3,barem,2021-antrenament-03-general-barem.pdf,bac/2021/filosofie/teste-antrenament/2021-antrenament-03-general-barem.pdf,161333,284aa61794ead6e38991fb7d3e829dd9a76fb3ace4fef54aaf7d617e5feddb0e
2021,filosofie,Filosofie,teste-antrenament,Test de antrenament 3,subiect,2021-antrenament-03-general-subiect.pdf,bac/2021/filosofie/teste-antrenament/2021-antrenament-03-general-subiect.pdf,176343,7ae382737df2e4c190dd4299e7886dc5ade63f2b108bd5aee5da3c492c408898
2021,filosofie,Filosofie,teste-antrenament,Test de antrenament 4,barem,2021-antrenament-04-general-barem.pdf,bac/2021/filosofie/teste-antrenament/2021-antrenament-04-general-barem.pdf,163233,1eaf396b307d1e7a4e3915c55317f3f31e4d9352c4746e5094b256643ebf2ea9
2021,filosofie,Filosofie,teste-antrenament,Test de antrenament 4,subiect,2021-antrenament-04-general-subiect.pdf,bac/2021/filosofie/teste-antrenament/2021-antrenament-04-general-subiect.pdf,197226,b69fff003e6c919e62ce870f72932fa0ba023927c297854236cdee22e162baba
2021,filosofie,Filosofie,teste-antrenament,Test de antrenament 5,barem,2021-antrenament-05-general-barem.pdf,bac/2021/filosofie/teste-antrenament/2021-antrenament-05-general-barem.pdf,163102,573fa51e62fac17d4e0de68f6f9f30bfab9658a9db786b31a36b09750451403e
2021,filosofie,Filosofie,teste-antrenament,Test de antrenament 5,subiect,2021-antrenament-05-general-subiect.pdf,bac/2021/filosofie/teste-antrenament/2021-antrenament-05-general-subiect.pdf,192559,5e9396ae8a7b4cbba97b6dca48d67168d211cb6514bbbac0f8cba2b11e976fc3
2021,filosofie,Filosofie,teste-antrenament,Test de antrenament 6,barem,2021-antrenament-06-general-barem.pdf,bac/2021/filosofie/teste-antrenament/2021-antrenament-06-general-barem.pdf,136210,1095af1de61b6d11204d2316af56dd8dbc35d0e1629a760078047c7defd08ef8
2021,filosofie,Filosofie,teste-antrenament,Test de antrenament 6,subiect,2021-antrenament-06-general-subiect.pdf,bac/2021/filosofie/teste-antrenament/2021-antrenament-06-general-subiect.pdf,191137,bdad4638feff7d0d778fccfb5941019125e012b83003263ce6b0d0da5596bb35
2021,filosofie,Filosofie,teste-antrenament,Test de antrenament 7,barem,2021-antrenament-07-general-barem.pdf,bac/2021/filosofie/teste-antrenament/2021-antrenament-07-general-barem.pdf,136359,31d4402e558d81bb45a99516897bc6f45ff59ba505dbcb1a23f94f5cce640411
2021,filosofie,Filosofie,teste-antrenament,Test de antrenament 7,subiect,2021-antrenament-07-general-subiect.pdf,bac/2021/filosofie/teste-antrenament/2021-antrenament-07-general-subiect.pdf,174516,cb702b26029b5bba13a27d946c9f68fdf51c35fe07803f5257fae0bf381e0e0f
2021,filosofie,Filosofie,teste-antrenament,Test de antrenament 8,barem,2021-antrenament-08-general-barem.pdf,bac/2021/filosofie/teste-antrenament/2021-antrenament-08-general-barem.pdf,163531,bfeecaae6cb5b5ddb9bf6e562e7519ce7c857f5d6a79fa23c24eec2bbce6f882
2021,filosofie,Filosofie,teste-antrenament,Test de antrenament 8,subiect,2021-antrenament-08-general-subiect.pdf,bac/2021/filosofie/teste-antrenament/2021-antrenament-08-general-subiect.pdf,196163,180f60bcc5095c323175a5cbb5d712bcf3da9eea909cb787ee03aeaf147e3cce
2021,filosofie,Filosofie,teste-antrenament,Test de antrenament 9,barem,2021-antrenament-09-general-barem.pdf,bac/2021/filosofie/teste-antrenament/2021-antrenament-09-general-barem.pdf,165013,f2758c4e19951364cab76603c26c6f8048e6445dfe62dd4f2297a1ea59a351f0
2021,filosofie,Filosofie,teste-antrenament,Test de antrenament 9,subiect,2021-antrenament-09-general-subiect.pdf,bac/2021/filosofie/teste-antrenament/2021-antrenament-09-general-subiect.pdf,193116,2e6349e73eba6aaa5640207fdea7403774df819a70ec4e3f05ec08de257d513b
2021,filosofie,Filosofie,teste-antrenament,Test de antrenament 10,barem,2021-antrenament-10-general-barem.pdf,bac/2021/filosofie/teste-antrenament/2021-antrenament-10-general-barem.pdf,164291,a7cf6f8b8e889127edf0161051ca561ca05e665ca86c899486b675fbd01ac6e9
2021,filosofie,Filosofie,teste-antrenament,Test de antrenament 10,subiect,2021-antrenament-10-general-subiect.pdf,bac/2021/filosofie/teste-antrenament/2021-antrenament-10-general-subiect.pdf,193403,e2a7a520cc6fb8e88a9628802b52dc5bcc6f46d61161bfa83654f217b381960c
2021,filosofie,Filosofie,teste-antrenament,Test de antrenament 11,barem,2021-antrenament-11-general-barem.pdf,bac/2021/filosofie/teste-antrenament/2021-antrenament-11-general-barem.pdf,165302,ee00a7cc737cc08d25654331d28575bea92554a5b1dc8ba8b2ffa1d58bf157e9
2021,filosofie,Filosofie,teste-antrenament,Test de antrenament 11,subiect,2021-antrenament-11-general-subiect.pdf,bac/2021/filosofie/teste-antrenament/2021-antrenament-11-general-subiect.pdf,177347,38304e4293855f398145ddf7ce962f548466be2137f3f02823eedd8ba8b9e267
2021,filosofie,Filosofie,teste-antrenament,Test de antrenament 12,barem,2021-antrenament-12-general-barem.pdf,bac/2021/filosofie/teste-antrenament/2021-antrenament-12-general-barem.pdf,164369,bc148c112b70df8e2eea4832fbc6973f218cbe29c9d4e03db39d9b217cd0df43
2021,filosofie,Filosofie,teste-antrenament,Test de antrenament 12,subiect,2021-antrenament-12-general-subiect.pdf,bac/2021/filosofie/teste-antrenament/2021-antrenament-12-general-subiect.pdf,172762,53efc0f44ee014555d51f2671effaefe1fb8defde421f694dd452eaadfd6dcb8
2021,filosofie,Filosofie,variante-oficiale,Varianta oficiala 1,barem,2021-varianta-01-general-barem.pdf,bac/2021/filosofie/variante-oficiale/2021-varianta-01-general-barem.pdf,56609,9bc6beb9b4027d772879bb7ad848a301be71e1af67c509d9f933e84ad6719915
2021,filosofie,Filosofie,variante-oficiale,Varianta oficiala 1,subiect,2021-varianta-01-general-subiect.pdf,bac/2021/filosofie/variante-oficiale/2021-varianta-01-general-subiect.pdf,179165,e575ec0108cbfd8160c475f32c002b6f9926bf30c91d276bd8bbcbb933bb8a09
2021,filosofie,Filosofie,variante-oficiale,Varianta oficiala 4,barem,2021-varianta-04-general-barem.pdf,bac/2021/filosofie/variante-oficiale/2021-varianta-04-general-barem.pdf,66002,ef48da85fad513d93fca398dbb0f812f49ff381972dc377c9298a83c2102efc5
2021,filosofie,Filosofie,variante-oficiale,Varianta oficiala 4,subiect,2021-varianta-04-general-subiect.pdf,bac/2021/filosofie/variante-oficiale/2021-varianta-04-general-subiect.pdf,82908,06a4ec67a415e79c918bc61af8d0085fa538762804a5b1814bc78f7a20c6225d
2021,istorie,Istorie,model,Model,barem,2021-model-general-barem.pdf,bac/2021/istorie/model/2021-model-general-barem.pdf,211480,38e0ab6e9830c24e1ca56b56a07677bae1ade3ec3dca93af7baa1125eba9c381
2021,istorie,Istorie,model,Model,subiect,2021-model-general-subiect.pdf,bac/2021/istorie/model/2021-model-general-subiect.pdf,196939,22d80cbfb8f0ddc1f98a7285a8de61e5fe59be0edd65cb343ef80456d7681c80
2021,istorie,Istorie,simulare,Simulare,barem,2021-simulare-general-barem.pdf,bac/2021/istorie/simulare/2021-simulare-general-barem.pdf,209660,e1b735d8cf041bdf7c0f58c97c8305122737e6e2c482bd27eb468befdad18a64
2021,istorie,Istorie,simulare,Simulare,subiect,2021-simulare-general-subiect.pdf,bac/2021/istorie/simulare/2021-simulare-general-subiect.pdf,204360,190f90e70c7dab68703fd646a92ab84503f2fce45d5c3456da797d346dfac807
2021,istorie,Istorie,teste-antrenament,Test de antrenament 1,barem,2021-antrenament-01-general-barem.pdf,bac/2021/istorie/teste-antrenament/2021-antrenament-01-general-barem.pdf,191124,e8d619122f5f62974e1f8232e9f89766908139385f75973d1883abb8c982234f
2021,istorie,Istorie,teste-antrenament,Test de antrenament 1,subiect,2021-antrenament-01-general-subiect.pdf,bac/2021/istorie/teste-antrenament/2021-antrenament-01-general-subiect.pdf,186867,5e23c8003b1cec0a5b8a981c9068b8ab954eef3731bfbc439e03f476a49d2ff3
2021,istorie,Istorie,teste-antrenament,Test de antrenament 2,barem,2021-antrenament-02-general-barem.pdf,bac/2021/istorie/teste-antrenament/2021-antrenament-02-general-barem.pdf,195700,a34a766abdc0efe723a7c166b466d0add58506b9a345fcb4b00a95bc790550fc
2021,istorie,Istorie,teste-antrenament,Test de antrenament 2,subiect,2021-antrenament-02-general-subiect.pdf,bac/2021/istorie/teste-antrenament/2021-antrenament-02-general-subiect.pdf,188128,b013294427c0bb23d7fd8d280cc0d4fe364654cec8e6ae7fa8dc548faae7f083
2021,istorie,Istorie,teste-antrenament,Test de antrenament 3,barem,2021-antrenament-03-general-barem.pdf,bac/2021/istorie/teste-antrenament/2021-antrenament-03-general-barem.pdf,195525,3c627ef95f21c9c7621103d8a09286d937a2c2d2cefeb796f1f00792c441c7df
2021,istorie,Istorie,teste-antrenament,Test de antrenament 3,subiect,2021-antrenament-03-general-subiect.pdf,bac/2021/istorie/teste-antrenament/2021-antrenament-03-general-subiect.pdf,186935,b8f952dd4ed6184d3eb2e8f53b2e5e765ee78474a7e58ba45f218a8e623e26be
2021,istorie,Istorie,teste-antrenament,Test de antrenament 4,barem,2021-antrenament-04-general-barem.pdf,bac/2021/istorie/teste-antrenament/2021-antrenament-04-general-barem.pdf,189631,936c25a1a4836d5a3b041370df1f5e13ea1c60d2706341e66e916c0d57e17f63
2021,istorie,Istorie,teste-antrenament,Test de antrenament 4,subiect,2021-antrenament-04-general-subiect.pdf,bac/2021/istorie/teste-antrenament/2021-antrenament-04-general-subiect.pdf,183070,e24ac1bcdbfefd5d51a9609ffee6e5625350edf808a127c26065889d5933e818
2021,istorie,Istorie,teste-antrenament,Test de antrenament 5,barem,2021-antrenament-05-general-barem.pdf,bac/2021/istorie/teste-antrenament/2021-antrenament-05-general-barem.pdf,191784,5cea8bb9aae6ec19ea211d83d62fa1e9aed37a03c7710fb487d35d8f53876928
2021,istorie,Istorie,teste-antrenament,Test de antrenament 5,subiect,2021-antrenament-05-general-subiect.pdf,bac/2021/istorie/teste-antrenament/2021-antrenament-05-general-subiect.pdf,183695,85156c38d702e198ff40081f4b77952892e03155de7f96ac271545315dc49e24
2021,istorie,Istorie,teste-antrenament,Test de antrenament 6,barem,2021-antrenament-06-general-barem.pdf,bac/2021/istorie/teste-antrenament/2021-antrenament-06-general-barem.pdf,200396,48f7b38ef48b7f4e9897948be2b7899ef8276fe3dcbc5a814f6c6847076f2d70
2021,istorie,Istorie,teste-antrenament,Test de antrenament 6,subiect,2021-antrenament-06-general-subiect.pdf,bac/2021/istorie/teste-antrenament/2021-antrenament-06-general-subiect.pdf,202673,73bafa329849cddc65cda7a51d3da4887301ec90fcae0428ad5bbfb4b4842ce1
2021,istorie,Istorie,teste-antrenament,Test de antrenament 7,barem,2021-antrenament-07-general-barem.pdf,bac/2021/istorie/teste-antrenament/2021-antrenament-07-general-barem.pdf,193799,032405b1885bda23349f405348b1d8cf47441896cd556562ab4a0e582aa44911
2021,istorie,Istorie,teste-antrenament,Test de antrenament 7,subiect,2021-antrenament-07-general-subiect.pdf,bac/2021/istorie/teste-antrenament/2021-antrenament-07-general-subiect.pdf,182979,a749758c8852ce92384cb423f06b6032e1500b6edddc7002996e9248266ef5a2
2021,istorie,Istorie,teste-antrenament,Test de antrenament 8,barem,2021-antrenament-08-general-barem.pdf,bac/2021/istorie/teste-antrenament/2021-antrenament-08-general-barem.pdf,191459,6cbecc28cfaf1cc10c0323e85a73bda7cffd1f043f17c11b3a38ce090cd07ae7
2021,istorie,Istorie,teste-antrenament,Test de antrenament 8,subiect,2021-antrenament-08-general-subiect.pdf,bac/2021/istorie/teste-antrenament/2021-antrenament-08-general-subiect.pdf,190627,a07ef1c376776e3171a37762abae39f9a2ee24ebb7cc4aea587f1b0dcff774d2
2021,istorie,Istorie,teste-antrenament,Test de antrenament 9,barem,2021-antrenament-09-general-barem.pdf,bac/2021/istorie/teste-antrenament/2021-antrenament-09-general-barem.pdf,194605,9988a0d1f5ce5df1843e00b25f89a095285ab62b7bef61bfe78eb4a5c903f65a
2021,istorie,Istorie,teste-antrenament,Test de antrenament 9,subiect,2021-antrenament-09-general-subiect.pdf,bac/2021/istorie/teste-antrenament/2021-antrenament-09-general-subiect.pdf,184836,b33bea0aaef9194ad7fc7ad3f8770fc5e58a4389d0e496f76623d9b3052c928f
2021,istorie,Istorie,teste-antrenament,Test de antrenament 10,barem,2021-antrenament-10-general-barem.pdf,bac/2021/istorie/teste-antrenament/2021-antrenament-10-general-barem.pdf,194305,1a49218ec5a00bebfae569624a825acc18bea91d83d2cdcb23f949cb1567df98
2021,istorie,Istorie,teste-antrenament,Test de antrenament 10,subiect,2021-antrenament-10-general-subiect.pdf,bac/2021/istorie/teste-antrenament/2021-antrenament-10-general-subiect.pdf,185539,e52a4f24d751699d3f993b18c0a8fd7972e0ecf9326e2eb9e178aa38a21a8e1f
2021,istorie,Istorie,teste-antrenament,Test de antrenament 11,barem,2021-antrenament-11-general-barem.pdf,bac/2021/istorie/teste-antrenament/2021-antrenament-11-general-barem.pdf,198771,a7e6591e97b8a4bee570f47e7831501ae264e8643bbd983fa78ecf1ca0d66796
2021,istorie,Istorie,teste-antrenament,Test de antrenament 11,subiect,2021-antrenament-11-general-subiect.pdf,bac/2021/istorie/teste-antrenament/2021-antrenament-11-general-subiect.pdf,183271,22a40337cf4ea17a724a3a46064a1e3f071cfdba5dc98e44eacc9c377ac23fe5
2021,istorie,Istorie,teste-antrenament,Test de antrenament 12,barem,2021-antrenament-12-general-barem.pdf,bac/2021/istorie/teste-antrenament/2021-antrenament-12-general-barem.pdf,191414,8adda1f2aa33d8b7a93ac8bc93349f6afbffda9e9f58531b77da79f3b1ecb336
2021,istorie,Istorie,teste-antrenament,Test de antrenament 12,subiect,2021-antrenament-12-general-subiect.pdf,bac/2021/istorie/teste-antrenament/2021-antrenament-12-general-subiect.pdf,183916,d9886f225d32c61601c0f4c9a2348f8a98dcf33a26d93207c043f64b1f7d73f4
2021,istorie,Istorie,variante-oficiale,Varianta oficiala 2,barem,2021-varianta-02-general-barem.pdf,bac/2021/istorie/variante-oficiale/2021-varianta-02-general-barem.pdf,196676,2dc99043135f20983be6dcd31bb70545dccca2e4a85675ac31400db763a94883
2021,istorie,Istorie,variante-oficiale,Varianta oficiala 2,subiect,2021-varianta-02-general-subiect.pdf,bac/2021/istorie/variante-oficiale/2021-varianta-02-general-subiect.pdf,199634,7f5f98b5f7ac43fb163313a00584dc2f9752e1bdf786e463b9f2fc3e72910a60
2021,istorie,Istorie,variante-oficiale,Varianta oficiala 4,barem,2021-varianta-04-general-barem.pdf,bac/2021/istorie/variante-oficiale/2021-varianta-04-general-barem.pdf,104379,37cb60e88ba1730ba76942b8f0e32e878c51b1ccf969826be6ed2255d1dd6cdf
2021,istorie,Istorie,variante-oficiale,Varianta oficiala 4,subiect,2021-varianta-04-general-subiect.pdf,bac/2021/istorie/variante-oficiale/2021-varianta-04-general-subiect.pdf,105766,45e9e4aab303f3b4b7d93571161eb590e6e4d617caaaad36e0693d0559d3fe1f
2021,logica,Logica,model,Model,barem,2021-model-general-barem.pdf,bac/2021/logica/model/2021-model-general-barem.pdf,152574,c85472bf8f095918b5cf624d6a07ff8982401f837bbc187d1e94f484e461ba4c
2021,logica,Logica,model,Model,subiect,2021-model-general-subiect.pdf,bac/2021/logica/model/2021-model-general-subiect.pdf,166149,0cfd7abfd103617fa2ba0218cdf7077f5fafd38afb53b5bb0c7cd002414770aa
2021,logica,Logica,simulare,Simulare,barem,2021-simulare-general-barem.pdf,bac/2021/logica/simulare/2021-simulare-general-barem.pdf,153503,5f45fc4a59c6e930c3d36a4ef0a6ec589b092fb9a73cbd4009e44d159c50c0e9
2021,logica,Logica,simulare,Simulare,subiect,2021-simulare-general-subiect.pdf,bac/2021/logica/simulare/2021-simulare-general-subiect.pdf,168696,42d3667d89f1d8b0bbf93f3b87970683f8453500d9bca243d2d4680bd531a976
2021,logica,Logica,teste-antrenament,Test de antrenament 1,barem,2021-antrenament-01-general-barem.pdf,bac/2021/logica/teste-antrenament/2021-antrenament-01-general-barem.pdf,169787,045b22d06acbbbbb10026ead8b550f3f3bef98c8ac6f802b02501726e8185c67
2021,logica,Logica,teste-antrenament,Test de antrenament 1,subiect,2021-antrenament-01-general-subiect.pdf,bac/2021/logica/teste-antrenament/2021-antrenament-01-general-subiect.pdf,201512,ab073f0569a181cb91fa53d77d99ba0df9f05b22cdc90b7368917ec35985fd7d
2021,logica,Logica,teste-antrenament,Test de antrenament 2,barem,2021-antrenament-02-general-barem.pdf,bac/2021/logica/teste-antrenament/2021-antrenament-02-general-barem.pdf,170660,945b5859a677940c41408a07c5955af5f8d7a11604b802e22e417c1e996e98fc
2021,logica,Logica,teste-antrenament,Test de antrenament 2,subiect,2021-antrenament-02-general-subiect.pdf,bac/2021/logica/teste-antrenament/2021-antrenament-02-general-subiect.pdf,203384,9d3f66403195d98fd0a5ded05a22c804c303406918dbaddc9f631e2fd522032a
2021,logica,Logica,teste-antrenament,Test de antrenament 3,barem,2021-antrenament-03-general-barem.pdf,bac/2021/logica/teste-antrenament/2021-antrenament-03-general-barem.pdf,168748,a8ac7a74955980a0a7c7a3e53078de4578acdf6f9ea35bdcbd22b14527ad7fb9
2021,logica,Logica,teste-antrenament,Test de antrenament 3,subiect,2021-antrenament-03-general-subiect.pdf,bac/2021/logica/teste-antrenament/2021-antrenament-03-general-subiect.pdf,201459,2ce880f613f478640eea924abe6c76305dfd6d0b442fdd4b36c3ac466014efac
2021,logica,Logica,teste-antrenament,Test de antrenament 4,barem,2021-antrenament-04-general-barem.pdf,bac/2021/logica/teste-antrenament/2021-antrenament-04-general-barem.pdf,175046,7579c20c86172da2839f3df7f706be6f712ae554a9187434e0f8ffeded90052f
2021,logica,Logica,teste-antrenament,Test de antrenament 4,subiect,2021-antrenament-04-general-subiect.pdf,bac/2021/logica/teste-antrenament/2021-antrenament-04-general-subiect.pdf,204519,c15203c28119a12288c86f02be22eb1c2034dc03c27430c12e0483a68aacd1ad
2021,logica,Logica,teste-antrenament,Test de antrenament 5,barem,2021-antrenament-05-general-barem.pdf,bac/2021/logica/teste-antrenament/2021-antrenament-05-general-barem.pdf,171687,8eabf391af915344b76e6c1ac8705f9c4d40009f87cc43faf367901b7d82efec
2021,logica,Logica,teste-antrenament,Test de antrenament 5,subiect,2021-antrenament-05-general-subiect.pdf,bac/2021/logica/teste-antrenament/2021-antrenament-05-general-subiect.pdf,202020,0704e7e938556fac341d2139902bf74ca8902933d26dd49b50b2c5aed45dba4b
2021,logica,Logica,teste-antrenament,Test de antrenament 6,barem,2021-antrenament-06-general-barem.pdf,bac/2021/logica/teste-antrenament/2021-antrenament-06-general-barem.pdf,171641,594148a4ebf483adfd92250ac4935e04bd943c62045705ed4bb3dde0cccfc289
2021,logica,Logica,teste-antrenament,Test de antrenament 6,subiect,2021-antrenament-06-general-subiect.pdf,bac/2021/logica/teste-antrenament/2021-antrenament-06-general-subiect.pdf,202897,9edf892634282619596eddfadd09900cf8d708089e75d374ced0978bb16f5252
2021,logica,Logica,teste-antrenament,Test de antrenament 7,barem,2021-antrenament-07-general-barem.pdf,bac/2021/logica/teste-antrenament/2021-antrenament-07-general-barem.pdf,167782,0e8726e35548c31d5a0570a3ab7bbc300cfd5e7068c325c23f1d8419e4a0e5fa
2021,logica,Logica,teste-antrenament,Test de antrenament 7,subiect,2021-antrenament-07-general-subiect.pdf,bac/2021/logica/teste-antrenament/2021-antrenament-07-general-subiect.pdf,203057,7457328adbab12b726a6654b82a337f6869e92a2a525eaf6620ed58806c7aca0
2021,logica,Logica,teste-antrenament,Test de antrenament 8,barem,2021-antrenament-08-general-barem.pdf,bac/2021/logica/teste-antrenament/2021-antrenament-08-general-barem.pdf,172217,e913f119df7100e8d68524fcd91381214c90493f16bfaec4e71c433f9144bf2e
2021,logica,Logica,teste-antrenament,Test de antrenament 8,subiect,2021-antrenament-08-general-subiect.pdf,bac/2021/logica/teste-antrenament/2021-antrenament-08-general-subiect.pdf,203782,8108934f3fea627c62d140e2eb669697311f54c4e37dff23674e6b0cf2775091
2021,logica,Logica,teste-antrenament,Test de antrenament 9,barem,2021-antrenament-09-general-barem.pdf,bac/2021/logica/teste-antrenament/2021-antrenament-09-general-barem.pdf,169612,6b3449bc4efc8e1268d384012f6a49677fdb567b74deba39be63273acb36e70b
2021,logica,Logica,teste-antrenament,Test de antrenament 9,subiect,2021-antrenament-09-general-subiect.pdf,bac/2021/logica/teste-antrenament/2021-antrenament-09-general-subiect.pdf,201361,f303503b8a9a4ca92de6a120e892862ccb8c6970951fbdb02d2daf013146f005
2021,logica,Logica,teste-antrenament,Test de antrenament 10,barem,2021-antrenament-10-general-barem.pdf,bac/2021/logica/teste-antrenament/2021-antrenament-10-general-barem.pdf,170051,802bf4a0262cc0510481fcdca9313c697af130071d56f7a105dc56a27eb6595b
2021,logica,Logica,teste-antrenament,Test de antrenament 10,subiect,2021-antrenament-10-general-subiect.pdf,bac/2021/logica/teste-antrenament/2021-antrenament-10-general-subiect.pdf,201855,983c4b6c11038f8a18b49f149c0116144f67127f44b48c2510e3f32ad4164b5f
2021,logica,Logica,teste-antrenament,Test de antrenament 11,barem,2021-antrenament-11-general-barem.pdf,bac/2021/logica/teste-antrenament/2021-antrenament-11-general-barem.pdf,169626,78065b8c5fa39c2bc292cd952b3ad1a2b04bfe5e76b1f2649889b77c90e3390c
2021,logica,Logica,teste-antrenament,Test de antrenament 11,subiect,2021-antrenament-11-general-subiect.pdf,bac/2021/logica/teste-antrenament/2021-antrenament-11-general-subiect.pdf,199449,f56f587d2808f5906299ee513989dd724ed1a43723e202f9993532f3026c8a30
2021,logica,Logica,teste-antrenament,Test de antrenament 12,barem,2021-antrenament-12-general-barem.pdf,bac/2021/logica/teste-antrenament/2021-antrenament-12-general-barem.pdf,165109,ae095abed701cad45fc170767786425d6aebc26bf48a448ec3b24f6f7ffe100f
2021,logica,Logica,teste-antrenament,Test de antrenament 12,subiect,2021-antrenament-12-general-subiect.pdf,bac/2021/logica/teste-antrenament/2021-antrenament-12-general-subiect.pdf,202856,1ed23e58fd3a8e19573b58fbef87c799fcc37083a5bf0ede3da9c199c97eec82
2021,logica,Logica,variante-oficiale,Varianta oficiala 1,barem,2021-varianta-01-general-barem.pdf,bac/2021/logica/variante-oficiale/2021-varianta-01-general-barem.pdf,98575,f2c8e1bdb186655d90f617477af04f50b6c293186ecf01703d584371945632f9
2021,logica,Logica,variante-oficiale,Varianta oficiala 1,subiect,2021-varianta-01-general-subiect.pdf,bac/2021/logica/variante-oficiale/2021-varianta-01-general-subiect.pdf,200526,8fedfdf5e8213ee63e5320ada00adf97470f992162be30155967d0b9ffff2a3a
2021,logica,Logica,variante-oficiale,Varianta oficiala 4,barem,2021-varianta-04-general-barem.pdf,bac/2021/logica/variante-oficiale/2021-varianta-04-general-barem.pdf,77091,3b6453bcb270f74f24f0d2963445fbfc20a97a82f07d374f9c8296fa9bc87435
2021,logica,Logica,variante-oficiale,Varianta oficiala 4,subiect,2021-varianta-04-general-subiect.pdf,bac/2021/logica/variante-oficiale/2021-varianta-04-general-subiect.pdf,96846,de96010d15e0323c2be3a239a2dcd8a8f00933e344723eb0d7e9004cf53ca5c9
2022,filosofie,Filosofie,model,Model,barem,2022-model-general-barem.pdf,bac/2022/filosofie/model/2022-model-general-barem.pdf,277565,d79ab70cced3870bba8fe8161a8399e5e1051903ee7e203ec4cfd9bb68dac30e
2022,filosofie,Filosofie,model,Model,subiect,2022-model-general-subiect.pdf,bac/2022/filosofie/model/2022-model-general-subiect.pdf,322060,59c70375c95e7310fa401757b1f64027b0a81382a36c925a41bc63a91dbedba0
2022,filosofie,Filosofie,sesiune-august,Sesiunea august,barem,2022-august-general-barem.pdf,bac/2022/filosofie/sesiune-august/2022-august-general-barem.pdf,66290,b48608b3839917b027ffa86c670cfa2f0d18ff91e7ad0a8a06c44510a7dd04d0
2022,filosofie,Filosofie,sesiune-august,Sesiunea august,subiect,2022-august-general-subiect.pdf,bac/2022/filosofie/sesiune-august/2022-august-general-subiect.pdf,82907,565cd55d41f42e39ee9c42e7f74c3048a7cafa5381db0d8793827cb6c0e0a348
2022,filosofie,Filosofie,sesiune-iunie,Sesiunea iunie,barem,2022-iunie-general-barem.pdf,bac/2022/filosofie/sesiune-iunie/2022-iunie-general-barem.pdf,66332,611c55ffd79c20a17a6be9b77b4cabf349014ff176d6c3cf8959d4355e19df75
2022,filosofie,Filosofie,sesiune-iunie,Sesiunea iunie,subiect,2022-iunie-general-subiect.pdf,bac/2022/filosofie/sesiune-iunie/2022-iunie-general-subiect.pdf,88592,991d2a4de10f60cf283dfa34fb5bf27321494804be2f6b2a4bb52ee29f708bcb
2022,filosofie,Filosofie,simulare,Simulare,barem,2022-simulare-general-barem.pdf,bac/2022/filosofie/simulare/2022-simulare-general-barem.pdf,443758,90d830497a1852f808f5761d6d820471db1188d1efb9ca7b4f65a0c223391b88
2022,filosofie,Filosofie,simulare,Simulare,subiect,2022-simulare-general-subiect.pdf,bac/2022/filosofie/simulare/2022-simulare-general-subiect.pdf,158088,84a88d35e4ab85d25cb91bcb28ec7e2b4d3c6e3c907a5ced3032752895f17f02
2022,istorie,Istorie,model,Model,barem,2022-model-general-barem.pdf,bac/2022/istorie/model/2022-model-general-barem.pdf,123375,1e70f769fe06142fa53a34059cdc87edec27c8893e3633c075561d5a4d52970f
2022,istorie,Istorie,model,Model,subiect,2022-model-general-subiect.pdf,bac/2022/istorie/model/2022-model-general-subiect.pdf,120852,3a196d95c1f2a9b5a0cd507b61ca4d0654b15a474f368c990cf765f9def551bf
2022,istorie,Istorie,sesiune-august,Sesiunea august,barem,2022-august-general-barem.pdf,bac/2022/istorie/sesiune-august/2022-august-general-barem.pdf,104235,30421d27ffa2c397bf79fba60db0ca8206904f88daa66e842755f464786a7fa5
2022,istorie,Istorie,sesiune-august,Sesiunea august,subiect,2022-august-general-subiect.pdf,bac/2022/istorie/sesiune-august/2022-august-general-subiect.pdf,104149,6b0fa56723e58cd75324c875e71eda5be2f616093ac1bd59d5b1e5c3bc9ba5bb
2022,istorie,Istorie,sesiune-iunie,Sesiunea iunie,barem,2022-iunie-general-barem.pdf,bac/2022/istorie/sesiune-iunie/2022-iunie-general-barem.pdf,102513,7f84186b3e49d7aa6ee714067d709d9e960795a159f380b8af8069257ed32b67
2022,istorie,Istorie,sesiune-iunie,Sesiunea iunie,subiect,2022-iunie-general-subiect.pdf,bac/2022/istorie/sesiune-iunie/2022-iunie-general-subiect.pdf,203591,043d1e105b62774e731c6150e22ef81784862f44662e9983014108104aa2ea66
2022,istorie,Istorie,sesiune-speciala,Sesiunea speciala,barem,2022-speciala-general-barem.pdf,bac/2022/istorie/sesiune-speciala/2022-speciala-general-barem.pdf,202455,2ef32200d7d18b8262fe1f84c610e9393e1beede0b3383a1aa422b19d186f84d
2022,istorie,Istorie,sesiune-speciala,Sesiunea speciala,subiect,2022-speciala-general-subiect.pdf,bac/2022/istorie/sesiune-speciala/2022-speciala-general-subiect.pdf,202162,b1ff1bcc2af2b56aea1710249f85242d139a3586911226a6bd7c0fccb80573b2
2022,istorie,Istorie,simulare,Simulare,barem,2022-simulare-general-barem.pdf,bac/2022/istorie/simulare/2022-simulare-general-barem.pdf,198643,e5d4cabbcd7eea5437da77c4056cf3df5f7a740f48454faa6eca4ec5efa6b539
2022,istorie,Istorie,simulare,Simulare,subiect,2022-simulare-general-subiect.pdf,bac/2022/istorie/simulare/2022-simulare-general-subiect.pdf,200229,cd46b92a78cdd51251ef252b51662248c8ce542f851ed025e5b4d69a66dfb8ca
2022,logica,Logica,model,Model,barem,2022-model-general-barem.pdf,bac/2022/logica/model/2022-model-general-barem.pdf,298411,ff4e3af3b69cd773edcd4bb625c4ada36e929c301602cfafb816c47921f7a7c0
2022,logica,Logica,model,Model,subiect,2022-model-general-subiect.pdf,bac/2022/logica/model/2022-model-general-subiect.pdf,315355,6d764acc2e50743e7fabeb14149af2747715d8264e234bf480d4a82956a232c2
2022,logica,Logica,sesiune-august,Sesiunea august,barem,2022-august-general-barem.pdf,bac/2022/logica/sesiune-august/2022-august-general-barem.pdf,76910,8cc40bd2d2294c49d78953fed1f94f3d58fb5fe7a98b55c866f167aee6e5be5a
2022,logica,Logica,sesiune-august,Sesiunea august,subiect,2022-august-general-subiect.pdf,bac/2022/logica/sesiune-august/2022-august-general-subiect.pdf,98032,6d6fe511991f64388bb545b659f223e9bb2b79b04e4d3752f896b3506ac46e50
2022,logica,Logica,sesiune-iunie,Sesiunea iunie,barem,2022-iunie-general-barem.pdf,bac/2022/logica/sesiune-iunie/2022-iunie-general-barem.pdf,94833,2fe08db6f9b954e147257d13edba9736e07eae054cd17c746341772055a6274b
2022,logica,Logica,sesiune-iunie,Sesiunea iunie,subiect,2022-iunie-general-subiect.pdf,bac/2022/logica/sesiune-iunie/2022-iunie-general-subiect.pdf,97701,d2eaf08969c83bd2c24c6f862513ac6c8e8bd95b85892cb060b3566818f64bc2
2022,logica,Logica,sesiune-speciala,Sesiunea speciala,barem,2022-speciala-general-barem.pdf,bac/2022/logica/sesiune-speciala/2022-speciala-general-barem.pdf,371244,7988df2ccad08c45e82e273842a7e12d68d5c38e4fed9b7483df26cddb468425
2022,logica,Logica,sesiune-speciala,Sesiunea speciala,subiect,2022-speciala-general-subiect.pdf,bac/2022/logica/sesiune-speciala/2022-speciala-general-subiect.pdf,200335,c2201ea77cc8fa8650281f03e8ee8271d769c090ac79c2b3f43375ab2f8404ef
2022,logica,Logica,simulare,Simulare,barem,2022-simulare-general-barem.pdf,bac/2022/logica/simulare/2022-simulare-general-barem.pdf,303806,f933e2eaa2b87a2929db9c45beb6bf382893bcb5b76e65fb384366d82239b0c0
2022,logica,Logica,simulare,Simulare,subiect,2022-simulare-general-subiect.pdf,bac/2022/logica/simulare/2022-simulare-general-subiect.pdf,315734,12b80d4219c11e9ce5dade8cead9a7c3f755d6a7417c65b373dd1c7aa0dc11e0
2023,filosofie,Filosofie,model,Model,barem,2023-model-general-barem.pdf,bac/2023/filosofie/model/2023-model-general-barem.pdf,82542,1f6781e6068dc77eaa949824276870cc4610cc6735931fd883dd8182f7becfd0
2023,filosofie,Filosofie,model,Model,subiect,2023-model-general-subiect.pdf,bac/2023/filosofie/model/2023-model-general-subiect.pdf,294972,49ca10b0839b6feb1020f908a62999e06efff41b66f87bf2e802186f0651baa9
2023,filosofie,Filosofie,sesiune-august,Sesiunea august,barem,2023-august-filosofie-barem.pdf,bac/2023/filosofie/sesiune-august/2023-august-filosofie-barem.pdf,65459,5c43067a2606946ab8d8dff691d940a6326177e38b56ed4dfb97dffebedd86c1
2023,filosofie,Filosofie,sesiune-august,Sesiunea august,subiect,2023-august-filosofie-subiect.pdf,bac/2023/filosofie/sesiune-august/2023-august-filosofie-subiect.pdf,76583,ad1b588d1c0d003407e2ea3fecfaa43178e4541687c09a6a4301535af7782822
2023,filosofie,Filosofie,sesiune-iunie,Sesiunea iunie,barem,2023-iunie-filosofie-barem.pdf,bac/2023/filosofie/sesiune-iunie/2023-iunie-filosofie-barem.pdf,134024,108a65a07e2c321a0a2de49b93f468c27ad45e4ebf0d30e958c6fd014868c409
2023,filosofie,Filosofie,sesiune-iunie,Sesiunea iunie,subiect,2023-iunie-filosofie-subiect.pdf,bac/2023/filosofie/sesiune-iunie/2023-iunie-filosofie-subiect.pdf,148836,c9f2245e6c017791be6bc450457fa5647cf74bb390770f34a0690a350fea6454
2023,filosofie,Filosofie,simulare,Simulare,barem,2023-simulare-general-barem.pdf,bac/2023/filosofie/simulare/2023-simulare-general-barem.pdf,282343,a58a672c6e61da54e2ae6c63b5756ed34296fac89acbac4c070e92f8bb84e5ec
2023,filosofie,Filosofie,simulare,Simulare,subiect,2023-simulare-general-subiect.pdf,bac/2023/filosofie/simulare/2023-simulare-general-subiect.pdf,318969,dd7a48dc03d00dfd086ad918f399c0ad7ab15ac1ca610174f047762797073e61
2023,istorie,Istorie,model,Model,barem,2023-model-istorie-barem.pdf,bac/2023/istorie/model/2023-model-istorie-barem.pdf,206593,56124dec8bc11b8384bdb0a6589e0d9ba2fd8e6edd2cf7580999cd23cf842956
2023,istorie,Istorie,model,Model,subiect,2023-model-istorie-subiect.pdf,bac/2023/istorie/model/2023-model-istorie-subiect.pdf,197435,ce6e10ec65247b384b14250598b2ae5743bf6e52c36a30fab4951e9aba837444
2023,istorie,Istorie,sesiune-august,Sesiunea august,barem,2023-august-istorie-barem.pdf,bac/2023/istorie/sesiune-august/2023-august-istorie-barem.pdf,106895,0d56598b719134ee72e52df201ab137f79cbb78024be57c74af5950681934659
2023,istorie,Istorie,sesiune-august,Sesiunea august,subiect,2023-august-istorie-subiect.pdf,bac/2023/istorie/sesiune-august/2023-august-istorie-subiect.pdf,106766,c31f8e3124ffa676d74a7be43dabe9f09a3b9c34ebc4b3e26c36c09b69103e40
2023,istorie,Istorie,sesiune-iunie,Sesiunea iunie,barem,2023-iunie-istorie-barem.pdf,bac/2023/istorie/sesiune-iunie/2023-iunie-istorie-barem.pdf,104583,14aff06cd7dfb6143eb5dc469a5ec856fa4b80988c0ae9b0fdc3c8359c8f8e9c
2023,istorie,Istorie,sesiune-iunie,Sesiunea iunie,subiect,2023-iunie-istorie-subiect.pdf,bac/2023/istorie/sesiune-iunie/2023-iunie-istorie-subiect.pdf,104888,b101989e17e20294b83c7abffae3b8e0b4dd39e91f6022b1684d92a72c048ec3
2023,istorie,Istorie,sesiune-speciala,Sesiunea speciala,barem,2023-speciala-istorie-barem.pdf,bac/2023/istorie/sesiune-speciala/2023-speciala-istorie-barem.pdf,208817,a9d3014d8894295bc75a9acfc7cee4c2b0e77ef976f126e96c644a32855d6a3d
2023,istorie,Istorie,sesiune-speciala,Sesiunea speciala,subiect,2023-speciala-istorie-subiect.pdf,bac/2023/istorie/sesiune-speciala/2023-speciala-istorie-subiect.pdf,197240,64d16e9304e26ea7eaaf4173f11a7e1223a4fbdf4e197a03f9f091aa8fd5a757
2023,istorie,Istorie,simulare,Simulare,barem,2023-simulare-general-barem.pdf,bac/2023/istorie/simulare/2023-simulare-general-barem.pdf,201010,8f4376782147eba79a95c48e0cf207405192abdbea26ceabf1c8292104c55e73
2023,istorie,Istorie,simulare,Simulare,subiect,2023-simulare-general-subiect.pdf,bac/2023/istorie/simulare/2023-simulare-general-subiect.pdf,199082,11b1a21772cfe24d9d82abdd40edc5a94e9498c0a42f548152e89d3374e76bc3
2023,logica,Logica,model,Model,barem,2023-model-general-barem.pdf,bac/2023/logica/model/2023-model-general-barem.pdf,292977,ba9e4f32f6af0932e94e17467b9cc2fa4da69dc8fc00ab9c3a422da47b1ce4c0
2023,logica,Logica,model,Model,subiect,2023-model-general-subiect.pdf,bac/2023/logica/model/2023-model-general-subiect.pdf,302694,6f309424c6bf75c3f523d8fa367d7e9a7b4edb60667921cd52be3c9800f984ea
2023,logica,Logica,rezerva-iunie,Rezerva iunie,barem,2023-iunie-rezerva-logica-barem.pdf,bac/2023/logica/rezerva-iunie/2023-iunie-rezerva-logica-barem.pdf,186232,5ff1d38eedf4de07f510ae2f110fcd003d97590171aa07a33252eb140d7d7dc5
2023,logica,Logica,rezerva-iunie,Rezerva iunie,subiect,2023-iunie-rezerva-logica-subiect.pdf,bac/2023/logica/rezerva-iunie/2023-iunie-rezerva-logica-subiect.pdf,179084,01c597b89d88c616420dcd782553480830417c13086d84d23c81078cba329e1a
2023,logica,Logica,sesiune-august,Sesiunea august,barem,2023-august-logica-barem.pdf,bac/2023/logica/sesiune-august/2023-august-logica-barem.pdf,84035,a271142e3a9a40082ead0bc09c2b71142481dcc84027136ea677f42fc931eb7a
2023,logica,Logica,sesiune-august,Sesiunea august,subiect,2023-august-logica-subiect.pdf,bac/2023/logica/sesiune-august/2023-august-logica-subiect.pdf,78904,b32eb99e7e6d9bc8ca2f3689cabae6461f2c8952043e1ac84b6fd5c497c125f3
2023,logica,Logica,sesiune-iunie,Sesiunea iunie,barem,2023-iunie-logica-barem.pdf,bac/2023/logica/sesiune-iunie/2023-iunie-logica-barem.pdf,189831,6aeeb50db7d0ff7ffc324c6c5083c936c425714d5db73aa6edb2a8f5eb329ada
2023,logica,Logica,sesiune-iunie,Sesiunea iunie,subiect,2023-iunie-logica-subiect.pdf,bac/2023/logica/sesiune-iunie/2023-iunie-logica-subiect.pdf,176957,b09d4b4a8112428963535857a67b8ede58336f505072dd5b21fa03b626ca29e4
2023,logica,Logica,sesiune-speciala,Sesiunea speciala,barem,2023-speciala-logica-barem.pdf,bac/2023/logica/sesiune-speciala/2023-speciala-logica-barem.pdf,88778,f1ae36b44f6c9d1e1ffbb276ee7996e4f7a8f941d621851e3c6746de7948a922
2023,logica,Logica,sesiune-speciala,Sesiunea speciala,subiect,2023-speciala-logica-subiect.pdf,bac/2023/logica/sesiune-speciala/2023-speciala-logica-subiect.pdf,78745,639ec402c0a7930b643d1eb83a7503fa7ce24c8ca048302c60dd6575b046a669
2023,logica,Logica,simulare,Simulare,barem,2023-simulare-general-barem.pdf,bac/2023/logica/simulare/2023-simulare-general-barem.pdf,290006,244fc1a455f6ce465f852bbfa85757c35ad48caaf22d0466d3ad0a595a85b089
2023,logica,Logica,simulare,Simulare,subiect,2023-simulare-general-subiect.pdf,bac/2023/logica/simulare/2023-simulare-general-subiect.pdf,315399,7b9bc242cb160c9468da2fe47bfd2e22fb7f23ef232da6b1164c769fe9be8296
2024,filosofie,Filosofie,model,Model,barem,2024-model-general-barem.pdf,bac/2024/filosofie/model/2024-model-general-barem.pdf,108196,66cce71994d9597b4728bb52571d46e0458f43980176356bdb15d0b2468b5ca7
2024,filosofie,Filosofie,model,Model,subiect,2024-model-general-subiect.pdf,bac/2024/filosofie/model/2024-model-general-subiect.pdf,146323,2cdca90341b2ebab05e8c266d1181a3533fb39579f82682e083b260434337165
2024,filosofie,Filosofie,sesiune-august,Sesiunea august,barem,2024-august-filosofie-barem.pdf,bac/2024/filosofie/sesiune-august/2024-august-filosofie-barem.pdf,54637,f5bb530718dc53c2c88782e828987ce73a9f55c328f97669b0094b5af2ac85aa
2024,filosofie,Filosofie,sesiune-august,Sesiunea august,subiect,2024-august-filosofie-subiect.pdf,bac/2024/filosofie/sesiune-august/2024-august-filosofie-subiect.pdf,75034,59b3438228138cb44451c108734ea45d43ea56cb3a27b19743db99d8f0ea072c
2024,filosofie,Filosofie,sesiune-iunie,Sesiunea iunie,barem,2024-iunie-filosofie-barem.pdf,bac/2024/filosofie/sesiune-iunie/2024-iunie-filosofie-barem.pdf,135861,3666e71c48186477640950cabf9cb134079d3572d8a1beb683f612d7998d80a0
2024,filosofie,Filosofie,sesiune-iunie,Sesiunea iunie,subiect,2024-iunie-filosofie-subiect.pdf,bac/2024/filosofie/sesiune-iunie/2024-iunie-filosofie-subiect.pdf,149821,7dcf75e0d0effaa8d9800edb95f1230ed0adeec3f6bc2673d7e997cc983bd088
2024,filosofie,Filosofie,simulare,Simulare,barem,2024-simulare-general-barem.pdf,bac/2024/filosofie/simulare/2024-simulare-general-barem.pdf,109185,bb518e1fd85874837bcdccb96439343d44b6f709e41111bd97008fec24f05809
2024,filosofie,Filosofie,simulare,Simulare,subiect,2024-simulare-general-subiect.pdf,bac/2024/filosofie/simulare/2024-simulare-general-subiect.pdf,296085,05a70eb2a688695f2b5aea4fa9aa444ff3d6d34f8358a85a082e7fb76feea696
2024,istorie,Istorie,model,Model,barem,2024-model-istorie-barem.pdf,bac/2024/istorie/model/2024-model-istorie-barem.pdf,194489,d248dc553fa83c2d98f36d3def378130f7b1625b7b0dff82a50883b25e310a4c
2024,istorie,Istorie,model,Model,subiect,2024-model-istorie-subiect.pdf,bac/2024/istorie/model/2024-model-istorie-subiect.pdf,198886,29349871c6803d2e505ca7d162af8aee36d96c356db68b03f9df9b07bdc90358
2024,istorie,Istorie,rezerva-iunie,Rezerva iunie,barem,2024-iunie-rezerva-istorie-barem.pdf,bac/2024/istorie/rezerva-iunie/2024-iunie-rezerva-istorie-barem.pdf,236728,b949dd62704638c0337ec3c82ac5e0af9139bc3dc216af10d11c3ff38c4aaa20
2024,istorie,Istorie,rezerva-iunie,Rezerva iunie,subiect,2024-iunie-rezerva-istorie-subiect.pdf,bac/2024/istorie/rezerva-iunie/2024-iunie-rezerva-istorie-subiect.pdf,201811,5d7800d4c8957bfcddcfda47aeea97104cd9ab8b1c47537f66c915331157a1f7
2024,istorie,Istorie,sesiune-august,Sesiunea august,barem,2024-august-istorie-barem.pdf,bac/2024/istorie/sesiune-august/2024-august-istorie-barem.pdf,197100,3a28cc6c67350c222878da5bdf94570761e463deb1928572ccc6ada5b3d7e736
2024,istorie,Istorie,sesiune-august,Sesiunea august,subiect,2024-august-istorie-subiect.pdf,bac/2024/istorie/sesiune-august/2024-august-istorie-subiect.pdf,201608,eed0436101b923a7c46e675dfe471175f2ac75eddd8159b0f78e1cd7ef109d1b
2024,istorie,Istorie,sesiune-iunie,Sesiunea iunie,barem,2024-iunie-istorie-barem.pdf,bac/2024/istorie/sesiune-iunie/2024-iunie-istorie-barem.pdf,201338,9f4ff254930e3b1b8d0517a9f28f83c5973dd138b7fccd49d8297dbe77ce014a
2024,istorie,Istorie,sesiune-iunie,Sesiunea iunie,subiect,2024-iunie-istorie-subiect.pdf,bac/2024/istorie/sesiune-iunie/2024-iunie-istorie-subiect.pdf,205270,94b263f80c8ec86fe069309ba18684b5e4107939551f6955e43cc74732b49039
2024,istorie,Istorie,sesiune-speciala,Sesiunea speciala,barem,2024-speciala-istorie-barem.pdf,bac/2024/istorie/sesiune-speciala/2024-speciala-istorie-barem.pdf,209032,67e45e6f770a569b42cc5c11f302a013e3c7b1bffe69223c632d17ad6389f618
2024,istorie,Istorie,sesiune-speciala,Sesiunea speciala,subiect,2024-speciala-istorie-subiect.pdf,bac/2024/istorie/sesiune-speciala/2024-speciala-istorie-subiect.pdf,203631,df4da8f6445024f69813db5b077f5c7fe63344aa38193fd4e0a2cac1f23d0380
2024,istorie,Istorie,simulare,Simulare,barem,2024-simulare-general-barem.pdf,bac/2024/istorie/simulare/2024-simulare-general-barem.pdf,192977,1e8281b4cc56821bef85426e7ca6d0c8cec70cacf5473f4bd62587acd51cddde
2024,istorie,Istorie,simulare,Simulare,subiect,2024-simulare-general-subiect.pdf,bac/2024/istorie/simulare/2024-simulare-general-subiect.pdf,199876,c7cf8daf1ab2f02e114c425b57878a012f3e5f6b4526e53ae0b8f645e5da7a8c
2024,logica,Logica,model,Model,barem,2024-model-general-barem.pdf,bac/2024/logica/model/2024-model-general-barem.pdf,237329,39fcf9debbdab63b7e9bca734a96fa551ba19c1533a072fb2312ba2ed664a109
2024,logica,Logica,model,Model,subiect,2024-model-general-subiect.pdf,bac/2024/logica/model/2024-model-general-subiect.pdf,154867,af33e2cb5f0dee3d12abe84e67d8c58fbcdc27f5714c135e56bf8c0a9b43a8fc
2024,logica,Logica,sesiune-august,Sesiunea august,barem,2024-august-logica-barem.pdf,bac/2024/logica/sesiune-august/2024-august-logica-barem.pdf,98016,58ee0e2bd0d88f30ac56a1f6bf5a36f69aec90a7183bce472da420b9fe432f2e
2024,logica,Logica,sesiune-august,Sesiunea august,subiect,2024-august-logica-subiect.pdf,bac/2024/logica/sesiune-august/2024-august-logica-subiect.pdf,78506,6e139444bae8256f13f009ac46a3fc0af42a6b9fe0fcbd18e1650ed2246e4ff8
2024,logica,Logica,sesiune-iunie,Sesiunea iunie,barem,2024-iunie-logica-barem.pdf,bac/2024/logica/sesiune-iunie/2024-iunie-logica-barem.pdf,194968,bf9f0e78f83338aa8427e821228318c2bbbee1ae75f816b8e870ea3b67d1c476
2024,logica,Logica,sesiune-iunie,Sesiunea iunie,subiect,2024-iunie-logica-subiect.pdf,bac/2024/logica/sesiune-iunie/2024-iunie-logica-subiect.pdf,156374,01855d62a255523eee6fb93d52e4c9c52d8e7adba52efa655da89b207d398e63
2024,logica,Logica,sesiune-speciala,Sesiunea speciala,barem,2024-speciala-logica-barem.pdf,bac/2024/logica/sesiune-speciala/2024-speciala-logica-barem.pdf,219853,daf021a6b230fb0fd48dcd4d775cc43639fc366c8bb012a2738ef7fd209e2921
2024,logica,Logica,sesiune-speciala,Sesiunea speciala,subiect,2024-speciala-logica-subiect.pdf,bac/2024/logica/sesiune-speciala/2024-speciala-logica-subiect.pdf,179640,244c36aa37fa60e15b4f998a07a7f49cea6d373fb059ef317e3570190f0c0d55
2024,logica,Logica,simulare,Simulare,barem,2024-simulare-general-barem.pdf,bac/2024/logica/simulare/2024-simulare-general-barem.pdf,225333,ec4eeb5f672bc7ca3a27f21ab55e03ea5d9c5f4ff839c7f066e4b690cd1ae983
2024,logica,Logica,simulare,Simulare,subiect,2024-simulare-general-subiect.pdf,bac/2024/logica/simulare/2024-simulare-general-subiect.pdf,304663,88fc76529b4f7a3d1c06ba98628113589462d74b62a42bb2f0030d08b143c185
2025,filosofie,Filosofie,model,Model,barem,2025-model-general-barem.pdf,bac/2025/filosofie/model/2025-model-general-barem.pdf,109491,a75eae8a37adfffff6906a42dc085d33113c43c8438d30b9a3527eece44cecba
2025,filosofie,Filosofie,model,Model,subiect,2025-model-general-subiect.pdf,bac/2025/filosofie/model/2025-model-general-subiect.pdf,146763,f2ec800defe948650ead7ecbaf73c2639c9548c0b14f0d5c155aa2f539c12e47
2025,filosofie,Filosofie,sesiune-august,Sesiunea august,barem,2025-august-general-barem.pdf,bac/2025/filosofie/sesiune-august/2025-august-general-barem.pdf,67779,448c46a7fd9b74ad2bccce3311af4488c96efd6652452a327d1482e0c31c84af
2025,filosofie,Filosofie,sesiune-august,Sesiunea august,subiect,2025-august-general-subiect.pdf,bac/2025/filosofie/sesiune-august/2025-august-general-subiect.pdf,76628,f1e752593e617b21ea631bbebc5b25e68904011d7816407f35b403fa3ec7d11d
2025,filosofie,Filosofie,sesiune-iunie,Sesiunea iunie,barem,2025-iunie-general-barem.pdf,bac/2025/filosofie/sesiune-iunie/2025-iunie-general-barem.pdf,54944,a2904963bbeba8b78f1184f2814a67f2d855a3a28a2a64f8ba96858a50f520d0
2025,filosofie,Filosofie,sesiune-iunie,Sesiunea iunie,subiect,2025-iunie-general-subiect.pdf,bac/2025/filosofie/sesiune-iunie/2025-iunie-general-subiect.pdf,80442,dd6239c7e1f0c38ea6094770ba78e2f905835ada9885bbe090fd4c0c7bcf4ff1
2025,filosofie,Filosofie,simulare,Simulare,barem,2025-simulare-general-barem.pdf,bac/2025/filosofie/simulare/2025-simulare-general-barem.pdf,109150,7b05614e141b2ee7096c6ca175da170d9a9eedd9b82c2f101118390df491cd0f
2025,filosofie,Filosofie,simulare,Simulare,subiect,2025-simulare-general-subiect.pdf,bac/2025/filosofie/simulare/2025-simulare-general-subiect.pdf,152530,f2f9a76f1a73edda7c0d076eb837d3cb37a4984e87fc0bbf7d1393e98ca1d99f
2025,istorie,Istorie,model,Model,barem,2025-model-istorie-barem.pdf,bac/2025/istorie/model/2025-model-istorie-barem.pdf,221345,15577eed4c830cb077b130ab5571a1458a326b7e20f95e667e02f4f00cb87523
2025,istorie,Istorie,model,Model,subiect,2025-model-istorie-subiect.pdf,bac/2025/istorie/model/2025-model-istorie-subiect.pdf,202972,794cd082d0c82e5a302ab438b413323809fe901392e8ce4110c1ad0ec28cf6d0
2025,istorie,Istorie,rezerva-iunie,Rezerva iunie,barem,2025-iunie-rezerva-general-barem.pdf,bac/2025/istorie/rezerva-iunie/2025-iunie-rezerva-general-barem.pdf,201983,e99edcfb93489e2d8a57f13e8c75e565eec3b7e20f409dc90cd16aad3a2e7aeb
2025,istorie,Istorie,rezerva-iunie,Rezerva iunie,subiect,2025-iunie-rezerva-general-subiect.pdf,bac/2025/istorie/rezerva-iunie/2025-iunie-rezerva-general-subiect.pdf,203203,00dc3bad020ffe6ae33888468149996837d6735c1ce1b9e450d74d43cd0aaf4c
2025,istorie,Istorie,sesiune-august,Sesiunea august,barem,2025-august-general-barem.pdf,bac/2025/istorie/sesiune-august/2025-august-general-barem.pdf,196258,447b3d74104efc2cac72e1bf6667f1d39f3e07a0158e8e0f02fa5635a65fb9cd
2025,istorie,Istorie,sesiune-august,Sesiunea august,subiect,2025-august-general-subiect.pdf,bac/2025/istorie/sesiune-august/2025-august-general-subiect.pdf,200538,626195845279411d4b2de574403deedb5c222c2add7900bb41c4a8daa6df021e
2025,istorie,Istorie,sesiune-iunie,Sesiunea iunie,barem,2025-iunie-general-barem.pdf,bac/2025/istorie/sesiune-iunie/2025-iunie-general-barem.pdf,199660,f8d662f28637e299e1125adfb04e9a5fff0610ecb7a3667250b5b9cdb1e0fa91
2025,istorie,Istorie,sesiune-iunie,Sesiunea iunie,subiect,2025-iunie-general-subiect.pdf,bac/2025/istorie/sesiune-iunie/2025-iunie-general-subiect.pdf,200172,86af600344671ad45087f2f91d4c5e270c7fab898c462b90fb7e5188ee1c5145
2025,istorie,Istorie,sesiune-speciala,Sesiunea speciala,barem,2025-speciala-general-barem.pdf,bac/2025/istorie/sesiune-speciala/2025-speciala-general-barem.pdf,201047,d8b8bf7b8b55dc302a7534ba8c8dad25ca5259a796026170fc403429c98852e3
2025,istorie,Istorie,sesiune-speciala,Sesiunea speciala,subiect,2025-speciala-general-subiect.pdf,bac/2025/istorie/sesiune-speciala/2025-speciala-general-subiect.pdf,201776,5864c3d4fe93bc360628f31838024c0f3d02870d2fe1eca1dbcd3df4f05a3299
2025,istorie,Istorie,simulare,Simulare,barem,2025-simulare-general-barem.pdf,bac/2025/istorie/simulare/2025-simulare-general-barem.pdf,198258,f9d25b4f83322a66a6df09e2d95d9846fe1e57053c83c389816a77b5d9ff0b74
2025,istorie,Istorie,simulare,Simulare,subiect,2025-simulare-general-subiect.pdf,bac/2025/istorie/simulare/2025-simulare-general-subiect.pdf,206047,4502e568fb9982758817df982ff0d106fcc340cf638545fa5a7bee62e70aa4c9
2025,logica,Logica,model,Model,barem,2025-model-general-barem.pdf,bac/2025/logica/model/2025-model-general-barem.pdf,385146,feb2b078a981ea7dd441d0381c9ca47aaf524bf43f79b3b54528bd757d8f518c
2025,logica,Logica,model,Model,subiect,2025-model-general-subiect.pdf,bac/2025/logica/model/2025-model-general-subiect.pdf,303317,562cb15d9eef1fb13ec4bdddb38d24c93967d509774a43122d9752cd9328752d
2025,logica,Logica,sesiune-august,Sesiunea august,barem,2025-august-general-barem.pdf,bac/2025/logica/sesiune-august/2025-august-general-barem.pdf,98409,9ed0c7c45f0c955debe9af5c465d49c76d8d93a652181aa28315dc5ae4b89f10
2025,logica,Logica,sesiune-august,Sesiunea august,subiect,2025-august-general-subiect.pdf,bac/2025/logica/sesiune-august/2025-august-general-subiect.pdf,119701,c19a1466a18a6b67647ead459d05dc7c808b64f4357249a8274a88e33e288171
2025,logica,Logica,sesiune-iunie,Sesiunea iunie,barem,2025-iunie-general-barem.pdf,bac/2025/logica/sesiune-iunie/2025-iunie-general-barem.pdf,98465,41d982666c3a5887de670e885d5de0155e73545b92ad842b8eb6fea84ac04929
2025,logica,Logica,sesiune-iunie,Sesiunea iunie,subiect,2025-iunie-general-subiect.pdf,bac/2025/logica/sesiune-iunie/2025-iunie-general-subiect.pdf,79442,7a8a0cfb30cb8731c5f65f97caed37bcec0a18afc9cbfb780c6981ab0bef27a8
2025,logica,Logica,sesiune-speciala,Sesiunea speciala,barem,2025-speciala-general-barem.pdf,bac/2025/logica/sesiune-speciala/2025-speciala-general-barem.pdf,99109,9b8211fdbef2970a3bdce29a6e7e37dd56b046cfffb4ee20a8995117fde9cc38
2025,logica,Logica,sesiune-speciala,Sesiunea speciala,subiect,2025-speciala-general-subiect.pdf,bac/2025/logica/sesiune-speciala/2025-speciala-general-subiect.pdf,79837,5ea2749fa9f27a8f7527048578d3e2585110fc919f575a244f4928f4a3a4ea73
2025,logica,Logica,simulare,Simulare,barem,2025-simulare-general-barem.pdf,bac/2025/logica/simulare/2025-simulare-general-barem.pdf,193875,821b408876c448f5cf25881aaaaf85a6233095e019ee5922c6ef0495b9ebe1ea
2025,logica,Logica,simulare,Simulare,subiect,2025-simulare-general-subiect.pdf,bac/2025/logica/simulare/2025-simulare-general-subiect.pdf,154913,0e5ffa7a26d7f89355a375b102c47c0a59139fef92aa4de8fc6f329c73429b72
2026,filosofie,Filosofie,model,Model,barem,2026-model-general-barem.pdf,bac/2026/filosofie/model/2026-model-general-barem.pdf,108736,f5e6c8cadda04c759987b79eca0463005746227a3497b3ee4927dcab81a6b237
2026,filosofie,Filosofie,model,Model,subiect,2026-model-general-subiect.pdf,bac/2026/filosofie/model/2026-model-general-subiect.pdf,151994,c9a7b164a7117db6b8c90fbd35c3d0969c3b322dff708c4e2fa3e900ad8aec11
2026,filosofie,Filosofie,sesiune-august,Sesiunea august,barem,2026-august-general-barem.pdf,bac/2026/filosofie/sesiune-august/2026-august-general-barem.pdf,100154,97330bf816ec2e3c0303a6fe62d24bb828e38da57b6a64bb87a3ed2b40826421
2026,filosofie,Filosofie,sesiune-august,Sesiunea august,subiect,2026-august-general-subiect.pdf,bac/2026/filosofie/sesiune-august/2026-august-general-subiect.pdf,133926,ffb055a59dfaca600af3a8bffc7496fa20202ed442b57002fed2a744229b2595
2026,filosofie,Filosofie,sesiune-iunie,Sesiunea iunie,barem,2026-iunie-general-barem.pdf,bac/2026/filosofie/sesiune-iunie/2026-iunie-general-barem.pdf,54035,2785edb4822830c03a917dca39c0928239e094a101b25b0bcf72d6e25caab00c
2026,filosofie,Filosofie,sesiune-iunie,Sesiunea iunie,subiect,2026-iunie-general-subiect.pdf,bac/2026/filosofie/sesiune-iunie/2026-iunie-general-subiect.pdf,72860,a0ea5724d070d1ad89d338505a58a54a57becbf8285b1241b4c3f5cd01d78220
2026,filosofie,Filosofie,simulare,Simulare,barem,2026-simulare-general-barem.pdf,bac/2026/filosofie/simulare/2026-simulare-general-barem.pdf,120374,1503fd9f000bf85c87226e8b0b25669c5c8ee7237e64767f8d9de612eaa721e5
2026,filosofie,Filosofie,simulare,Simulare,subiect,2026-simulare-general-subiect.pdf,bac/2026/filosofie/simulare/2026-simulare-general-subiect.pdf,159004,43fbc2ad834d614bb2e5310e65c89f395a7aa54fa446729f0ef8808b5ee440f8
2026,istorie,Istorie,model,Model,barem,2026-model-istorie-barem.pdf,bac/2026/istorie/model/2026-model-istorie-barem.pdf,209455,0bc82400087d24eefd3dfc9944e8a6c3130d7e9732e67eb533c7185b92bcc61d
2026,istorie,Istorie,model,Model,subiect,2026-model-istorie-subiect.pdf,bac/2026/istorie/model/2026-model-istorie-subiect.pdf,203072,82fad7fed5929c8bbdb84edf62a104028040bb345051b093d9c6b20acb75c11a
2026,istorie,Istorie,rezerva-iunie,Rezerva iunie,barem,2026-iunie-rezerva-general-barem.pdf,bac/2026/istorie/rezerva-iunie/2026-iunie-rezerva-general-barem.pdf,111001,797bcd8ba17af0ef3dc54ff32da9cc842a994e78519bb4a8f9d66a3bebd0d37b
2026,istorie,Istorie,rezerva-iunie,Rezerva iunie,subiect,2026-iunie-rezerva-general-subiect.pdf,bac/2026/istorie/rezerva-iunie/2026-iunie-rezerva-general-subiect.pdf,106249,ca046dcff855c7ab776da13b2eebd750cf77fa92d3d15a64dd1421b9a092c3a3
2026,istorie,Istorie,sesiune-august,Sesiunea august,barem,2026-august-general-barem.pdf,bac/2026/istorie/sesiune-august/2026-august-general-barem.pdf,110710,0f227d8ea2218f70ac7dc12757f8a6d5e9728cb79c9bf20da514859a751b844f
2026,istorie,Istorie,sesiune-august,Sesiunea august,subiect,2026-august-general-subiect.pdf,bac/2026/istorie/sesiune-august/2026-august-general-subiect.pdf,105208,2aec94c36dbb0f3118bd063f1c10cd45ce9c8b3163c43c522b371d433ec5765d
2026,istorie,Istorie,sesiune-iunie,Sesiunea iunie,barem,2026-iunie-general-barem.pdf,bac/2026/istorie/sesiune-iunie/2026-iunie-general-barem.pdf,104758,aeb5e02cedaebcd7292e8ff6b4b8e255bc7ceac5bd79bf56a9c1d0ef9f42b544
2026,istorie,Istorie,sesiune-iunie,Sesiunea iunie,subiect,2026-iunie-general-subiect.pdf,bac/2026/istorie/sesiune-iunie/2026-iunie-general-subiect.pdf,104132,5421b0ef7ca5e7f1b20ce8ba8f236cd90c4ced136ebc9346f032b05c362145d2
2026,istorie,Istorie,sesiune-speciala,Sesiunea speciala,barem,2026-speciala-general-barem.pdf,bac/2026/istorie/sesiune-speciala/2026-speciala-general-barem.pdf,105189,2891f65aee38a18e8e586eac0f8ff43d9e60d4db3d56c15fe8a183609949a8c1
2026,istorie,Istorie,sesiune-speciala,Sesiunea speciala,subiect,2026-speciala-general-subiect.pdf,bac/2026/istorie/sesiune-speciala/2026-speciala-general-subiect.pdf,105054,e565bb2b9c87014d13a5c72a697d6f832b284feb128ef9a3842a3e6362a17878
2026,istorie,Istorie,simulare,Simulare,barem,2026-simulare-general-barem.pdf,bac/2026/istorie/simulare/2026-simulare-general-barem.pdf,195766,10ddfc25e555e7003d7f50dab5a6b1da176b533ceb77da2bcc5480913e68ae59
2026,istorie,Istorie,simulare,Simulare,subiect,2026-simulare-general-subiect.pdf,bac/2026/istorie/simulare/2026-simulare-general-subiect.pdf,200197,72e21fcb199e39dbc6d626cdd32bfc5883b8e9e30cd7eb06ab351c8c118a4ec1
2026,logica,Logica,model,Model,barem,2026-model-general-barem.pdf,bac/2026/logica/model/2026-model-general-barem.pdf,194054,c0475ba3fd9ebd96b54cdef86ee46eb2968521ab1cec00673bb6f7d4616ff991
2026,logica,Logica,model,Model,subiect,2026-model-general-subiect.pdf,bac/2026/logica/model/2026-model-general-subiect.pdf,155444,d0b1f2cf383ef679ff2e5a34ebc6a70238c4dbdb5021b20c960304cc6e206191
2026,logica,Logica,rezerva-iunie,Rezerva iunie,barem,2026-iunie-rezerva-general-barem.pdf,bac/2026/logica/rezerva-iunie/2026-iunie-rezerva-general-barem.pdf,98283,3a93ceeeed866ec2b60fafb1174d274abefa3570541e47c86179d0c28764e90d
2026,logica,Logica,rezerva-iunie,Rezerva iunie,subiect,2026-iunie-rezerva-general-subiect.pdf,bac/2026/logica/rezerva-iunie/2026-iunie-rezerva-general-subiect.pdf,80146,de2ca099b3792e18a901c8389efa31e0275a56d54b9f1f9843f80a580f095308
2026,logica,Logica,sesiune-august,Sesiunea august,barem,2026-august-general-barem.pdf,bac/2026/logica/sesiune-august/2026-august-general-barem.pdf,174553,d2bb0a63be9abec5eaceaeef6b3c553fa53ffee1d6e2027c247c947544a2cffc
2026,logica,Logica,sesiune-august,Sesiunea august,subiect,2026-august-general-subiect.pdf,bac/2026/logica/sesiune-august/2026-august-general-subiect.pdf,149920,378928c9f5cb59b3abc789138cb77a5a6b9f271b0bc9c7c7549138cd2b7c5c2d
2026,logica,Logica,sesiune-iunie,Sesiunea iunie,barem,2026-iunie-general-barem.pdf,bac/2026/logica/sesiune-iunie/2026-iunie-general-barem.pdf,194406,27add4be27cca9c060b610aa3798b258cd71441e3af0e1351769c8467fb0f995
2026,logica,Logica,sesiune-iunie,Sesiunea iunie,subiect,2026-iunie-general-subiect.pdf,bac/2026/logica/sesiune-iunie/2026-iunie-general-subiect.pdf,78456,fda9735d8b54023d031f3e6bae1a1d5e9d3199b614b7345478291424f1993d35
2026,logica,Logica,sesiune-speciala,Sesiunea speciala,barem,2026-speciala-general-barem.pdf,bac/2026/logica/sesiune-speciala/2026-speciala-general-barem.pdf,97718,13dd2b64076b86bd5dbde97d4bff1a19dc79e3f83407a0196259e33bb66f0103
2026,logica,Logica,sesiune-speciala,Sesiunea speciala,subiect,2026-speciala-general-subiect.pdf,bac/2026/logica/sesiune-speciala/2026-speciala-general-subiect.pdf,120718,755b26897b2cb90f5fba97eb4702db9791f58b9ff53cc17961ab528d39878fc7
2026,logica,Logica,simulare,Simulare,barem,2026-simulare-general-barem.pdf,bac/2026/logica/simulare/2026-simulare-general-barem.pdf,194299,4847befceaaa77c6063d903103435e4e66fc80d03d1ce588c5622e080caf599b
2026,logica,Logica,simulare,Simulare,subiect,2026-simulare-general-subiect.pdf,bac/2026/logica/simulare/2026-simulare-general-subiect.pdf,155821,7c5cffb37402264bdb59b99432d487ba9295cb1dfee823d304bb2c179092fc68
